{"type":"FeatureCollection","metadata":{"source":"OpenStreetMap (© OpenStreetMap contributors, ODbL) via Overpass; scripts/import-osm.ts","osmTimestamp":"2026-09-26T03:20:23Z","generatedAt":"2026-09-26T19:20:39.540Z","note":"Includes 2 added track pieces from added-track.geojson"},"features":[{"type":"Feature","properties":{"type":"segment","id":"w1.0","kind":"main","lines":["expo"],"from":"n289","to":"n298","length":605.19,"osmWay":1,"name":"SkyTrain Expo Line","layer":-1,"tunnel":true},"geometry":{"type":"LineString","coordinates":[[-122.8972903,49.2111236],[-122.8980812,49.2105554],[-122.8988201,49.2099604],[-122.8989816,49.2098199],[-122.8993682,49.2094834],[-122.9013629,49.2073637],[-122.9015087,49.2072164],[-122.9017636,49.2069864],[-122.9019668,49.206826],[-122.9021434,49.2067208]]}},{"type":"Feature","properties":{"type":"segment","id":"w2.0","kind":"main","lines":["expo"],"from":"n298","to":"n1","length":173.06,"osmWay":2,"name":"SkyTrain Expo Line","maxspeed":25},"geometry":{"type":"LineString","coordinates":[[-122.9021434,49.2067208],[-122.9023951,49.2065975],[-122.9028478,49.2064294],[-122.9030863,49.2063345],[-122.9033364,49.206225],[-122.9037144,49.2060345],[-122.904073,49.2058171]]}},{"type":"Feature","properties":{"type":"segment","id":"w3.0","kind":"main","lines":["expo"],"from":"n2","to":"n305","length":86.75,"osmWay":3,"name":"SkyTrain Expo Line","maxspeed":70},"geometry":{"type":"LineString","coordinates":[[-122.904045,49.2057921],[-122.903553,49.206043],[-122.9030896,49.2062598]]}},{"type":"Feature","properties":{"type":"segment","id":"w4.0","kind":"main","lines":["expo"],"from":"n306","to":"n328","length":755.34,"osmWay":4,"name":"SkyTrain Expo Line","maxspeed":90,"layer":2,"bridge":true},"geometry":{"type":"LineString","coordinates":[[-123.0691635,49.2568229],[-123.0691634,49.2567211],[-123.0691601,49.256569],[-123.0691497,49.2564172],[-123.0691408,49.2563266],[-123.0691288,49.2562404],[-123.0691071,49.2561308],[-123.0690654,49.2559836],[-123.0690017,49.2557637],[-123.0689231,49.2555893],[-123.068824,49.2553898],[-123.0687386,49.2552287],[-123.0686014,49.2550323],[-123.0684528,49.2548451],[-123.0682901,49.2546659],[-123.0681298,49.2545026],[-123.0674847,49.2539986],[-123.0661173,49.2529506],[-123.0657192,49.2526503],[-123.0652955,49.2523436],[-123.0648618,49.2520681],[-123.0642939,49.2517773],[-123.0634974,49.25143]]}},{"type":"Feature","properties":{"type":"segment","id":"w5.0","kind":"main","lines":["expo"],"from":"n329","to":"n3","length":258.5,"osmWay":5,"name":"SkyTrain Expo Line","maxspeed":60,"layer":-2,"tunnel":true},"geometry":{"type":"LineString","coordinates":[[-123.1122005,49.2862207],[-123.112959,49.2865308],[-123.115285,49.2873844]]}},{"type":"Feature","properties":{"type":"segment","id":"w6.0","kind":"main","lines":["expo"],"from":"n3","to":"n4","length":139.6,"osmWay":6,"name":"SkyTrain Expo Line","maxspeed":60,"layer":-2,"tunnel":true},"geometry":{"type":"LineString","coordinates":[[-123.115285,49.2873844],[-123.1157838,49.2875671],[-123.1159034,49.2876127],[-123.11603,49.2876476],[-123.1170394,49.2878921]]}},{"type":"Feature","properties":{"type":"segment","id":"w7.0","kind":"main","lines":["expo"],"from":"n4","to":"n335","length":63.1,"osmWay":7,"name":"SkyTrain Expo Line","maxspeed":60,"layer":-2,"tunnel":true},"geometry":{"type":"LineString","coordinates":[[-123.1170394,49.2878921],[-123.1173379,49.2879588],[-123.117876,49.2880462]]}},{"type":"Feature","properties":{"type":"segment","id":"w8.0","kind":"main","lines":["millennium"],"from":"n336","to":"n5","length":43.34,"osmWay":8,"name":"SkyTrain Millennium Line","layer":2,"bridge":true},"geometry":{"type":"LineString","coordinates":[[-123.0380974,49.259841],[-123.038682,49.2597612]]}},{"type":"Feature","properties":{"type":"segment","id":"w9.0","kind":"main","lines":["millennium"],"from":"n5","to":"n6","length":122.68,"osmWay":9,"name":"SkyTrain Millennium Line","layer":2,"bridge":true},"geometry":{"type":"LineString","coordinates":[[-123.038682,49.2597612],[-123.039689,49.2596234],[-123.04034,49.2595465]]}},{"type":"Feature","properties":{"type":"segment","id":"w10.0","kind":"main","lines":["millennium"],"from":"n6","to":"n363","length":1055.56,"osmWay":10,"name":"SkyTrain Millennium Line","layer":2,"bridge":true},"geometry":{"type":"LineString","coordinates":[[-123.04034,49.2595465],[-123.0408028,49.2594875],[-123.0420026,49.2593355],[-123.0424566,49.2592898],[-123.043329,49.2592086],[-123.0437087,49.2591739],[-123.0441978,49.259105],[-123.0447728,49.2590339],[-123.045556,49.2589305],[-123.0461659,49.2588494],[-123.0466667,49.2587768],[-123.0473009,49.2586946],[-123.0478874,49.2586019],[-123.0486489,49.2584851],[-123.0491369,49.2584086],[-123.0501044,49.2582527],[-123.0509019,49.2581373],[-123.0514438,49.2580535],[-123.0520265,49.2579691],[-123.0524255,49.2579257],[-123.0528059,49.2578938],[-123.0531894,49.2578742],[-123.0534678,49.257868],[-123.0537321,49.2578678],[-123.0540251,49.2578737],[-123.054351,49.2578915],[-123.0546192,49.2579135]]}},{"type":"Feature","properties":{"type":"segment","id":"w11.0","kind":"main","lines":["canada"],"from":"n364","to":"n7","length":2606.69,"osmWay":11,"name":"SkyTrain Canada Line","layer":-2,"tunnel":true},"geometry":{"type":"LineString","coordinates":[[-123.1168903,49.2832558],[-123.1180622,49.2824817],[-123.1185482,49.2821836],[-123.1188803,49.2819595],[-123.1198901,49.2812867],[-123.1209301,49.2806072],[-123.1227237,49.2794348],[-123.1237492,49.2787575],[-123.1241561,49.2784315],[-123.1244658,49.2780682],[-123.1246619,49.2776846],[-123.1247352,49.2773073],[-123.1247064,49.2768835],[-123.1246009,49.276558],[-123.1244801,49.276332],[-123.1243034,49.2760884],[-123.124077,49.27585],[-123.1237499,49.275602],[-123.1231989,49.2752467],[-123.122087,49.2745273],[-123.1217132,49.2742825],[-123.1205155,49.2734925],[-123.1202036,49.2732482],[-123.119938,49.2729808],[-123.119366,49.2722053],[-123.1185416,49.2708272],[-123.1179229,49.2696396],[-123.1177107,49.2693287],[-123.1158465,49.2674215],[-123.1156223,49.2671502],[-123.1153523,49.266648],[-123.1150299,49.26609],[-123.1149282,49.2658591],[-123.1148017,49.2654677],[-123.1147496,49.2651826],[-123.1147215,49.2648824],[-123.1147098,49.2640762],[-123.114719,49.2637613]]}},{"type":"Feature","properties":{"type":"segment","id":"w12.0","kind":"main","lines":["canada"],"from":"n7","to":"n8","length":36.31,"osmWay":12,"name":"SkyTrain Canada Line","layer":-2,"tunnel":true},"geometry":{"type":"LineString","coordinates":[[-123.114719,49.2637613],[-123.1147377,49.263435]]}},{"type":"Feature","properties":{"type":"segment","id":"w13.0","kind":"main","lines":["canada"],"from":"n8","to":"n410","length":1737.51,"osmWay":13,"name":"SkyTrain Canada Line","layer":-2,"tunnel":true},"geometry":{"type":"LineString","coordinates":[[-123.1147377,49.263435],[-123.1147742,49.2629017],[-123.1148372,49.2622545],[-123.1149898,49.261275],[-123.1153368,49.2512067],[-123.1153657,49.2501509],[-123.1153603,49.2497149],[-123.1153315,49.2493003],[-123.1152557,49.2485651],[-123.1152227,49.2481954],[-123.1152338,49.2478216]]}},{"type":"Feature","properties":{"type":"segment","id":"w14.0","kind":"main","lines":["canada"],"from":"n411","to":"n412","length":142.45,"osmWay":14,"name":"SkyTrain Canada Line"},"geometry":{"type":"LineString","coordinates":[[-123.1168695,49.2121362],[-123.1169145,49.2108555]]}},{"type":"Feature","properties":{"type":"segment","id":"w15.0","kind":"main","lines":["canada"],"from":"n413","to":"n418","length":451.23,"osmWay":15,"name":"SkyTrain Canada Line","layer":2,"bridge":true},"geometry":{"type":"LineString","coordinates":[[-123.1175125,49.2044873],[-123.1176215,49.2030901],[-123.1177525,49.2017163],[-123.117869,49.2006043],[-123.117885,49.2005042],[-123.1178992,49.2004376]]}},{"type":"Feature","properties":{"type":"segment","id":"w16.0","kind":"main","lines":["canada"],"from":"n418","to":"n9","length":156.99,"osmWay":16,"name":"SkyTrain Canada Line","layer":2,"bridge":true},"geometry":{"type":"LineString","coordinates":[[-123.1178992,49.2004376],[-123.1179175,49.2003582],[-123.117946,49.2002568],[-123.1179841,49.2001521],[-123.1180243,49.2000573],[-123.1180692,49.1999622],[-123.1181199,49.1998754],[-123.118184,49.1997796],[-123.1182592,49.1996815],[-123.1183364,49.1995934],[-123.1184298,49.1994975],[-123.1185178,49.1994155],[-123.1186143,49.1993288],[-123.1187929,49.1991748]]}},{"type":"Feature","properties":{"type":"segment","id":"w17.0","kind":"main","lines":["canada"],"from":"n9","to":"n436","length":178.51,"osmWay":17,"name":"SkyTrain Canada Line","layer":2,"bridge":true},"geometry":{"type":"LineString","coordinates":[[-123.1187929,49.1991748],[-123.1193934,49.1986531],[-123.119834,49.1982802],[-123.1199505,49.1981845],[-123.1200654,49.1980979],[-123.1202045,49.1980035],[-123.1203281,49.1979237]]}},{"type":"Feature","properties":{"type":"segment","id":"w18.0","kind":"main","lines":["canada"],"from":"n10","to":"n456","length":252.32,"osmWay":18,"name":"SkyTrain Canada Line","layer":2,"bridge":true},"geometry":{"type":"LineString","coordinates":[[-123.1278301,49.1948099],[-123.1280891,49.1947076],[-123.1283606,49.1946112],[-123.1285174,49.1945582],[-123.1286689,49.1945136],[-123.1288267,49.1944758],[-123.1289859,49.1944446],[-123.1291086,49.1944247],[-123.1292463,49.1944098],[-123.1293987,49.1943981],[-123.1295362,49.1943914],[-123.1296934,49.1943901],[-123.1298348,49.1943954],[-123.13003,49.1944108],[-123.1301785,49.19443],[-123.1303352,49.1944554],[-123.1304774,49.1944853],[-123.1306002,49.1945163],[-123.1307631,49.1945643],[-123.1309064,49.1946144],[-123.1310742,49.1946805]]}},{"type":"Feature","properties":{"type":"segment","id":"w19.0","kind":"main","lines":["canada"],"from":"n457","to":"n488","length":1034.75,"osmWay":19,"name":"SkyTrain Canada Line"},"geometry":{"type":"LineString","coordinates":[[-123.1514003,49.1946837],[-123.1523188,49.1941649],[-123.1525199,49.1940526],[-123.1526766,49.193969],[-123.1528469,49.1938836],[-123.1530104,49.1938078],[-123.1531804,49.1937331],[-123.1533705,49.193656],[-123.1535553,49.1935866],[-123.1537532,49.1935163],[-123.1539455,49.193454],[-123.1541417,49.1933938],[-123.1543146,49.1933447],[-123.1545074,49.1932952],[-123.1547154,49.1932492],[-123.1549003,49.1932144],[-123.1551134,49.1931802],[-123.1553181,49.1931522],[-123.1555252,49.193129],[-123.1557356,49.1931109],[-123.1559699,49.1930956],[-123.1562313,49.1930877],[-123.156506,49.1930848],[-123.1579588,49.1930949],[-123.1590778,49.1931026],[-123.1593231,49.1931031],[-123.1595774,49.1930968],[-123.1604154,49.1930644],[-123.1606437,49.1930589],[-123.1608869,49.1930553],[-123.1611326,49.1930534],[-123.1649185,49.1930878]]}},{"type":"Feature","properties":{"type":"segment","id":"w20.0","kind":"main","lines":["canada"],"from":"n489","to":"n457","length":61.05,"osmWay":20,"name":"SkyTrain Canada Line","layer":-1,"tunnel":true},"geometry":{"type":"LineString","coordinates":[[-123.1507647,49.1950428],[-123.1514003,49.1946837]]}},{"type":"Feature","properties":{"type":"segment","id":"w21.0","kind":"main","lines":["expo"],"from":"n490","to":"n491","length":151.92,"osmWay":21,"name":"SkyTrain Expo Line","maxspeed":75,"layer":-1,"tunnel":true},"geometry":{"type":"LineString","coordinates":[[-122.9588449,49.211555],[-122.9579474,49.210321]]}},{"type":"Feature","properties":{"type":"segment","id":"w22.0","kind":"main","lines":["expo"],"from":"n492","to":"n496","length":56.78,"osmWay":22,"name":"SkyTrain Expo Line","maxspeed":75,"layer":1,"bridge":true},"geometry":{"type":"LineString","coordinates":[[-122.9584955,49.2048686],[-122.9585998,49.2047271],[-122.9586712,49.2046068],[-122.9587253,49.2045038],[-122.9587751,49.2043928]]}},{"type":"Feature","properties":{"type":"segment","id":"w23.0","kind":"main","lines":["expo"],"from":"n497","to":"n289","length":308.86,"osmWay":23,"name":"SkyTrain Expo Line","layer":1,"bridge":true},"geometry":{"type":"LineString","coordinates":[[-122.8947319,49.2133175],[-122.895051,49.2128545],[-122.8952462,49.2126608],[-122.8955472,49.2123875],[-122.8963708,49.2117796],[-122.8972903,49.2111236]]}},{"type":"Feature","properties":{"type":"segment","id":"w24.0","kind":"main","lines":["expo"],"from":"n502","to":"n509","length":754.73,"osmWay":24,"name":"SkyTrain Expo Line","maxspeed":90,"layer":2,"bridge":true},"geometry":{"type":"LineString","coordinates":[[-122.901245,49.2065317],[-122.9009642,49.2064989],[-122.9006969,49.2064491],[-122.9003992,49.2063794],[-122.8983681,49.2058823],[-122.8939809,49.204818],[-122.8921805,49.2043924],[-122.8914795,49.2042261]]}},{"type":"Feature","properties":{"type":"segment","id":"w25.0","kind":"main","lines":["expo"],"from":"n510","to":"n11","length":1986.91,"osmWay":25,"name":"SkyTrain Expo Line","maxspeed":90,"layer":2,"bridge":true},"geometry":{"type":"LineString","coordinates":[[-122.8689062,49.2052194],[-122.8660935,49.2059416],[-122.8638451,49.2065163],[-122.8622691,49.2069078],[-122.8617124,49.207015],[-122.8614868,49.2070492],[-122.861235,49.2070833],[-122.8610186,49.2071079],[-122.8606857,49.2071238],[-122.8603079,49.2071279],[-122.8599643,49.2071199],[-122.8595697,49.207088],[-122.8590088,49.2070146],[-122.8585861,49.2069232],[-122.8581051,49.2067855],[-122.8574932,49.2065642],[-122.856865,49.2062733],[-122.8566081,49.2061279],[-122.8534982,49.2040804],[-122.8526482,49.2035237],[-122.8518338,49.2029712],[-122.85148,49.2027029],[-122.8510681,49.2022626],[-122.8509194,49.2020443],[-122.8508234,49.2018556],[-122.8507346,49.2015482],[-122.8506957,49.2013712],[-122.8506748,49.2012596],[-122.8506648,49.2011578],[-122.8506558,49.2009496],[-122.8506765,49.1989111],[-122.850681,49.1983759]]}},{"type":"Feature","properties":{"type":"segment","id":"w26.0","kind":"main","lines":["expo"],"from":"n491","to":"n12","length":120.59,"osmWay":26,"name":"SkyTrain Expo Line","maxspeed":75},"geometry":{"type":"LineString","coordinates":[[-122.9579474,49.210321],[-122.9577156,49.2099919],[-122.9575392,49.2097479],[-122.957238,49.2093406]]}},{"type":"Feature","properties":{"type":"segment","id":"w27.0","kind":"main","lines":["expo"],"from":"n12","to":"n492","length":535.99,"osmWay":27,"name":"SkyTrain Expo Line","maxspeed":75},"geometry":{"type":"LineString","coordinates":[[-122.957238,49.2093406],[-122.9569718,49.2089714],[-122.9568673,49.2088164],[-122.9568198,49.2087406],[-122.9567764,49.2086623],[-122.9567337,49.2085751],[-122.9566995,49.2084978],[-122.9566716,49.208421],[-122.9566467,49.2083417],[-122.9566267,49.2082626],[-122.9566101,49.2081756],[-122.9566002,49.2080919],[-122.9565915,49.208006],[-122.9565904,49.2079309],[-122.9565934,49.2078405],[-122.956601,49.2077541],[-122.9566141,49.2076687],[-122.9566322,49.2075802],[-122.9566563,49.2074951],[-122.9566904,49.207395],[-122.9567261,49.2073045],[-122.9567737,49.207207],[-122.9568229,49.2071177],[-122.9568831,49.2070234],[-122.9569456,49.2069314],[-122.9570252,49.2068192],[-122.9584955,49.2048686]]}},{"type":"Feature","properties":{"type":"segment","id":"w28.0","kind":"main","lines":["expo"],"from":"n568","to":"n621","length":2205.39,"osmWay":28,"name":"SkyTrain Expo Line","maxspeed":85,"layer":1,"bridge":true},"geometry":{"type":"LineString","coordinates":[[-122.9422167,49.20125],[-122.9419324,49.2012994],[-122.9417623,49.2013327],[-122.9415331,49.2013857],[-122.9413547,49.2014335],[-122.9411773,49.2014905],[-122.940982,49.2015595],[-122.9406839,49.2016798],[-122.9400496,49.2019549],[-122.9393485,49.2022532],[-122.9387616,49.20248],[-122.9381941,49.2026717],[-122.9371373,49.2030109],[-122.9354957,49.2035279],[-122.9350561,49.203644],[-122.9346572,49.2037285],[-122.9343548,49.203774],[-122.9340449,49.2038006],[-122.9337878,49.2038109],[-122.9335148,49.2038094],[-122.933144,49.2037946],[-122.9327983,49.2037641],[-122.9316676,49.2036364],[-122.9305325,49.2035107],[-122.9295106,49.2033979],[-122.9289534,49.2033264],[-122.9286319,49.2032754],[-122.9281686,49.2031703],[-122.9278,49.20305],[-122.9274196,49.2028776],[-122.9271054,49.2026894],[-122.9267655,49.2024444],[-122.9264392,49.2021887],[-122.9259218,49.201778],[-122.9255759,49.2015235],[-122.9251794,49.201284],[-122.9247427,49.2010912],[-122.9243274,49.2009655],[-122.923875,49.2008558],[-122.9227357,49.200648],[-122.9218332,49.2004889],[-122.9213947,49.2004083],[-122.9209076,49.2003307],[-122.9204877,49.2002867],[-122.918719,49.200168],[-122.9170761,49.2000646],[-122.9167185,49.200041],[-122.916342,49.2000345],[-122.915955,49.2000439],[-122.9155246,49.2000987],[-122.9153536,49.2001335],[-122.9150927,49.2001965],[-122.914897,49.2002615],[-122.9145174,49.2004079]]}},{"type":"Feature","properties":{"type":"segment","id":"w29.0","kind":"main","lines":["expo"],"from":"n622","to":"n656","length":881.83,"osmWay":29,"name":"SkyTrain Expo Line","maxspeed":90,"layer":1,"bridge":true},"geometry":{"type":"LineString","coordinates":[[-122.9588269,49.2028699],[-122.9588052,49.2027412],[-122.9587764,49.2026277],[-122.9587179,49.2024516],[-122.9585791,49.202118],[-122.9585164,49.2020031],[-122.9583931,49.2018092],[-122.9583159,49.2017138],[-122.9581032,49.2014651],[-122.9577344,49.2011007],[-122.9573576,49.2008075],[-122.9570943,49.2006425],[-122.9568642,49.2004953],[-122.9565909,49.2003596],[-122.9562402,49.2001938],[-122.9558602,49.2000398],[-122.9554724,49.1999041],[-122.9550753,49.1997919],[-122.9546704,49.19969],[-122.954256,49.1996201],[-122.9539281,49.1995703],[-122.953687,49.1995424],[-122.9532034,49.1995007],[-122.9528076,49.1994836],[-122.9524913,49.1994864],[-122.9522076,49.1994927],[-122.9519393,49.1995059],[-122.9516815,49.1995222],[-122.9513982,49.1995445],[-122.9511239,49.1995772],[-122.9508549,49.1996174],[-122.9505919,49.1996644],[-122.9502939,49.1997234],[-122.9498839,49.1998217],[-122.9494224,49.1999376]]}},{"type":"Feature","properties":{"type":"segment","id":"w30.0","kind":"main","lines":["expo"],"from":"n657","to":"n681","length":1104.52,"osmWay":30,"name":"SkyTrain Expo Line","maxspeed":90,"layer":2,"bridge":true},"geometry":{"type":"LineString","coordinates":[[-122.9732983,49.2155175],[-122.9727897,49.2153048],[-122.9725341,49.2151984],[-122.9722784,49.2151159],[-122.9718887,49.2150059],[-122.9714742,49.2149109],[-122.9710089,49.2148411],[-122.9706154,49.2148105],[-122.9701441,49.214781],[-122.9695292,49.2147737],[-122.9689426,49.2147887],[-122.9674852,49.2148281],[-122.9660278,49.2148781],[-122.963461,49.2149277],[-122.962869,49.2149052],[-122.9625032,49.2148615],[-122.9621621,49.2147946],[-122.961873,49.214717],[-122.9616219,49.2146276],[-122.9613711,49.214508],[-122.9611381,49.2143742],[-122.9609501,49.2142391],[-122.960706,49.2140219],[-122.9605015,49.2137994],[-122.9598556,49.2129255]]}},{"type":"Feature","properties":{"type":"segment","id":"w31.0","kind":"main","lines":["expo"],"from":"n682","to":"n13","length":1028.22,"osmWay":31,"name":"SkyTrain Expo Line","maxspeed":90,"layer":1,"bridge":true},"geometry":{"type":"LineString","coordinates":[[-123.0384727,49.2411099],[-123.0372937,49.2405969],[-123.0350522,49.2396837],[-123.0332299,49.2389305],[-123.0328184,49.2387647],[-123.0318417,49.2383666],[-123.0312567,49.2381236],[-123.0307135,49.2379081],[-123.0298075,49.2375643],[-123.0281533,49.2367233],[-123.026661,49.236022]]}},{"type":"Feature","properties":{"type":"segment","id":"w32.0","kind":"main","lines":["expo"],"from":"n13","to":"n14","length":101.2,"osmWay":32,"name":"SkyTrain Expo Line","maxspeed":90,"layer":1,"bridge":true},"geometry":{"type":"LineString","coordinates":[[-123.026661,49.236022],[-123.025526,49.2354937]]}},{"type":"Feature","properties":{"type":"segment","id":"w33.0","kind":"main","lines":["expo"],"from":"n14","to":"n698","length":873.94,"osmWay":33,"name":"SkyTrain Expo Line","maxspeed":90,"layer":1,"bridge":true},"geometry":{"type":"LineString","coordinates":[[-123.025526,49.2354937],[-123.0241354,49.2348615],[-123.0225546,49.2341323],[-123.022119,49.2339508],[-123.0208328,49.2334712],[-123.0201542,49.2332034],[-123.0173068,49.2319097],[-123.0155451,49.2311085]]}},{"type":"Feature","properties":{"type":"segment","id":"w34.0","kind":"main","lines":["canada"],"from":"n699","to":"n15","length":201.26,"osmWay":34,"name":"SkyTrain Canada Line"},"geometry":{"type":"LineString","coordinates":[[-123.146798,49.1966384],[-123.1477361,49.1964798],[-123.1479256,49.1964446],[-123.1481198,49.1964007],[-123.148292,49.1963521],[-123.1484528,49.1962972],[-123.148609,49.1962343],[-123.1487671,49.1961641],[-123.1489263,49.1960813],[-123.1492704,49.1958905]]}},{"type":"Feature","properties":{"type":"segment","id":"w35.0","kind":"main","lines":["canada"],"from":"n15","to":"n489","length":143.79,"osmWay":35,"name":"SkyTrain Canada Line"},"geometry":{"type":"LineString","coordinates":[[-123.1492704,49.1958905],[-123.149819,49.195577],[-123.1507647,49.1950428]]}},{"type":"Feature","properties":{"type":"segment","id":"w36.0","kind":"main","lines":["expo"],"from":"n709","to":"n2","length":21.67,"osmWay":36,"name":"SkyTrain Expo Line","maxspeed":70},"geometry":{"type":"LineString","coordinates":[[-122.9042796,49.2056717],[-122.904045,49.2057921]]}},{"type":"Feature","properties":{"type":"segment","id":"w37.0","kind":"main","lines":["expo"],"from":"n710","to":"n16","length":145.82,"osmWay":37,"name":"SkyTrain Expo Line","maxspeed":70,"layer":-2,"tunnel":true},"geometry":{"type":"LineString","coordinates":[[-122.9093219,49.2032018],[-122.907732,49.2040022]]}},{"type":"Feature","properties":{"type":"segment","id":"w38.0","kind":"main","lines":["expo"],"from":"n16","to":"n709","length":312.07,"osmWay":38,"name":"SkyTrain Expo Line","maxspeed":70,"layer":-2,"tunnel":true},"geometry":{"type":"LineString","coordinates":[[-122.907732,49.2040022],[-122.9062802,49.2047284],[-122.9042796,49.2056717]]}},{"type":"Feature","properties":{"type":"segment","id":"w39.0","kind":"main","lines":["expo"],"from":"n681","to":"n490","length":169.16,"osmWay":39,"name":"SkyTrain Expo Line","maxspeed":75},"geometry":{"type":"LineString","coordinates":[[-122.9598556,49.2129255],[-122.959309,49.2121895],[-122.9588449,49.211555]]}},{"type":"Feature","properties":{"type":"segment","id":"w40.0","kind":"main","lines":["millennium"],"from":"n363","to":"n716","length":50.56,"osmWay":40,"name":"SkyTrain Millennium Line"},"geometry":{"type":"LineString","coordinates":[[-123.0546192,49.2579135],[-123.0547823,49.2579266],[-123.0548819,49.2579395],[-123.0550061,49.2579553],[-123.055304,49.2579959]]}},{"type":"Feature","properties":{"type":"segment","id":"w41.0","kind":"main","lines":["expo"],"from":"n496","to":"n17","length":110.88,"osmWay":41,"name":"SkyTrain Expo Line","maxspeed":75},"geometry":{"type":"LineString","coordinates":[[-122.9587751,49.2043928],[-122.9588553,49.2041385],[-122.9588847,49.2038687],[-122.9588768,49.2035517],[-122.9588662,49.2034019]]}},{"type":"Feature","properties":{"type":"segment","id":"w42.0","kind":"main","lines":["expo"],"from":"n17","to":"n622","length":59.25,"osmWay":42,"name":"SkyTrain Expo Line","maxspeed":75},"geometry":{"type":"LineString","coordinates":[[-122.9588662,49.2034019],[-122.9588476,49.2030029],[-122.9588269,49.2028699]]}},{"type":"Feature","properties":{"type":"segment","id":"w43.0","kind":"main","lines":["expo"],"from":"n721","to":"n728","length":66.78,"osmWay":43,"name":"SkyTrain Expo Line","layer":2,"bridge":true},"geometry":{"type":"LineString","coordinates":[[-122.8846651,49.2369769],[-122.884598,49.2369313],[-122.8845155,49.2368718],[-122.8844324,49.2368075],[-122.8843605,49.236752],[-122.8842739,49.236682],[-122.8841789,49.2365987],[-122.8840867,49.236511]]}},{"type":"Feature","properties":{"type":"segment","id":"w43.1","kind":"main","lines":["expo"],"from":"n728","to":"n760","length":539.37,"osmWay":43,"name":"SkyTrain Expo Line","layer":2,"bridge":true},"geometry":{"type":"LineString","coordinates":[[-122.8840867,49.236511],[-122.8840089,49.2364339],[-122.8839526,49.2363735],[-122.8838999,49.2363158],[-122.8838458,49.2362524],[-122.8838009,49.2361941],[-122.8837395,49.2361136],[-122.8836805,49.2360336],[-122.8836486,49.2359863],[-122.883609,49.2359269],[-122.8835681,49.2358578],[-122.8834958,49.2357283],[-122.8834552,49.235651],[-122.8834233,49.2355832],[-122.8834034,49.2355341],[-122.8833722,49.2354555],[-122.8833496,49.2353924],[-122.8833212,49.2353037],[-122.8833013,49.2352387],[-122.8832623,49.2350989],[-122.8832362,49.2350001],[-122.8832084,49.2348841],[-122.8831829,49.2347721],[-122.8830858,49.2343657],[-122.8829446,49.2337428],[-122.8828559,49.2333297],[-122.8828044,49.2330992],[-122.8826945,49.2326369],[-122.8825873,49.2321861],[-122.8825581,49.232057],[-122.8825325,49.2319388],[-122.882517,49.2318614],[-122.8825079,49.2318086]]}},{"type":"Feature","properties":{"type":"segment","id":"w43.2","kind":"main","lines":["expo"],"from":"n760","to":"n792","length":273.35,"osmWay":43,"name":"SkyTrain Expo Line","layer":2,"bridge":true},"geometry":{"type":"LineString","coordinates":[[-122.8825079,49.2318086],[-122.8824921,49.2317204],[-122.8824849,49.2316398],[-122.8824791,49.2315725],[-122.8824778,49.2314688],[-122.8824782,49.2314028],[-122.8824807,49.2313354],[-122.8824859,49.2312642],[-122.8824931,49.2311971],[-122.8825083,49.2310961],[-122.8825353,49.2309736],[-122.8825668,49.2308668],[-122.8825913,49.2307976],[-122.8826058,49.2307555],[-122.8826216,49.230711],[-122.8826565,49.2306255],[-122.8827035,49.2305226],[-122.8827307,49.2304715],[-122.8827743,49.2303977],[-122.8828193,49.230325],[-122.8828532,49.2302704],[-122.8829032,49.2301955],[-122.8829653,49.2301125],[-122.883008,49.2300604],[-122.8830502,49.2300071],[-122.8830929,49.2299569],[-122.8831434,49.2299036],[-122.8832019,49.2298442],[-122.8832636,49.2297847],[-122.8833075,49.2297442],[-122.8833685,49.2296884],[-122.8834279,49.2296343],[-122.8835634,49.2295195]]}},{"type":"Feature","properties":{"type":"segment","id":"w44.0","kind":"main","lines":["millennium"],"from":"n793","to":"n802","length":174.75,"osmWay":44,"name":"SkyTrain Millennium Line","layer":1,"bridge":true},"geometry":{"type":"LineString","coordinates":[[-123.0700859,49.2635294],[-123.0704204,49.2636013],[-123.070744,49.2636703],[-123.0709563,49.2637197],[-123.0711033,49.2637526],[-123.071434,49.2638316],[-123.0716079,49.2638748],[-123.071786,49.2639209],[-123.0719656,49.2639707],[-123.0723362,49.2640849]]}},{"type":"Feature","properties":{"type":"segment","id":"w45.0","kind":"yard","lines":[],"from":"n18","to":"n19","length":31.8,"osmWay":45,"maxspeed":15},"geometry":{"type":"LineString","coordinates":[[-122.9549328,49.2070927],[-122.9550682,49.2071972],[-122.955219,49.2073091]]}},{"type":"Feature","properties":{"type":"segment","id":"w46.0","kind":"yard","lines":[],"from":"n19","to":"n20","length":10.05,"osmWay":46,"maxspeed":15},"geometry":{"type":"LineString","coordinates":[[-122.955219,49.2073091],[-122.955307,49.2073788]]}},{"type":"Feature","properties":{"type":"segment","id":"w47.0","kind":"yard","lines":[],"from":"n20","to":"n21","length":17.06,"osmWay":47,"maxspeed":15},"geometry":{"type":"LineString","coordinates":[[-122.955307,49.2073788],[-122.955457,49.2074968]]}},{"type":"Feature","properties":{"type":"segment","id":"w48.0","kind":"yard","lines":[],"from":"n804","to":"n805","length":137.44,"osmWay":48,"trackRef":"M2","tunnel":true},"geometry":{"type":"LineString","coordinates":[[-122.9572374,49.2054472],[-122.9564039,49.2065568]]}},{"type":"Feature","properties":{"type":"segment","id":"w49.0","kind":"yard","lines":[],"from":"n22","to":"n20","length":87.44,"osmWay":49,"maxspeed":15},"geometry":{"type":"LineString","coordinates":[[-122.9562835,49.2073743],[-122.9562577,49.207409],[-122.9562291,49.2074401],[-122.9561894,49.2074718],[-122.956147,49.2075002],[-122.9560989,49.2075231],[-122.9560526,49.2075413],[-122.9559802,49.2075614],[-122.9559053,49.207573],[-122.9558289,49.2075762],[-122.9557488,49.2075713],[-122.9556656,49.2075566],[-122.9555984,49.2075353],[-122.9555299,49.2075063],[-122.9554662,49.2074758],[-122.955415,49.2074486],[-122.955307,49.2073788]]}},{"type":"Feature","properties":{"type":"segment","id":"w50.0","kind":"yard","lines":[],"from":"n821","to":"n23","length":31.78,"osmWay":50,"trackRef":"WT","maxspeed":15},"geometry":{"type":"LineString","coordinates":[[-122.9559645,49.2051448],[-122.9561001,49.204975],[-122.956122,49.2049486],[-122.9561444,49.2049252],[-122.956177,49.2048954]]}},{"type":"Feature","properties":{"type":"segment","id":"w51.0","kind":"siding","lines":["expo"],"from":"n24","to":"n25","length":43.8,"osmWay":51,"maxspeed":15},"geometry":{"type":"LineString","coordinates":[[-122.9584096,49.2048986],[-122.9583512,49.2049666],[-122.9583035,49.2050145],[-122.9582079,49.2051099],[-122.9581545,49.2051659],[-122.958094,49.205234]]}},{"type":"Feature","properties":{"type":"segment","id":"w52.0","kind":"yard","lines":[],"from":"n26","to":"n21","length":271.01,"osmWay":52,"trackRef":"YRA","maxspeed":15},"geometry":{"type":"LineString","coordinates":[[-122.9575285,49.2059101],[-122.9572738,49.2062352],[-122.9570727,49.2064944],[-122.9568808,49.2067424],[-122.9563473,49.2074528],[-122.9563085,49.2074999],[-122.9562668,49.2075382],[-122.9562234,49.2075674],[-122.956166,49.2075981],[-122.9561005,49.2076219],[-122.9560343,49.2076379],[-122.9559659,49.2076481],[-122.9558835,49.2076508],[-122.9558125,49.2076454],[-122.9557409,49.2076325],[-122.9556742,49.2076152],[-122.9556176,49.2075934],[-122.9555797,49.2075735],[-122.9555376,49.2075498],[-122.955457,49.2074968]]}},{"type":"Feature","properties":{"type":"segment","id":"w53.0","kind":"yard","lines":[],"from":"n847","to":"n27","length":30.66,"osmWay":53,"trackRef":"RM1"},"geometry":{"type":"LineString","coordinates":[[-122.9549138,49.2055815],[-122.9549611,49.2055218],[-122.955012,49.2054758],[-122.9550871,49.2054254],[-122.9551844,49.2053746]]}},{"type":"Feature","properties":{"type":"segment","id":"w54.0","kind":"yard","lines":[],"from":"n851","to":"n852","length":125.41,"osmWay":54,"trackRef":"M4","tunnel":true},"geometry":{"type":"LineString","coordinates":[[-122.9574182,49.2055051],[-122.9566546,49.2065166]]}},{"type":"Feature","properties":{"type":"segment","id":"w55.0","kind":"yard","lines":[],"from":"n28","to":"n29","length":383.12,"osmWay":55,"trackRef":"S3","maxspeed":15},"geometry":{"type":"LineString","coordinates":[[-122.954475,49.2068613],[-122.9544149,49.2068267],[-122.9543712,49.2067974],[-122.9535265,49.2061429],[-122.9534696,49.206096],[-122.9534319,49.2060556],[-122.9534018,49.2060145],[-122.9533859,49.2059733],[-122.9533758,49.2059291],[-122.9533757,49.2058871],[-122.9533837,49.2058463],[-122.9534014,49.2058039],[-122.9534254,49.2057669],[-122.9534564,49.2057319],[-122.9534985,49.2056965],[-122.9535459,49.2056651],[-122.9535963,49.2056385],[-122.9545609,49.2051741],[-122.9558351,49.2045608],[-122.9558981,49.2045353],[-122.9559692,49.2045121]]}},{"type":"Feature","properties":{"type":"segment","id":"w56.0","kind":"yard","lines":[],"from":"n872","to":"n30","length":18.9,"osmWay":56},"geometry":{"type":"LineString","coordinates":[[-122.9557656,49.2051638],[-122.9558543,49.2051247],[-122.9559068,49.2050971],[-122.9559665,49.2050569]]}},{"type":"Feature","properties":{"type":"segment","id":"w57.0","kind":"yard","lines":[],"from":"n875","to":"n31","length":64.27,"osmWay":57,"trackRef":"WT","maxspeed":15},"geometry":{"type":"LineString","coordinates":[[-122.9549398,49.2065109],[-122.954879,49.2065938],[-122.9548617,49.2066224],[-122.9548472,49.2066559],[-122.9548364,49.2066935],[-122.9548333,49.2067277],[-122.9548353,49.2067663],[-122.9548417,49.2067996],[-122.9548521,49.2068294],[-122.9548684,49.2068632],[-122.9548912,49.2068984],[-122.9550093,49.2070516]]}},{"type":"Feature","properties":{"type":"segment","id":"w58.0","kind":"yard","lines":[],"from":"n32","to":"n33","length":410.87,"osmWay":58,"trackRef":"S4","maxspeed":15},"geometry":{"type":"LineString","coordinates":[[-122.9546576,49.2069455],[-122.9546,49.206913],[-122.9545498,49.2068806],[-122.9543094,49.206695],[-122.9535749,49.2061253],[-122.9535315,49.2060844],[-122.9534947,49.2060416],[-122.9534684,49.2059925],[-122.9534566,49.2059467],[-122.9534551,49.2058993],[-122.9534644,49.2058518],[-122.9534773,49.2058147],[-122.9535066,49.2057698],[-122.9535402,49.2057326],[-122.9535842,49.205697],[-122.9536414,49.2056613],[-122.9537039,49.2056292],[-122.9558651,49.2045893],[-122.9559522,49.2045571],[-122.9562727,49.2044893]]}},{"type":"Feature","properties":{"type":"segment","id":"w59.0","kind":"yard","lines":[],"from":"n33","to":"n34","length":17.89,"osmWay":59,"trackRef":"S4","maxspeed":15},"geometry":{"type":"LineString","coordinates":[[-122.9562727,49.2044893],[-122.9563417,49.2044735],[-122.9564176,49.2044618],[-122.956512,49.2044538]]}},{"type":"Feature","properties":{"type":"segment","id":"w60.0","kind":"yard","lines":[],"from":"n906","to":"n35","length":10.95,"osmWay":60,"maxspeed":15},"geometry":{"type":"LineString","coordinates":[[-122.9563009,49.204904],[-122.9563974,49.2048283]]}},{"type":"Feature","properties":{"type":"segment","id":"w61.0","kind":"yard","lines":[],"from":"n35","to":"n36","length":18.11,"osmWay":61,"maxspeed":15},"geometry":{"type":"LineString","coordinates":[[-122.9563974,49.2048283],[-122.9565597,49.2047047]]}},{"type":"Feature","properties":{"type":"segment","id":"w62.0","kind":"siding","lines":["expo"],"from":"n37","to":"n38","length":44.88,"osmWay":62,"maxspeed":15},"geometry":{"type":"LineString","coordinates":[[-122.9570162,49.20675],[-122.9570583,49.2066846],[-122.9571012,49.206611],[-122.957147,49.2065209],[-122.9571845,49.2064547],[-122.957237,49.2063732]]}},{"type":"Feature","properties":{"type":"segment","id":"w63.0","kind":"yard","lines":[],"from":"n911","to":"n35","length":31.14,"osmWay":63,"trackRef":"M8","maxspeed":15},"geometry":{"type":"LineString","coordinates":[[-122.9561937,49.2050741],[-122.956313,49.2049133],[-122.9563353,49.2048884],[-122.95636,49.2048631],[-122.9563974,49.2048283]]}},{"type":"Feature","properties":{"type":"segment","id":"w64.0","kind":"yard","lines":[],"from":"n39","to":"n40","length":350.87,"osmWay":64,"trackRef":"S2","maxspeed":15},"geometry":{"type":"LineString","coordinates":[[-122.9542208,49.206742],[-122.9541581,49.2067056],[-122.9541042,49.206672],[-122.9534135,49.2061375],[-122.9533488,49.206084],[-122.9533126,49.2060446],[-122.9532831,49.2060021],[-122.9532653,49.205956],[-122.9532568,49.2059132],[-122.9532584,49.2058763],[-122.9532684,49.2058289],[-122.9532852,49.2057929],[-122.9533161,49.2057464],[-122.9533583,49.2057042],[-122.953413,49.205665],[-122.9534737,49.2056317],[-122.9535371,49.2055999],[-122.9545015,49.2051358],[-122.955533,49.20464],[-122.9555941,49.2046149],[-122.9556678,49.2045905]]}},{"type":"Feature","properties":{"type":"segment","id":"w65.0","kind":"yard","lines":[],"from":"n30","to":"n23","length":23.59,"osmWay":65},"geometry":{"type":"LineString","coordinates":[[-122.9559665,49.2050569],[-122.956177,49.2048954]]}},{"type":"Feature","properties":{"type":"segment","id":"w66.0","kind":"yard","lines":[],"from":"n41","to":"n42","length":18.07,"osmWay":66,"trackRef":"S6","maxspeed":15},"geometry":{"type":"LineString","coordinates":[[-122.9567691,49.2044412],[-122.9566707,49.2044507],[-122.9565997,49.2044615],[-122.95656,49.2044684],[-122.9565265,49.2044755]]}},{"type":"Feature","properties":{"type":"segment","id":"w67.0","kind":"yard","lines":[],"from":"n42","to":"n43","length":388.32,"osmWay":67,"trackRef":"S6","maxspeed":15},"geometry":{"type":"LineString","coordinates":[[-122.9565265,49.2044755],[-122.9563108,49.2045252],[-122.9562547,49.2045408],[-122.9562038,49.2045602],[-122.9561635,49.2045785],[-122.9557563,49.2047746],[-122.9549379,49.2051681],[-122.9539841,49.2056262],[-122.9539116,49.2056643],[-122.9538518,49.2057032],[-122.9538064,49.2057429],[-122.9537734,49.2057834],[-122.9537506,49.2058189],[-122.9537323,49.2058627],[-122.9537223,49.2059021],[-122.9537196,49.2059492],[-122.9537252,49.205988],[-122.9537365,49.206031],[-122.9537574,49.20607],[-122.9537853,49.2061088],[-122.9538264,49.2061519],[-122.9538901,49.2062053],[-122.9543203,49.2065392],[-122.9543627,49.2065714],[-122.9544042,49.2066088],[-122.9544351,49.2066465],[-122.9545308,49.2067664],[-122.9545601,49.2068013],[-122.9546089,49.206845]]}},{"type":"Feature","properties":{"type":"segment","id":"w68.0","kind":"yard","lines":[],"from":"n44","to":"n45","length":77.48,"osmWay":68,"maxspeed":15},"geometry":{"type":"LineString","coordinates":[[-122.9573289,49.2045322],[-122.9572287,49.2045096],[-122.9571546,49.2044958],[-122.9570735,49.2044869],[-122.9570112,49.2044848],[-122.9569437,49.2044876],[-122.9568735,49.2044979],[-122.956809,49.2045122],[-122.9567402,49.2045332],[-122.9566943,49.2045508],[-122.9566387,49.2045746],[-122.9565994,49.2045923],[-122.9565576,49.2046161],[-122.9565192,49.2046371],[-122.9564807,49.2046616],[-122.9563982,49.204726]]}},{"type":"Feature","properties":{"type":"segment","id":"w69.0","kind":"yard","lines":[],"from":"n45","to":"n46","length":40.55,"osmWay":69,"maxspeed":15},"geometry":{"type":"LineString","coordinates":[[-122.9563982,49.204726],[-122.9563151,49.2048078],[-122.9562881,49.2048449],[-122.9561346,49.2050468]]}},{"type":"Feature","properties":{"type":"segment","id":"w70.0","kind":"yard","lines":[],"from":"n980","to":"n22","length":57.11,"osmWay":70,"trackRef":"C1","maxspeed":15},"geometry":{"type":"LineString","coordinates":[[-122.9565357,49.2068908],[-122.956431,49.2070307],[-122.9564105,49.2070623],[-122.9563954,49.2070932],[-122.956382,49.2071288],[-122.9563349,49.2072777],[-122.9563115,49.2073295],[-122.9562835,49.2073743]]}},{"type":"Feature","properties":{"type":"segment","id":"w71.0","kind":"yard","lines":[],"from":"n987","to":"n47","length":41.25,"osmWay":71,"trackRef":"TZ","maxspeed":15},"geometry":{"type":"LineString","coordinates":[[-122.9553786,49.2060508],[-122.955316,49.206132],[-122.9551279,49.2063836]]}},{"type":"Feature","properties":{"type":"segment","id":"w72.0","kind":"yard","lines":[],"from":"n47","to":"n31","length":78.53,"osmWay":72,"trackRef":"TZ","maxspeed":15},"geometry":{"type":"LineString","coordinates":[[-122.9551279,49.2063836],[-122.95497,49.2065939],[-122.9549494,49.2066227],[-122.9549315,49.2066573],[-122.9549209,49.2066863],[-122.9549134,49.206718],[-122.9549107,49.2067536],[-122.9549115,49.2067829],[-122.9549163,49.2068118],[-122.954963,49.2069563],[-122.9549764,49.2069899],[-122.9549921,49.2070202],[-122.9550093,49.2070516]]}},{"type":"Feature","properties":{"type":"segment","id":"w73.0","kind":"yard","lines":[],"from":"n36","to":"n1006","length":48.66,"osmWay":73,"trackRef":"M9","maxspeed":15},"geometry":{"type":"LineString","coordinates":[[-122.9565597,49.2047047],[-122.956476,49.2047881],[-122.9563958,49.2048947],[-122.9563754,49.2049235],[-122.9563547,49.204957],[-122.9563105,49.2050339],[-122.9562827,49.2050738],[-122.9562653,49.2050963]]}},{"type":"Feature","properties":{"type":"segment","id":"w74.0","kind":"yard","lines":[],"from":"n1007","to":"n48","length":6.83,"osmWay":74,"trackRef":"C2","maxspeed":15},"geometry":{"type":"LineString","coordinates":[[-122.9572084,49.2061458],[-122.9572503,49.2060908]]}},{"type":"Feature","properties":{"type":"segment","id":"w75.0","kind":"yard","lines":[],"from":"n48","to":"n49","length":125.57,"osmWay":75,"trackRef":"C2","maxspeed":15},"geometry":{"type":"LineString","coordinates":[[-122.9572503,49.2060908],[-122.957551,49.2056874],[-122.9577662,49.2054081],[-122.957792,49.2053693],[-122.9578094,49.2053384],[-122.9578213,49.2053074],[-122.9579015,49.205052]]}},{"type":"Feature","properties":{"type":"segment","id":"w76.0","kind":"yard","lines":[],"from":"n50","to":"n51","length":283.25,"osmWay":76,"trackRef":"S8","maxspeed":15},"geometry":{"type":"LineString","coordinates":[[-122.9543728,49.2064643],[-122.954329,49.2064185],[-122.954296,49.2063884],[-122.9540553,49.2061996],[-122.9540212,49.2061708],[-122.9539784,49.2061258],[-122.9539426,49.2060753],[-122.9539257,49.2060325],[-122.9539151,49.2059859],[-122.9539119,49.2059465],[-122.9539196,49.2058996],[-122.9539327,49.2058597],[-122.9539546,49.2058162],[-122.9539877,49.2057749],[-122.9540239,49.2057385],[-122.9540782,49.2056977],[-122.9541218,49.2056717],[-122.9541898,49.2056337],[-122.9559693,49.2047826],[-122.956031,49.2047486],[-122.9561014,49.2047009]]}},{"type":"Feature","properties":{"type":"segment","id":"w77.0","kind":"yard","lines":[],"from":"n52","to":"n53","length":13.72,"osmWay":77,"trackRef":"YRA","maxspeed":15},"geometry":{"type":"LineString","coordinates":[[-122.9576434,49.2057511],[-122.957727,49.2056405]]}},{"type":"Feature","properties":{"type":"segment","id":"w78.0","kind":"yard","lines":[],"from":"n53","to":"n54","length":56.17,"osmWay":78,"trackRef":"YRA","maxspeed":15},"geometry":{"type":"LineString","coordinates":[[-122.957727,49.2056405],[-122.9579494,49.2053448],[-122.9580667,49.2051867]]}},{"type":"Feature","properties":{"type":"segment","id":"w79.0","kind":"yard","lines":[],"from":"n54","to":"n55","length":18.6,"osmWay":79,"trackRef":"YRA","maxspeed":15},"geometry":{"type":"LineString","coordinates":[[-122.9580667,49.2051867],[-122.9581762,49.2050355]]}},{"type":"Feature","properties":{"type":"segment","id":"w80.0","kind":"yard","lines":[],"from":"n55","to":"n56","length":5.64,"osmWay":80,"trackRef":"YRA","maxspeed":15},"geometry":{"type":"LineString","coordinates":[[-122.9581762,49.2050355],[-122.9582097,49.2049897]]}},{"type":"Feature","properties":{"type":"segment","id":"w81.0","kind":"yard","lines":[],"from":"n57","to":"n58","length":68.52,"osmWay":81,"maxspeed":15},"geometry":{"type":"LineString","coordinates":[[-122.957489,49.2051141],[-122.9575409,49.2050448],[-122.9575619,49.2050085],[-122.9575747,49.2049731],[-122.9575795,49.2049397],[-122.9575797,49.2049065],[-122.9575736,49.2048693],[-122.9575625,49.2048356],[-122.9575438,49.204799],[-122.9575183,49.2047647],[-122.9574889,49.2047352],[-122.9574577,49.2047106],[-122.9574189,49.2046852],[-122.9573575,49.2046535],[-122.9573019,49.2046279],[-122.957235,49.2046038]]}},{"type":"Feature","properties":{"type":"segment","id":"w82.0","kind":"yard","lines":[],"from":"n49","to":"n59","length":61.21,"osmWay":82,"maxspeed":15},"geometry":{"type":"LineString","coordinates":[[-122.9579015,49.205052],[-122.9579183,49.205001],[-122.957927,49.2049629],[-122.9579302,49.2049288],[-122.9579271,49.2048938],[-122.9579162,49.2048571],[-122.9578953,49.2048164],[-122.9578706,49.2047811],[-122.9578332,49.2047445],[-122.9577945,49.2047154],[-122.9577455,49.2046856],[-122.9576949,49.2046572],[-122.9576433,49.204634],[-122.9575629,49.2046038]]}},{"type":"Feature","properties":{"type":"segment","id":"w83.0","kind":"yard","lines":[],"from":"n60","to":"n61","length":21.59,"osmWay":83,"trackRef":"S9","maxspeed":15},"geometry":{"type":"LineString","coordinates":[[-122.9547712,49.2069695],[-122.9547215,49.2069245],[-122.9546796,49.2068799],[-122.9546223,49.2068021]]}},{"type":"Feature","properties":{"type":"segment","id":"w84.0","kind":"yard","lines":[],"from":"n61","to":"n62","length":19.35,"osmWay":84,"trackRef":"S9","maxspeed":15},"geometry":{"type":"LineString","coordinates":[[-122.9546223,49.2068021],[-122.9545069,49.2066453]]}},{"type":"Feature","properties":{"type":"segment","id":"w85.0","kind":"yard","lines":[],"from":"n62","to":"n50","length":22.36,"osmWay":85,"trackRef":"S9","maxspeed":15},"geometry":{"type":"LineString","coordinates":[[-122.9545069,49.2066453],[-122.9543728,49.2064643]]}},{"type":"Feature","properties":{"type":"segment","id":"w86.0","kind":"yard","lines":[],"from":"n50","to":"n63","length":253.94,"osmWay":86,"trackRef":"S9","maxspeed":15},"geometry":{"type":"LineString","coordinates":[[-122.9543728,49.2064643],[-122.9541186,49.2061235],[-122.9540809,49.2060647],[-122.9540568,49.2060134],[-122.9540442,49.2059569],[-122.954048,49.2058977],[-122.9540581,49.2058456],[-122.9541022,49.2057765],[-122.9541618,49.2057102],[-122.954248,49.2056583],[-122.9543428,49.2056097],[-122.9547551,49.2054112],[-122.9558437,49.2048864],[-122.955894,49.2048594],[-122.9559474,49.2048233]]}},{"type":"Feature","properties":{"type":"segment","id":"w87.0","kind":"yard","lines":[],"from":"n1074","to":"n64","length":43.31,"osmWay":87,"trackRef":"M3","maxspeed":15},"geometry":{"type":"LineString","coordinates":[[-122.957323,49.2054784],[-122.9573495,49.2054433],[-122.957382,49.2054127],[-122.9574172,49.2053829],[-122.9575898,49.2052505],[-122.9576282,49.2052187],[-122.9576746,49.2051657]]}},{"type":"Feature","properties":{"type":"segment","id":"w88.0","kind":"yard","lines":[],"from":"n65","to":"n66","length":42.56,"osmWay":88,"trackRef":"CATS","maxspeed":15,"layer":1},"geometry":{"type":"LineString","coordinates":[[-122.9586481,49.2030713],[-122.9586658,49.2034539]]}},{"type":"Feature","properties":{"type":"segment","id":"w89.0","kind":"yard","lines":[],"from":"n66","to":"n1088","length":100.39,"osmWay":89,"trackRef":"CATS","maxspeed":15,"layer":1},"geometry":{"type":"LineString","coordinates":[[-122.9586658,49.2034539],[-122.9586727,49.2035731],[-122.9586776,49.2037413],[-122.9586752,49.203835],[-122.9586675,49.2039438],[-122.9586591,49.2040121],[-122.9586501,49.2040766],[-122.9586319,49.2041626],[-122.9586108,49.2042499],[-122.9585785,49.2043519]]}},{"type":"Feature","properties":{"type":"segment","id":"w90.0","kind":"yard","lines":[],"from":"n67","to":"n68","length":41.68,"osmWay":90,"trackRef":"M8","maxspeed":15},"geometry":{"type":"LineString","coordinates":[[-122.9551102,49.207023],[-122.9550526,49.2069455],[-122.9550284,49.2069066],[-122.9550111,49.206867],[-122.9550016,49.206826],[-122.9549964,49.206791],[-122.9549963,49.2067608],[-122.955,49.2067278],[-122.9550067,49.2066954],[-122.9550174,49.2066633]]}},{"type":"Feature","properties":{"type":"segment","id":"w91.0","kind":"yard","lines":[],"from":"n68","to":"n69","length":18.87,"osmWay":91,"trackRef":"M8","maxspeed":15},"geometry":{"type":"LineString","coordinates":[[-122.9550174,49.2066633],[-122.9550411,49.2066083],[-122.9550684,49.2065653],[-122.9551135,49.2065062]]}},{"type":"Feature","properties":{"type":"segment","id":"w92.0","kind":"yard","lines":[],"from":"n69","to":"n1099","length":53.99,"osmWay":92,"trackRef":"M8","maxspeed":15},"geometry":{"type":"LineString","coordinates":[[-122.9551135,49.2065062],[-122.9554423,49.2060708]]}},{"type":"Feature","properties":{"type":"segment","id":"w93.0","kind":"yard","lines":[],"from":"n1100","to":"n70","length":72.35,"osmWay":93,"trackRef":"M3","maxspeed":15},"geometry":{"type":"LineString","coordinates":[[-122.9564939,49.2065845],[-122.9563019,49.2068382],[-122.9562834,49.2068635],[-122.9562677,49.206892],[-122.9562524,49.2069262],[-122.9561999,49.2070967],[-122.9561802,49.2071425],[-122.956149,49.2071905]]}},{"type":"Feature","properties":{"type":"segment","id":"w94.0","kind":"main","lines":["expo"],"from":"n38","to":"n71","length":358.64,"osmWay":94,"name":"SkyTrain Expo Line","maxspeed":75},"geometry":{"type":"LineString","coordinates":[[-122.957237,49.2063732],[-122.9570036,49.2066798],[-122.9568388,49.2069021],[-122.9567425,49.2070346],[-122.9566785,49.207127],[-122.9566296,49.2072041],[-122.956581,49.2072929],[-122.9565425,49.2073694],[-122.9565077,49.207455],[-122.9564754,49.2075423],[-122.9564505,49.2076312],[-122.9564312,49.2077213],[-122.9564178,49.2078167],[-122.9564112,49.2079206],[-122.9564126,49.2080135],[-122.9564205,49.2081114],[-122.9564375,49.2082167],[-122.9564591,49.2083105],[-122.9564814,49.2083893],[-122.9565119,49.2084669],[-122.9565472,49.2085477],[-122.9565902,49.208634],[-122.9566449,49.2087245],[-122.9566991,49.2088106],[-122.9567565,49.2088884],[-122.956925,49.2090985],[-122.9571675,49.2093872]]}},{"type":"Feature","properties":{"type":"segment","id":"w95.0","kind":"yard","lines":[],"from":"n1132","to":"n72","length":71.41,"osmWay":95,"trackRef":"M1","maxspeed":15},"geometry":{"type":"LineString","coordinates":[[-122.9563881,49.20643],[-122.9561962,49.206686],[-122.9561744,49.2067192],[-122.9561601,49.2067501],[-122.9561495,49.206777],[-122.9560992,49.2069355],[-122.956081,49.2069798],[-122.9560485,49.2070286]]}},{"type":"Feature","properties":{"type":"segment","id":"w96.0","kind":"yard","lines":[],"from":"n73","to":"n74","length":158.04,"osmWay":96,"trackRef":"SL14"},"geometry":{"type":"LineString","coordinates":[[-123.12398,49.1972677],[-123.1229328,49.197653],[-123.1228117,49.197697],[-123.1226932,49.1977361],[-123.1225717,49.1977662],[-123.1224568,49.1977887],[-123.1222376,49.1978266],[-123.1221371,49.1978408],[-123.1220161,49.1978532]]}},{"type":"Feature","properties":{"type":"segment","id":"w97.0","kind":"yard","lines":[],"from":"n75","to":"n76","length":191.9,"osmWay":97,"trackRef":"SL5"},"geometry":{"type":"LineString","coordinates":[[-123.1222835,49.1979359],[-123.1221689,49.1979481],[-123.1220687,49.1979619],[-123.119725,49.1983626]]}},{"type":"Feature","properties":{"type":"segment","id":"w98.0","kind":"yard","lines":[],"from":"n1148","to":"n1153","length":65.15,"osmWay":98},"geometry":{"type":"LineString","coordinates":[[-123.1205008,49.1974141],[-123.120917,49.1972597],[-123.1209804,49.1972351],[-123.1210578,49.1971999],[-123.1211459,49.1971541],[-123.121253,49.1970978]]}},{"type":"Feature","properties":{"type":"segment","id":"w99.0","kind":"yard","lines":[],"from":"n77","to":"n78","length":21.83,"osmWay":99},"geometry":{"type":"LineString","coordinates":[[-123.1238573,49.1977944],[-123.1237365,49.1978227],[-123.123653,49.1978397],[-123.1235705,49.1978522]]}},{"type":"Feature","properties":{"type":"segment","id":"w100.0","kind":"yard","lines":[],"from":"n78","to":"n79","length":18.62,"osmWay":100},"geometry":{"type":"LineString","coordinates":[[-123.1235705,49.1978522],[-123.1233215,49.1978916]]}},{"type":"Feature","properties":{"type":"segment","id":"w101.0","kind":"yard","lines":[],"from":"n79","to":"n80","length":11.49,"osmWay":101},"geometry":{"type":"LineString","coordinates":[[-123.1233215,49.1978916],[-123.1231681,49.1979167]]}},{"type":"Feature","properties":{"type":"segment","id":"w102.0","kind":"yard","lines":[],"from":"n80","to":"n81","length":36.43,"osmWay":102},"geometry":{"type":"LineString","coordinates":[[-123.1231681,49.1979167],[-123.1230383,49.1979286],[-123.1229365,49.1979357],[-123.1228759,49.1979365],[-123.1228036,49.1979364],[-123.1226691,49.1979286]]}},{"type":"Feature","properties":{"type":"segment","id":"w103.0","kind":"yard","lines":[],"from":"n81","to":"n82","length":85.83,"osmWay":103},"geometry":{"type":"LineString","coordinates":[[-123.1226691,49.1979286],[-123.1223641,49.1979148],[-123.1217322,49.1978834],[-123.121491,49.1978725]]}},{"type":"Feature","properties":{"type":"segment","id":"w104.0","kind":"yard","lines":[],"from":"n82","to":"n83","length":59.71,"osmWay":104},"geometry":{"type":"LineString","coordinates":[[-123.121491,49.1978725],[-123.1212179,49.197855],[-123.1209921,49.1978457],[-123.1208502,49.1978381],[-123.1206715,49.1978365]]}},{"type":"Feature","properties":{"type":"segment","id":"w105.0","kind":"yard","lines":[],"from":"n84","to":"n85","length":187.63,"osmWay":105,"trackRef":"SL15"},"geometry":{"type":"LineString","coordinates":[[-123.1242623,49.1970972],[-123.1226189,49.1977031],[-123.1225344,49.1977297],[-123.122442,49.1977515],[-123.122361,49.1977651],[-123.1222775,49.1977737],[-123.1221865,49.1977809],[-123.121944,49.1977955]]}},{"type":"Feature","properties":{"type":"segment","id":"w106.0","kind":"yard","lines":[],"from":"n85","to":"n86","length":22.1,"osmWay":106,"trackRef":"SL15"},"geometry":{"type":"LineString","coordinates":[[-123.121944,49.1977955],[-123.121641,49.1978125]]}},{"type":"Feature","properties":{"type":"segment","id":"w107.0","kind":"yard","lines":[],"from":"n85","to":"n87","length":186.33,"osmWay":107,"trackRef":"SL16"},"geometry":{"type":"LineString","coordinates":[[-123.121944,49.1977955],[-123.1220976,49.1977793],[-123.1221925,49.1977659],[-123.122276,49.1977504],[-123.1223534,49.1977326],[-123.122423,49.1977129],[-123.1225,49.1976845],[-123.1242208,49.1970464]]}},{"type":"Feature","properties":{"type":"segment","id":"w108.0","kind":"yard","lines":[],"from":"n88","to":"n89","length":132.24,"osmWay":108,"name":"Maintenance of way track"},"geometry":{"type":"LineString","coordinates":[[-123.1224187,49.1965645],[-123.1222967,49.196615],[-123.1222071,49.1966595],[-123.1220224,49.1967564],[-123.121791,49.1968791],[-123.1217144,49.1969261],[-123.1216078,49.197005],[-123.1215399,49.1970511],[-123.1214748,49.1970906],[-123.1214193,49.1971232],[-123.1213566,49.1971545],[-123.1212858,49.1971835],[-123.1212092,49.1972133],[-123.1209933,49.1972944]]}},{"type":"Feature","properties":{"type":"segment","id":"w109.0","kind":"yard","lines":[],"from":"n89","to":"n1189","length":5.55,"osmWay":109,"name":"Maintenance of way track"},"geometry":{"type":"LineString","coordinates":[[-123.1209933,49.1972944],[-123.120925,49.1973168]]}},{"type":"Feature","properties":{"type":"segment","id":"w110.0","kind":"yard","lines":[],"from":"n79","to":"n90","length":38.53,"osmWay":110,"name":"Bypass track"},"geometry":{"type":"LineString","coordinates":[[-123.1233215,49.1978916],[-123.1235492,49.1978341],[-123.1238093,49.1977561]]}},{"type":"Feature","properties":{"type":"segment","id":"w111.0","kind":"yard","lines":[],"from":"n90","to":"n91","length":282.32,"osmWay":111,"name":"Bypass track"},"geometry":{"type":"LineString","coordinates":[[-123.1238093,49.1977561],[-123.1239261,49.1977091],[-123.12399,49.1976771],[-123.1240734,49.1976316],[-123.1241509,49.1975789],[-123.1242148,49.1975243],[-123.1242741,49.1974613],[-123.1243274,49.1973963],[-123.1243569,49.1973406],[-123.1243889,49.1972719],[-123.124407,49.1972065],[-123.1244178,49.1971291],[-123.1244145,49.1970648],[-123.1244039,49.1969963],[-123.1243829,49.1969249],[-123.1243547,49.1968648],[-123.1243192,49.1968057],[-123.1242802,49.1967577],[-123.1242241,49.1966963],[-123.1241523,49.1966369],[-123.1240853,49.1965913],[-123.1240062,49.1965455],[-123.1239068,49.1964982],[-123.1238286,49.1964703],[-123.1237295,49.196438],[-123.1236347,49.1964172],[-123.1235205,49.1963978],[-123.1234107,49.1963883],[-123.1233135,49.1963867],[-123.1231972,49.1963907],[-123.1230991,49.1964016],[-123.1229934,49.1964179],[-123.1228897,49.1964431],[-123.1227954,49.1964732],[-123.1227135,49.1965042],[-123.122649,49.1965322],[-123.1225767,49.1965699],[-123.1224911,49.1966271]]}},{"type":"Feature","properties":{"type":"segment","id":"w112.0","kind":"yard","lines":[],"from":"n91","to":"n92","length":39.04,"osmWay":112,"name":"Bypass track"},"geometry":{"type":"LineString","coordinates":[[-123.1224911,49.1966271],[-123.1223149,49.1967657],[-123.1221396,49.1968925]]}},{"type":"Feature","properties":{"type":"segment","id":"w113.0","kind":"yard","lines":[],"from":"n92","to":"n93","length":22.32,"osmWay":113,"name":"Bypass track"},"geometry":{"type":"LineString","coordinates":[[-123.1221396,49.1968925],[-123.12194,49.1970451]]}},{"type":"Feature","properties":{"type":"segment","id":"w114.0","kind":"yard","lines":[],"from":"n1228","to":"n93","length":81.9,"osmWay":114},"geometry":{"type":"LineString","coordinates":[[-123.1210005,49.1974459],[-123.1215973,49.1972263],[-123.12166,49.1972008],[-123.1217171,49.1971751],[-123.1217895,49.197137],[-123.1218593,49.1970973],[-123.12194,49.1970451]]}},{"type":"Feature","properties":{"type":"segment","id":"w115.0","kind":"yard","lines":[],"from":"n1234","to":"n94","length":8.87,"osmWay":115,"name":"Transition track"},"geometry":{"type":"LineString","coordinates":[[-123.1232752,49.1979559],[-123.1233249,49.1979432],[-123.1233879,49.1979252]]}},{"type":"Feature","properties":{"type":"segment","id":"w116.0","kind":"yard","lines":[],"from":"n94","to":"n77","length":37.08,"osmWay":116,"name":"Transition track"},"geometry":{"type":"LineString","coordinates":[[-123.1233879,49.1979252],[-123.1238573,49.1977944]]}},{"type":"Feature","properties":{"type":"segment","id":"w117.0","kind":"yard","lines":[],"from":"n77","to":"n95","length":297.08,"osmWay":117,"name":"Transition track"},"geometry":{"type":"LineString","coordinates":[[-123.1238573,49.1977944],[-123.123947,49.1977627],[-123.1240531,49.1977155],[-123.1241181,49.1976827],[-123.1241815,49.1976462],[-123.1242415,49.197607],[-123.124305,49.1975522],[-123.124365,49.1974945],[-123.124406,49.1974393],[-123.1244451,49.1973822],[-123.124478,49.1973151],[-123.124499,49.1972563],[-123.124511,49.197197],[-123.1245165,49.1971329],[-123.124511,49.1970597],[-123.124498,49.1969956],[-123.1244705,49.1969219],[-123.1244326,49.196851],[-123.1243896,49.1967897],[-123.1243334,49.1967269],[-123.1242765,49.1966727],[-123.124215,49.1966203],[-123.124146,49.1965696],[-123.1240545,49.1965178],[-123.1239606,49.1964706],[-123.1238756,49.196437],[-123.1237796,49.1964065],[-123.1236603,49.1963777],[-123.123548,49.1963593],[-123.1234345,49.1963489],[-123.123319,49.1963438],[-123.1232005,49.1963487],[-123.1230906,49.1963591],[-123.1229855,49.1963755],[-123.1228915,49.1963977],[-123.1227895,49.1964272],[-123.1226826,49.1964671],[-123.122455,49.1965514]]}},{"type":"Feature","properties":{"type":"segment","id":"w118.0","kind":"yard","lines":[],"from":"n92","to":"n1278","length":103.03,"osmWay":118},"geometry":{"type":"LineString","coordinates":[[-123.1221396,49.1968925],[-123.1220403,49.1969597],[-123.121964,49.1970018],[-123.1218845,49.197045],[-123.1218133,49.1970789],[-123.1217458,49.1971083],[-123.1216789,49.1971314],[-123.1209584,49.1973965]]}},{"type":"Feature","properties":{"type":"segment","id":"w119.0","kind":"tail","lines":["canada"],"from":"n1279","to":"n95","length":33.32,"osmWay":119,"name":"South tail track"},"geometry":{"type":"LineString","coordinates":[[-123.1228224,49.1963726],[-123.1227444,49.1964119],[-123.122671,49.1964517],[-123.1225978,49.1964899],[-123.122455,49.1965514]]}},{"type":"Feature","properties":{"type":"segment","id":"w120.0","kind":"yard","lines":[],"from":"n1283","to":"n1284","length":65.42,"osmWay":120},"geometry":{"type":"LineString","coordinates":[[-123.1212423,49.1970771],[-123.1204584,49.1973664]]}},{"type":"Feature","properties":{"type":"segment","id":"w121.0","kind":"yard","lines":[],"from":"n96","to":"n91","length":134.38,"osmWay":121},"geometry":{"type":"LineString","coordinates":[[-123.1213656,49.1975536],[-123.1216335,49.197446],[-123.1217228,49.1974003],[-123.1217884,49.1973641],[-123.1218462,49.1973301],[-123.1219094,49.1972794],[-123.1219706,49.1972206],[-123.1220111,49.1971779],[-123.122084,49.1970816],[-123.1221498,49.1969945],[-123.1222156,49.1969073],[-123.1222751,49.1968395],[-123.1223376,49.1967687],[-123.1224031,49.1967089],[-123.1224911,49.1966271]]}},{"type":"Feature","properties":{"type":"segment","id":"w122.0","kind":"yard","lines":[],"from":"n97","to":"n86","length":207.15,"osmWay":122,"trackRef":"SL17"},"geometry":{"type":"LineString","coordinates":[[-123.1241965,49.1970174],[-123.1224766,49.1976539],[-123.1223786,49.1976852],[-123.1222606,49.1977155],[-123.1221717,49.1977353],[-123.1218974,49.197784],[-123.1217895,49.1977994],[-123.121641,49.1978125]]}},{"type":"Feature","properties":{"type":"segment","id":"w123.0","kind":"yard","lines":[],"from":"n75","to":"n98","length":191.78,"osmWay":123,"trackRef":"SL6"},"geometry":{"type":"LineString","coordinates":[[-123.1222835,49.1979359],[-123.1220713,49.1979476],[-123.1219683,49.1979536],[-123.1218638,49.1979637],[-123.1217533,49.1979802],[-123.1209518,49.1981179],[-123.1197185,49.1983301]]}},{"type":"Feature","properties":{"type":"segment","id":"w124.0","kind":"yard","lines":[],"from":"n82","to":"n74","length":38.26,"osmWay":124,"trackRef":"SL13"},"geometry":{"type":"LineString","coordinates":[[-123.121491,49.1978725],[-123.1216325,49.1978744],[-123.1217256,49.1978701],[-123.1220161,49.1978532]]}},{"type":"Feature","properties":{"type":"segment","id":"w125.0","kind":"yard","lines":[],"from":"n74","to":"n99","length":159.38,"osmWay":125,"trackRef":"SL13"},"geometry":{"type":"LineString","coordinates":[[-123.1220161,49.1978532],[-123.1222427,49.1978395],[-123.1223399,49.1978338],[-123.1224344,49.1978236],[-123.1225298,49.1978087],[-123.1226223,49.1977925],[-123.1227188,49.1977682],[-123.1228062,49.1977411],[-123.1240055,49.197297]]}},{"type":"Feature","properties":{"type":"segment","id":"w126.0","kind":"yard","lines":[],"from":"n89","to":"n100","length":75.56,"osmWay":126},"geometry":{"type":"LineString","coordinates":[[-123.1209933,49.1972944],[-123.1211031,49.1972484],[-123.1211884,49.1972086],[-123.1212471,49.1971764],[-123.1213201,49.1971342],[-123.1213956,49.1970804],[-123.1215867,49.196939],[-123.1216466,49.1968979],[-123.1217521,49.1968346]]}},{"type":"Feature","properties":{"type":"segment","id":"w127.0","kind":"main","lines":["expo"],"from":"n1325","to":"n682","length":369.41,"osmWay":127,"name":"SkyTrain Expo Line","maxspeed":90},"geometry":{"type":"LineString","coordinates":[[-123.0427777,49.2428812],[-123.0384727,49.2411099]]}},{"type":"Feature","properties":{"type":"segment","id":"w128.0","kind":"main","lines":["expo"],"from":"n1326","to":"n1325","length":284.29,"osmWay":128,"name":"SkyTrain Expo Line","maxspeed":90},"geometry":{"type":"LineString","coordinates":[[-123.0461076,49.2442265],[-123.0458731,49.2441296],[-123.0453903,49.2439246],[-123.0449299,49.2437342],[-123.0427777,49.2428812]]}},{"type":"Feature","properties":{"type":"segment","id":"w129.0","kind":"main","lines":["millennium"],"from":"n1330","to":"n101","length":49.76,"osmWay":129,"name":"SkyTrain Millennium Line","layer":1,"bridge":true},"geometry":{"type":"LineString","coordinates":[[-123.0795545,49.2659134],[-123.080221,49.2660188]]}},{"type":"Feature","properties":{"type":"segment","id":"w130.0","kind":"main","lines":["millennium"],"from":"n101","to":"n102","length":25.25,"osmWay":130,"name":"SkyTrain Millennium Line","layer":1,"bridge":true},"geometry":{"type":"LineString","coordinates":[[-123.080221,49.2660188],[-123.080558,49.2660753]]}},{"type":"Feature","properties":{"type":"segment","id":"w131.0","kind":"main","lines":["millennium"],"from":"n102","to":"n103","length":91.04,"osmWay":131,"name":"SkyTrain Millennium Line","layer":1,"bridge":true},"geometry":{"type":"LineString","coordinates":[[-123.080558,49.2660753],[-123.08117,49.266177],[-123.0817734,49.2662785]]}},{"type":"Feature","properties":{"type":"segment","id":"w132.0","kind":"main","lines":["millennium"],"from":"n1332","to":"n1341","length":230.64,"osmWay":132,"name":"SkyTrain Millennium Line","layer":1,"bridge":true},"geometry":{"type":"LineString","coordinates":[[-122.8876305,49.2639029],[-122.8879779,49.2636167],[-122.888194,49.263436],[-122.8882876,49.2633519],[-122.8883746,49.2632668],[-122.8885185,49.2630789],[-122.8886569,49.2628368],[-122.8889203,49.2623172],[-122.8889929,49.2621976],[-122.8890756,49.2620802]]}},{"type":"Feature","properties":{"type":"segment","id":"w133.0","kind":"main","lines":["millennium"],"from":"n1342","to":"n104","length":622.98,"osmWay":133,"name":"SkyTrain Millennium Line","layer":1,"bridge":true},"geometry":{"type":"LineString","coordinates":[[-122.8928922,49.2514363],[-122.8928659,49.249308],[-122.892835,49.2488166],[-122.8928261,49.2480712],[-122.8928219,49.2479337],[-122.8928311,49.247865],[-122.8928485,49.2477962],[-122.8928757,49.2477147],[-122.8929213,49.2476341],[-122.8929746,49.2475614],[-122.8930435,49.2474896],[-122.8931404,49.2474061],[-122.8932387,49.2473466],[-122.8933405,49.2472949],[-122.8934466,49.2472537],[-122.8935723,49.2472174],[-122.8937164,49.2471894],[-122.8938337,49.2471752],[-122.8939665,49.2471665],[-122.8940792,49.2471707],[-122.8941919,49.2471805],[-122.8943537,49.2472099],[-122.8944684,49.2472412],[-122.8945915,49.2472822],[-122.8948742,49.2474065],[-122.8951814,49.2475794]]}},{"type":"Feature","properties":{"type":"segment","id":"w134.0","kind":"main","lines":["millennium"],"from":"n1367","to":"n1332","length":134.88,"osmWay":134,"name":"SkyTrain Millennium Line"},"geometry":{"type":"LineString","coordinates":[[-122.8864552,49.2648427],[-122.8876305,49.2639029]]}},{"type":"Feature","properties":{"type":"segment","id":"w135.0","kind":"main","lines":["millennium"],"from":"n1368","to":"n1383","length":1369.4,"osmWay":135,"name":"SkyTrain Millennium Line","trackRef":"TUI","layer":-1,"tunnel":true},"geometry":{"type":"LineString","coordinates":[[-122.8664666,49.2792723],[-122.8669459,49.2793297],[-122.8673753,49.279367],[-122.8677088,49.2793838],[-122.868359,49.2793802],[-122.8691717,49.2792877],[-122.8701482,49.2790609],[-122.8708659,49.2787568],[-122.8716572,49.2782543],[-122.8723184,49.2777417],[-122.8728248,49.277228],[-122.8739681,49.2756408],[-122.8760193,49.2728463],[-122.8764059,49.2723939],[-122.8766454,49.2721619],[-122.8782709,49.2708996]]}},{"type":"Feature","properties":{"type":"segment","id":"w136.0","kind":"main","lines":["millennium"],"from":"n1384","to":"n105","length":59.48,"osmWay":136,"name":"SkyTrain Millennium Line","layer":1,"bridge":true},"geometry":{"type":"LineString","coordinates":[[-122.861518,49.2787093],[-122.8620032,49.2787781],[-122.862322,49.2788135]]}},{"type":"Feature","properties":{"type":"segment","id":"w137.0","kind":"main","lines":["millennium"],"from":"n105","to":"n106","length":225.76,"osmWay":137,"name":"SkyTrain Millennium Line","layer":1,"bridge":true},"geometry":{"type":"LineString","coordinates":[[-122.862322,49.2788135],[-122.8642869,49.2790314],[-122.86539,49.2791544]]}},{"type":"Feature","properties":{"type":"segment","id":"w138.0","kind":"main","lines":["millennium"],"from":"n106","to":"n1387","length":51.77,"osmWay":138,"name":"SkyTrain Millennium Line","layer":1,"bridge":true},"geometry":{"type":"LineString","coordinates":[[-122.86539,49.2791544],[-122.8660936,49.2792322]]}},{"type":"Feature","properties":{"type":"segment","id":"w139.0","kind":"main","lines":["millennium"],"from":"n1388","to":"n1404","length":578.85,"osmWay":139,"name":"SkyTrain Millennium Line"},"geometry":{"type":"LineString","coordinates":[[-122.8362058,49.2778641],[-122.8363672,49.277875],[-122.8367154,49.2778886],[-122.8371638,49.2778997],[-122.8374907,49.2779032],[-122.8379342,49.2779108],[-122.8383499,49.2779157],[-122.8392282,49.2779322],[-122.8404154,49.2779539],[-122.8414171,49.2779716],[-122.8418894,49.2779756],[-122.8424474,49.2779773],[-122.8428565,49.2779787],[-122.8432767,49.2779794],[-122.8436502,49.2779811],[-122.844092,49.2779852],[-122.8441818,49.2779863]]}},{"type":"Feature","properties":{"type":"segment","id":"w140.0","kind":"main","lines":["millennium"],"from":"n1405","to":"n1388","length":562.85,"osmWay":140,"name":"SkyTrain Millennium Line","layer":1,"bridge":true},"geometry":{"type":"LineString","coordinates":[[-122.8285382,49.277328],[-122.8292627,49.2774518],[-122.8300346,49.2775431],[-122.8306219,49.2776135],[-122.8309698,49.2776559],[-122.8314393,49.2777093],[-122.8320068,49.277734],[-122.8324567,49.2777225],[-122.8325661,49.27772],[-122.8331273,49.277686],[-122.8335976,49.27766],[-122.8336968,49.2776563],[-122.8338,49.2776512],[-122.83398,49.2776506],[-122.8341957,49.2776618],[-122.8344703,49.2776813],[-122.8348958,49.2777254],[-122.8352681,49.2777667],[-122.835451,49.277788],[-122.8356815,49.2778138],[-122.8358734,49.2778363],[-122.8362058,49.2778641]]}},{"type":"Feature","properties":{"type":"segment","id":"w141.0","kind":"main","lines":["millennium"],"from":"n1426","to":"n1405","length":137.1,"osmWay":141,"name":"SkyTrain Millennium Line","layer":-1,"tunnel":true},"geometry":{"type":"LineString","coordinates":[[-122.8267245,49.2769815],[-122.827001,49.2770344],[-122.8276627,49.2771611],[-122.8285382,49.277328]]}},{"type":"Feature","properties":{"type":"segment","id":"w142.0","kind":"main","lines":["millennium"],"from":"n107","to":"n1430","length":130.86,"osmWay":142,"name":"SkyTrain Millennium Line","layer":1,"bridge":true},"geometry":{"type":"LineString","coordinates":[[-122.7912483,49.2864521],[-122.791458,49.286076],[-122.791866,49.2853464]]}},{"type":"Feature","properties":{"type":"segment","id":"w143.0","kind":"main","lines":["expo"],"from":"n1431","to":"n108","length":372.84,"osmWay":143,"name":"SkyTrain Expo Line","maxspeed":60,"layer":2,"bridge":true},"geometry":{"type":"LineString","coordinates":[[-123.0066539,49.2270212],[-123.0058424,49.2266622],[-123.0050598,49.2262982],[-123.0046637,49.2261188],[-123.0041434,49.2258757],[-123.0039065,49.2257663],[-123.0038276,49.2257308],[-123.0033027,49.2254948],[-123.0031194,49.2254076],[-123.0028602,49.2252875],[-123.0025886,49.225157],[-123.002459,49.2250887]]}},{"type":"Feature","properties":{"type":"segment","id":"w144.0","kind":"main","lines":["expo"],"from":"n108","to":"n1442","length":54.13,"osmWay":144,"name":"SkyTrain Expo Line","maxspeed":60,"layer":2,"bridge":true},"geometry":{"type":"LineString","coordinates":[[-123.002459,49.2250887],[-123.0018739,49.2247871]]}},{"type":"Feature","properties":{"type":"segment","id":"w145.0","kind":"main","lines":["canada"],"from":"n109","to":"n110","length":179.86,"osmWay":145,"name":"SkyTrain Canada Line","layer":1,"bridge":true},"geometry":{"type":"LineString","coordinates":[[-123.1365091,49.1726229],[-123.1364704,49.1728102],[-123.1364471,49.1729624],[-123.1364528,49.173632],[-123.1364497,49.1742379]]}},{"type":"Feature","properties":{"type":"segment","id":"w146.0","kind":"main","lines":["canada"],"from":"n110","to":"n1494","length":2430.58,"osmWay":146,"name":"SkyTrain Canada Line","layer":1,"bridge":true},"geometry":{"type":"LineString","coordinates":[[-123.1364497,49.1742379],[-123.13645,49.1747215],[-123.1364373,49.1751853],[-123.1364304,49.1770778],[-123.136427,49.1781602],[-123.1364426,49.1795327],[-123.1364395,49.1802646],[-123.136427,49.1810473],[-123.1364063,49.1822196],[-123.1363237,49.1833851],[-123.136287,49.1839196],[-123.1362239,49.1844786],[-123.1361585,49.1847126],[-123.1360793,49.1848611],[-123.1359898,49.1850186],[-123.1348022,49.1862291],[-123.1343719,49.1866611],[-123.1328917,49.1881685],[-123.1324373,49.1886094],[-123.131451,49.18953],[-123.1307866,49.1901321],[-123.1306233,49.1902969],[-123.1305198,49.1904275],[-123.13043,49.1905452],[-123.1303568,49.1906545],[-123.1302637,49.1908172],[-123.1302157,49.1909267],[-123.1301646,49.1910556],[-123.1301157,49.1912216],[-123.1300879,49.1913655],[-123.1300658,49.1915095],[-123.1300555,49.1926101],[-123.1300553,49.1928011],[-123.1300332,49.1929458],[-123.1300058,49.193098],[-123.1299532,49.1932493],[-123.1298935,49.1934002],[-123.1298104,49.1935266],[-123.129741,49.1936221],[-123.1296633,49.1937128],[-123.1295667,49.1938109],[-123.1294825,49.1938896],[-123.1293869,49.1939676],[-123.1292819,49.1940433],[-123.1291512,49.1941259],[-123.1290222,49.1941987],[-123.1288925,49.1942648],[-123.1287759,49.1943229],[-123.1285251,49.1944381],[-123.1283518,49.1945168]]}},{"type":"Feature","properties":{"type":"segment","id":"w147.0","kind":"main","lines":["canada"],"from":"n1495","to":"n1500","length":50.44,"osmWay":147,"name":"SkyTrain Canada Line","layer":2,"bridge":true},"geometry":{"type":"LineString","coordinates":[[-123.1311004,49.1946384],[-123.1309815,49.1945889],[-123.1308099,49.1945185],[-123.1307136,49.1944828],[-123.1306115,49.1944485],[-123.1304985,49.1944135]]}},{"type":"Feature","properties":{"type":"segment","id":"w148.0","kind":"crossover","lines":["canada"],"from":"n111","to":"n112","length":103.24,"osmWay":148,"layer":2,"bridge":true},"geometry":{"type":"LineString","coordinates":[[-123.1255604,49.195704],[-123.1252981,49.1958375],[-123.1251038,49.195956],[-123.124897,49.1961062],[-123.1247245,49.196212],[-123.124512,49.1963279]]}},{"type":"Feature","properties":{"type":"segment","id":"w149.0","kind":"main","lines":["expo"],"from":"n1505","to":"n1506","length":58.54,"osmWay":149,"name":"SkyTrain Expo Line","maxspeed":90,"layer":-1,"tunnel":true},"geometry":{"type":"LineString","coordinates":[[-123.0473171,49.2447275],[-123.0466378,49.2444437]]}},{"type":"Feature","properties":{"type":"segment","id":"w150.0","kind":"main","lines":["expo"],"from":"n1507","to":"n1505","length":514.54,"osmWay":150,"name":"SkyTrain Expo Line","maxspeed":90},"geometry":{"type":"LineString","coordinates":[[-123.0532957,49.2472134],[-123.0502142,49.2459304],[-123.0481922,49.2450891],[-123.0477364,49.244902],[-123.0473171,49.2447275]]}},{"type":"Feature","properties":{"type":"segment","id":"w151.0","kind":"main","lines":["expo"],"from":"n1511","to":"n1532","length":339.35,"osmWay":151,"name":"SkyTrain Expo Line","maxspeed":65,"layer":2,"bridge":true},"geometry":{"type":"LineString","coordinates":[[-123.1060242,49.277836],[-123.1061944,49.2778574],[-123.1063052,49.2778756],[-123.1063835,49.2778899],[-123.1064629,49.2779066],[-123.1065444,49.2779253],[-123.1066128,49.2779419],[-123.1067476,49.2779787],[-123.1068816,49.2780211],[-123.1069894,49.2780589],[-123.1071031,49.2781009],[-123.1072107,49.2781455],[-123.1072938,49.2781845],[-123.1074048,49.2782393],[-123.1075043,49.2782929],[-123.107589,49.278342],[-123.1076796,49.2783977],[-123.1079448,49.2785679],[-123.108388,49.2788637],[-123.1084426,49.2788993],[-123.109242,49.2794219],[-123.1096496,49.2796794]]}},{"type":"Feature","properties":{"type":"segment","id":"w152.0","kind":"siding","lines":["expo"],"from":"n113","to":"n1533","length":12.06,"osmWay":152,"maxspeed":25,"layer":-3,"tunnel":true},"geometry":{"type":"LineString","coordinates":[[-123.109987,49.2797803],[-123.1098901,49.2796922]]}},{"type":"Feature","properties":{"type":"segment","id":"w153.0","kind":"main","lines":["expo"],"from":"n114","to":"n115","length":45.41,"osmWay":153,"name":"SkyTrain Expo Line","layer":1,"bridge":true},"geometry":{"type":"LineString","coordinates":[[-122.8953533,49.2476749],[-122.895833,49.247937]]}},{"type":"Feature","properties":{"type":"segment","id":"w154.0","kind":"main","lines":["expo"],"from":"n115","to":"n116","length":230.35,"osmWay":154,"name":"SkyTrain Expo Line","layer":1,"bridge":true},"geometry":{"type":"LineString","coordinates":[[-122.895833,49.247937],[-122.8968053,49.2484747],[-122.8975814,49.2488969],[-122.8977929,49.2489866],[-122.8980274,49.2490664],[-122.898356,49.2491805]]}},{"type":"Feature","properties":{"type":"segment","id":"w155.0","kind":"main","lines":["expo","millennium"],"from":"n117","to":"n1551","length":767.99,"osmWay":155,"name":"SkyTrain Expo and Millennium Lines","layer":1,"bridge":true},"geometry":{"type":"LineString","coordinates":[[-122.898501,49.2492336],[-122.8990958,49.2494413],[-122.899556,49.2496315],[-122.9004944,49.2501283],[-122.9009372,49.2503306],[-122.9015834,49.2505713],[-122.9023549,49.2508316],[-122.9028869,49.250981],[-122.9033241,49.2510878],[-122.9039088,49.2512086],[-122.9054287,49.2514357],[-122.9063407,49.2515652],[-122.9066608,49.2516235],[-122.9073706,49.2517683],[-122.9081029,49.2519294]]}},{"type":"Feature","properties":{"type":"segment","id":"w156.0","kind":"crossover","lines":["millennium"],"from":"n114","to":"n118","length":76.46,"osmWay":156,"name":"SkyTrain Millennium Line","layer":1,"bridge":true},"geometry":{"type":"LineString","coordinates":[[-122.8953533,49.2476749],[-122.8955162,49.2477424],[-122.8960866,49.2479804],[-122.896237,49.248049]]}},{"type":"Feature","properties":{"type":"segment","id":"w157.0","kind":"main","lines":["expo"],"from":"n1554","to":"n119","length":380.87,"osmWay":157,"name":"SkyTrain Expo Line","layer":2,"bridge":true},"geometry":{"type":"LineString","coordinates":[[-122.8846164,49.2370083],[-122.8848657,49.2371756],[-122.8850497,49.237297],[-122.8852111,49.2373983],[-122.8854981,49.2375675],[-122.8862303,49.2380026],[-122.8871988,49.238578],[-122.8884911,49.2393161]]}},{"type":"Feature","properties":{"type":"segment","id":"w158.0","kind":"main","lines":["expo"],"from":"n119","to":"n1579","length":802.88,"osmWay":158,"name":"SkyTrain Expo Line","layer":2,"bridge":true},"geometry":{"type":"LineString","coordinates":[[-122.8884911,49.2393161],[-122.8891728,49.2397448],[-122.8898196,49.2400833],[-122.8901262,49.2402533],[-122.8904627,49.2404505],[-122.8912668,49.2409176],[-122.8915583,49.241097],[-122.8917957,49.2412566],[-122.8919675,49.2413885],[-122.8921289,49.2415341],[-122.8922817,49.2417142],[-122.892355,49.2418134],[-122.892437,49.2419305],[-122.8925184,49.2420657],[-122.892667,49.2423593],[-122.8927306,49.2425823],[-122.8927692,49.2428875],[-122.8927914,49.2437184],[-122.8928093,49.2444951],[-122.8928274,49.2454187]]}},{"type":"Feature","properties":{"type":"segment","id":"w159.0","kind":"tail","lines":["expo"],"from":"n120","to":"n121","length":165.83,"osmWay":159,"name":"Waterfront Tail","maxspeed":25},"geometry":{"type":"LineString","coordinates":[[-123.1097775,49.2852233],[-123.110745,49.2856159],[-123.11171,49.2860202]]}},{"type":"Feature","properties":{"type":"segment","id":"w160.0","kind":"main","lines":["expo"],"from":"n122","to":"n121","length":78.55,"osmWay":160,"maxspeed":15},"geometry":{"type":"LineString","coordinates":[[-123.110834,49.2856067],[-123.1112602,49.2857834],[-123.11171,49.2860202]]}},{"type":"Feature","properties":{"type":"segment","id":"w161.0","kind":"main","lines":["expo"],"from":"n122","to":"n123","length":122.14,"osmWay":161,"maxspeed":25},"geometry":{"type":"LineString","coordinates":[[-123.110834,49.2856067],[-123.110156,49.2853292],[-123.1097615,49.2851669],[-123.1093888,49.2850447]]}},{"type":"Feature","properties":{"type":"segment","id":"w162.0","kind":"main","lines":["expo"],"from":"n1584","to":"n1586","length":67.54,"osmWay":162,"name":"SkyTrain Expo Line","maxspeed":50},"geometry":{"type":"LineString","coordinates":[[-123.1122977,49.2861531],[-123.112088,49.2860676],[-123.1115095,49.2858297]]}},{"type":"Feature","properties":{"type":"segment","id":"w163.0","kind":"main","lines":["expo"],"from":"n1587","to":"n124","length":99.32,"osmWay":163,"name":"SkyTrain Expo Line","maxspeed":60,"layer":-2,"tunnel":true},"geometry":{"type":"LineString","coordinates":[[-123.1178808,49.288026],[-123.116595,49.2877188]]}},{"type":"Feature","properties":{"type":"segment","id":"w164.0","kind":"main","lines":["expo"],"from":"n124","to":"n125","length":64.75,"osmWay":164,"name":"SkyTrain Expo Line","maxspeed":60,"layer":-2,"tunnel":true},"geometry":{"type":"LineString","coordinates":[[-123.116595,49.2877188],[-123.1161059,49.2876063],[-123.1159924,49.287575],[-123.1158491,49.2875323],[-123.115768,49.2875022]]}},{"type":"Feature","properties":{"type":"segment","id":"w165.0","kind":"main","lines":["expo"],"from":"n125","to":"n1584","length":293.04,"osmWay":165,"name":"SkyTrain Expo Line","maxspeed":60,"layer":-2,"tunnel":true},"geometry":{"type":"LineString","coordinates":[[-123.115768,49.2875022],[-123.1140045,49.2868283],[-123.1131147,49.2864884],[-123.1122977,49.2861531]]}},{"type":"Feature","properties":{"type":"segment","id":"w166.0","kind":"crossover","lines":["expo"],"from":"n4","to":"n124","length":37.55,"osmWay":166,"maxspeed":15,"layer":-1,"tunnel":true},"geometry":{"type":"LineString","coordinates":[[-123.1170394,49.2878921],[-123.116595,49.2877188]]}},{"type":"Feature","properties":{"type":"segment","id":"w167.0","kind":"main","lines":["expo"],"from":"n121","to":"n329","length":41.99,"osmWay":167,"name":"SkyTrain Expo Line","maxspeed":50},"geometry":{"type":"LineString","coordinates":[[-123.11171,49.2860202],[-123.112021,49.2861459],[-123.1122005,49.2862207]]}},{"type":"Feature","properties":{"type":"segment","id":"w168.0","kind":"main","lines":["expo"],"from":"n1594","to":"n1612","length":1020.25,"osmWay":168,"name":"SkyTrain Expo Line","maxspeed":90,"layer":-2,"tunnel":true},"geometry":{"type":"LineString","coordinates":[[-123.1097795,49.2797682],[-123.1098703,49.279822],[-123.1099299,49.2798525],[-123.1099924,49.2798851],[-123.1101149,49.2799499],[-123.1102382,49.2800067],[-123.1103341,49.2800435],[-123.1104718,49.2800966],[-123.1108166,49.2802073],[-123.1109992,49.2802707],[-123.1111515,49.2803397],[-123.1113364,49.2804464],[-123.1139513,49.2821323],[-123.1160353,49.2834541],[-123.1172607,49.2842311],[-123.1174973,49.284381],[-123.1190071,49.2852644],[-123.1197805,49.2857621],[-123.1201079,49.2859608]]}},{"type":"Feature","properties":{"type":"segment","id":"w169.0","kind":"crossover","lines":["expo","millennium"],"from":"n126","to":"n117","length":48.68,"osmWay":169,"name":"SkyTrain Expo and Millennium Lines","layer":1,"bridge":true},"geometry":{"type":"LineString","coordinates":[[-122.899115,49.2494097],[-122.898501,49.2492336]]}},{"type":"Feature","properties":{"type":"segment","id":"w170.0","kind":"main","lines":["canada"],"from":"n436","to":"n1620","length":252.84,"osmWay":170,"name":"SkyTrain Canada Line","layer":2,"bridge":true},"geometry":{"type":"LineString","coordinates":[[-123.1203281,49.1979237],[-123.1204812,49.1978353],[-123.1205982,49.1977725],[-123.1207451,49.1976997],[-123.1208954,49.1976318],[-123.1210755,49.1975584],[-123.1214407,49.1974268],[-123.1221237,49.1971918],[-123.1233229,49.1967785]]}},{"type":"Feature","properties":{"type":"segment","id":"w171.0","kind":"main","lines":["canada"],"from":"n1621","to":"n127","length":2477.5,"osmWay":171,"name":"SkyTrain Canada Line","layer":1,"bridge":true},"geometry":{"type":"LineString","coordinates":[[-123.1283894,49.1945536],[-123.1285804,49.1944661],[-123.1287736,49.1943775],[-123.1289455,49.1942944],[-123.1290846,49.1942219],[-123.1292066,49.1941524],[-123.12934,49.1940654],[-123.1294548,49.1939817],[-123.1295525,49.1939018],[-123.1296385,49.1938195],[-123.1297187,49.1937352],[-123.1297795,49.1936641],[-123.1298546,49.1935638],[-123.1299501,49.1934098],[-123.130021,49.1932539],[-123.1300642,49.1931046],[-123.1300921,49.1929475],[-123.1301132,49.1928072],[-123.1301248,49.1926128],[-123.1301295,49.1916068],[-123.1301396,49.1914523],[-123.1301538,49.1913445],[-123.1301894,49.1912046],[-123.1302201,49.1911021],[-123.1302951,49.1909037],[-123.130357,49.1907776],[-123.1305054,49.1905394],[-123.1306208,49.1903867],[-123.1307188,49.1902759],[-123.1309804,49.190023],[-123.1315066,49.1895518],[-123.1321859,49.1889059],[-123.1324322,49.1886908],[-123.1327784,49.188366],[-123.133469,49.1876854],[-123.1347573,49.1863639],[-123.1357378,49.1853605],[-123.1359669,49.1851336],[-123.1360885,49.1849792],[-123.1361923,49.1847991],[-123.1362818,49.1845535],[-123.136314,49.1843921],[-123.136362,49.1839068],[-123.1363963,49.1834401],[-123.1364679,49.1824858],[-123.1365037,49.1818261],[-123.1365133,49.1802637],[-123.136498,49.1791918],[-123.1364921,49.177159],[-123.1364967,49.1767423],[-123.1365171,49.1747208],[-123.1365188,49.1743017],[-123.1365223,49.1738591]]}},{"type":"Feature","properties":{"type":"segment","id":"w172.0","kind":"main","lines":["canada"],"from":"n127","to":"n109","length":137.46,"osmWay":172,"name":"SkyTrain Canada Line","layer":1,"bridge":true},"geometry":{"type":"LineString","coordinates":[[-123.1365223,49.1738591],[-123.1365179,49.1735105],[-123.1365091,49.1726229]]}},{"type":"Feature","properties":{"type":"segment","id":"w173.0","kind":"main","lines":["canada"],"from":"n456","to":"n1685","length":814.06,"osmWay":173,"name":"SkyTrain Canada Line","layer":2,"bridge":true},"geometry":{"type":"LineString","coordinates":[[-123.1310742,49.1946805],[-123.1318162,49.1950145],[-123.1320934,49.1951298],[-123.1323791,49.1952423],[-123.132605,49.1953235],[-123.1328244,49.1953917],[-123.1330425,49.1954503],[-123.1332596,49.1955003],[-123.1334712,49.1955408],[-123.1336842,49.1955766],[-123.1339169,49.1956101],[-123.138038,49.1960895],[-123.1417883,49.1965235]]}},{"type":"Feature","properties":{"type":"segment","id":"w174.0","kind":"main","lines":["canada"],"from":"n1500","to":"n128","length":332.2,"osmWay":174,"name":"SkyTrain Canada Line","layer":2,"bridge":true},"geometry":{"type":"LineString","coordinates":[[-123.1304985,49.1944135],[-123.1303656,49.1943782],[-123.1302067,49.1943442],[-123.1300754,49.1943215],[-123.1299079,49.194299],[-123.1297525,49.1942841],[-123.1295947,49.1942775],[-123.1294532,49.1942763],[-123.1292598,49.1942825],[-123.1290934,49.1942954],[-123.1289444,49.1943133],[-123.1287884,49.1943407],[-123.1286512,49.1943675],[-123.128487,49.1944096],[-123.1283406,49.1944554],[-123.1281693,49.1945166],[-123.1279,49.1946361],[-123.1275459,49.1947979],[-123.1270165,49.1950395],[-123.126408,49.1953179]]}},{"type":"Feature","properties":{"type":"segment","id":"w175.0","kind":"main","lines":["expo"],"from":"n1704","to":"n1711","length":756.58,"osmWay":175,"name":"SkyTrain Expo Line","maxspeed":90,"layer":2,"bridge":true},"geometry":{"type":"LineString","coordinates":[[-122.8914546,49.2042714],[-122.892155,49.2044371],[-122.893959,49.2048756],[-122.898341,49.2059351],[-122.9003731,49.2064261],[-122.9006693,49.2064932],[-122.9009446,49.2065455],[-122.9012454,49.2065793]]}},{"type":"Feature","properties":{"type":"segment","id":"w176.0","kind":"crossover","lines":["expo"],"from":"n129","to":"n130","length":87.42,"osmWay":176,"name":"SkyTrain Expo Line","maxspeed":15,"layer":3,"bridge":true},"geometry":{"type":"LineString","coordinates":[[-122.873277,49.2045718],[-122.8730867,49.2045845],[-122.8722525,49.2046147],[-122.872077,49.2046273]]}},{"type":"Feature","properties":{"type":"segment","id":"w177.0","kind":"main","lines":["expo"],"from":"n1714","to":"n1716","length":31.42,"osmWay":177,"name":"SkyTrain Expo Line","maxspeed":70},"geometry":{"type":"LineString","coordinates":[[-122.9093529,49.2032294],[-122.9094878,49.2031607],[-122.909688,49.2030509]]}},{"type":"Feature","properties":{"type":"segment","id":"w178.0","kind":"crossover","lines":["expo"],"from":"n131","to":"n11","length":88.09,"osmWay":178,"maxspeed":15,"layer":1,"bridge":true},"geometry":{"type":"LineString","coordinates":[[-122.850546,49.1975888],[-122.8505661,49.1977462],[-122.85066,49.1982216],[-122.850681,49.1983759]]}},{"type":"Feature","properties":{"type":"segment","id":"w179.0","kind":"main","lines":["expo"],"from":"n1719","to":"n25","length":50.6,"osmWay":179,"name":"SkyTrain Expo Line","maxspeed":75},"geometry":{"type":"LineString","coordinates":[[-122.9583979,49.2048245],[-122.958094,49.205234]]}},{"type":"Feature","properties":{"type":"segment","id":"w180.0","kind":"main","lines":["expo"],"from":"n132","to":"n133","length":282.71,"osmWay":180,"name":"SkyTrain Expo Line","maxspeed":70,"layer":1,"bridge":true},"geometry":{"type":"LineString","coordinates":[[-122.8405763,49.1812071],[-122.8418918,49.1817041],[-122.8433116,49.1822397],[-122.843934,49.1824901]]}},{"type":"Feature","properties":{"type":"segment","id":"w181.0","kind":"main","lines":["expo"],"from":"n133","to":"n134","length":112.87,"osmWay":181,"name":"SkyTrain Expo Line","maxspeed":70,"layer":1,"bridge":true},"geometry":{"type":"LineString","coordinates":[[-122.843934,49.1824901],[-122.8440413,49.1825333],[-122.844639,49.1827792],[-122.845253,49.1830259]]}},{"type":"Feature","properties":{"type":"segment","id":"w182.0","kind":"main","lines":["expo"],"from":"n134","to":"n135","length":1728.55,"osmWay":182,"name":"SkyTrain Expo Line","maxspeed":70,"layer":1,"bridge":true},"geometry":{"type":"LineString","coordinates":[[-122.845253,49.1830259],[-122.8456905,49.1832066],[-122.8459151,49.1832964],[-122.846173,49.1834066],[-122.846366,49.1835057],[-122.8464968,49.1835896],[-122.8465801,49.183656],[-122.8466863,49.1837504],[-122.8467609,49.1838318],[-122.8468111,49.1838947],[-122.8468539,49.1839607],[-122.8469062,49.1840501],[-122.8469394,49.1841257],[-122.8469758,49.1842293],[-122.8469921,49.1842954],[-122.8470099,49.1844123],[-122.8470177,49.1845255],[-122.8470219,49.1847564],[-122.847013,49.1855717],[-122.8469943,49.1865692],[-122.847005,49.1868935],[-122.8470613,49.1871442],[-122.8471418,49.1873633],[-122.8472208,49.1874923],[-122.8473805,49.1877332],[-122.8475414,49.1879769],[-122.8476352,49.1881339],[-122.8477265,49.1883363],[-122.8477739,49.1885118],[-122.847804,49.1887141],[-122.8478069,49.1889923],[-122.8478013,49.1891612],[-122.847795,49.1895198],[-122.8477882,49.1899122],[-122.8477718,49.1907844],[-122.8477852,49.1910684],[-122.8478177,49.1913426],[-122.8478633,49.1915039],[-122.8478986,49.1916028],[-122.8479545,49.1917809],[-122.8480561,49.1919799],[-122.8482468,49.1922261],[-122.8486328,49.192625],[-122.8493651,49.1932525],[-122.8500142,49.1938046],[-122.8501566,49.1939579],[-122.8502824,49.1941026],[-122.850367,49.1942109],[-122.850446,49.1943462],[-122.8504916,49.1944532],[-122.8505452,49.1945969],[-122.8505908,49.1947967],[-122.8506018,49.1949588],[-122.8505796,49.1962593],[-122.8505749,49.1965363],[-122.8505462,49.1971565],[-122.850547,49.1974623]]}},{"type":"Feature","properties":{"type":"segment","id":"w183.0","kind":"main","lines":["expo"],"from":"n135","to":"n131","length":14.07,"osmWay":183,"name":"SkyTrain Expo Line","maxspeed":70,"layer":1,"bridge":true},"geometry":{"type":"LineString","coordinates":[[-122.850547,49.1974623],[-122.850546,49.1975888]]}},{"type":"Feature","properties":{"type":"segment","id":"w184.0","kind":"main","lines":["expo"],"from":"n131","to":"n1781","length":201.8,"osmWay":184,"name":"SkyTrain Expo Line","maxspeed":70,"layer":1,"bridge":true},"geometry":{"type":"LineString","coordinates":[[-122.850546,49.1975888],[-122.8505372,49.1984687],[-122.8505437,49.1989111],[-122.8505509,49.1994036]]}},{"type":"Feature","properties":{"type":"segment","id":"w185.0","kind":"main","lines":["expo"],"from":"n1782","to":"n1790","length":163.97,"osmWay":185,"name":"SkyTrain Expo Line","maxspeed":75},"geometry":{"type":"LineString","coordinates":[[-122.9586903,49.2028863],[-122.9587102,49.203162],[-122.9587227,49.2034248],[-122.9587341,49.2036893],[-122.9587322,49.2038826],[-122.9587219,49.2040144],[-122.958699,49.2041604],[-122.9586722,49.2042669],[-122.9586451,49.2043563]]}},{"type":"Feature","properties":{"type":"segment","id":"w186.0","kind":"siding","lines":["expo"],"from":"n136","to":"n137","length":182.96,"osmWay":186,"maxspeed":15,"layer":3,"bridge":true},"geometry":{"type":"LineString","coordinates":[[-122.879153,49.203809],[-122.8789818,49.2038382],[-122.878733,49.2038879],[-122.8785153,49.2039175],[-122.877934,49.2039861],[-122.8773535,49.2040547],[-122.8771594,49.2040822],[-122.8768481,49.2041424],[-122.876697,49.2041651]]}},{"type":"Feature","properties":{"type":"segment","id":"w187.0","kind":"main","lines":["expo"],"from":"n1790","to":"n1719","length":55.18,"osmWay":187,"name":"SkyTrain Expo Line","maxspeed":75,"layer":1,"bridge":true},"geometry":{"type":"LineString","coordinates":[[-122.9586451,49.2043563],[-122.9586034,49.2044672],[-122.9585581,49.2045614],[-122.9585109,49.2046487],[-122.9584474,49.2047503],[-122.9583979,49.2048245]]}},{"type":"Feature","properties":{"type":"segment","id":"w188.0","kind":"main","lines":["expo"],"from":"n1802","to":"n710","length":31.11,"osmWay":188,"name":"SkyTrain Expo Line","maxspeed":70},"geometry":{"type":"LineString","coordinates":[[-122.9096504,49.2030223],[-122.9094522,49.203132],[-122.9093219,49.2032018]]}},{"type":"Feature","properties":{"type":"segment","id":"w189.0","kind":"main","lines":["expo"],"from":"n1","to":"n1805","length":21.28,"osmWay":189,"name":"SkyTrain Expo Line","maxspeed":70},"geometry":{"type":"LineString","coordinates":[[-122.904073,49.2058171],[-122.904191,49.2057592],[-122.9043065,49.2057015]]}},{"type":"Feature","properties":{"type":"segment","id":"w190.0","kind":"main","lines":["expo"],"from":"n1805","to":"n138","length":273.35,"osmWay":190,"name":"SkyTrain Expo Line","maxspeed":70,"layer":-2,"tunnel":true},"geometry":{"type":"LineString","coordinates":[[-122.9043065,49.2057015],[-122.9063133,49.2047579],[-122.9067002,49.2045649],[-122.907335,49.2042433]]}},{"type":"Feature","properties":{"type":"segment","id":"w191.0","kind":"main","lines":["expo"],"from":"n138","to":"n1714","length":184.94,"osmWay":191,"name":"SkyTrain Expo Line","maxspeed":70,"layer":-2,"tunnel":true},"geometry":{"type":"LineString","coordinates":[[-122.907335,49.2042433],[-122.9078214,49.2039971],[-122.9093529,49.2032294]]}},{"type":"Feature","properties":{"type":"segment","id":"w192.0","kind":"crossover","lines":["expo"],"from":"n139","to":"n133","length":47.91,"osmWay":192,"maxspeed":15,"layer":2,"bridge":true},"geometry":{"type":"LineString","coordinates":[[-122.843411,49.1822282],[-122.843559,49.1822963],[-122.8437923,49.1824202],[-122.843934,49.1824901]]}},{"type":"Feature","properties":{"type":"segment","id":"w193.0","kind":"crossover","lines":["expo"],"from":"n134","to":"n140","length":48.3,"osmWay":193,"maxspeed":15,"layer":2,"bridge":true},"geometry":{"type":"LineString","coordinates":[[-122.845253,49.1830259],[-122.8454342,49.1830898],[-122.8456846,49.1831622],[-122.845849,49.1832174]]}},{"type":"Feature","properties":{"type":"segment","id":"w194.0","kind":"main","lines":["expo"],"from":"n1813","to":"n1879","length":2751.09,"osmWay":194,"name":"SkyTrain Expo Line","maxspeed":85,"layer":1,"bridge":true},"geometry":{"type":"LineString","coordinates":[[-122.9145479,49.2004372],[-122.9147866,49.2003405],[-122.9150765,49.2002432],[-122.9153027,49.2001845],[-122.9156423,49.2001176],[-122.9159768,49.2000819],[-122.9163435,49.2000695],[-122.9167192,49.200076],[-122.9178287,49.2001463],[-122.9191375,49.2002291],[-122.9204924,49.2003198],[-122.9209032,49.200366],[-122.9213865,49.2004437],[-122.9218663,49.200526],[-122.9226166,49.2006638],[-122.9238787,49.2008926],[-122.9243242,49.2009983],[-122.9247124,49.2011219],[-122.9249223,49.2012092],[-122.9251531,49.2013159],[-122.9255262,49.2015387],[-122.9258874,49.201803],[-122.9266013,49.2023704],[-122.9270982,49.2027397],[-122.9273609,49.202888],[-122.9275219,49.2029553],[-122.9277365,49.2030552],[-122.9279779,49.2031411],[-122.9282435,49.2032182],[-122.9285251,49.2032813],[-122.9287584,49.2033321],[-122.9291098,49.2033899],[-122.9298152,49.2034653],[-122.9308801,49.2035862],[-122.9317142,49.2036861],[-122.9327442,49.2038035],[-122.9334579,49.2038516],[-122.9336803,49.2038578],[-122.9339324,49.2038491],[-122.9341819,49.2038368],[-122.9344152,49.2038035],[-122.9346325,49.2037702],[-122.9349519,49.2037219],[-122.9352389,49.2036396],[-122.9361989,49.2033496],[-122.9369553,49.2031148],[-122.9377465,49.2028484],[-122.9384654,49.2026206],[-122.9392405,49.2023472],[-122.9397987,49.2021079],[-122.9405387,49.2017741],[-122.9407267,49.201703],[-122.9411985,49.2015252],[-122.941448,49.2014446],[-122.9416438,49.2013885],[-122.9420863,49.2013114],[-122.9428722,49.201222],[-122.9441865,49.2010906],[-122.9449214,49.2010135],[-122.9453535,49.2009477],[-122.9457934,49.2008741],[-122.9460375,49.2008268],[-122.9466598,49.200683],[-122.9471828,49.2005516],[-122.9481356,49.2002944],[-122.9489078,49.2000988],[-122.9494404,49.199967]]}},{"type":"Feature","properties":{"type":"segment","id":"w195.0","kind":"crossover","lines":["expo"],"from":"n135","to":"n141","length":86.49,"osmWay":195,"layer":1,"bridge":true},"geometry":{"type":"LineString","coordinates":[[-122.850547,49.1974623],[-122.8505683,49.1973149],[-122.850656,49.1968282],[-122.85067,49.1966888]]}},{"type":"Feature","properties":{"type":"segment","id":"w196.0","kind":"main","lines":["expo"],"from":"n1711","to":"n1888","length":142.94,"osmWay":196,"name":"SkyTrain Expo Line","maxspeed":70,"layer":2,"bridge":true},"geometry":{"type":"LineString","coordinates":[[-122.9012454,49.2065793],[-122.9015622,49.2065912],[-122.901772,49.2065879],[-122.9019792,49.2065745],[-122.902214,49.2065443],[-122.9025594,49.2064729],[-122.9028478,49.2063859],[-122.9031159,49.2062805]]}},{"type":"Feature","properties":{"type":"segment","id":"w197.0","kind":"main","lines":["expo"],"from":"n142","to":"n143","length":116.89,"osmWay":197,"name":"SkyTrain Expo Line","maxspeed":75},"geometry":{"type":"LineString","coordinates":[[-122.9580297,49.2053184],[-122.95732,49.2062618]]}},{"type":"Feature","properties":{"type":"segment","id":"w198.0","kind":"main","lines":["expo"],"from":"n71","to":"n1891","length":119.16,"osmWay":198,"name":"SkyTrain Expo Line","maxspeed":75},"geometry":{"type":"LineString","coordinates":[[-122.9571675,49.2093872],[-122.9574951,49.2097858],[-122.9576648,49.2100069],[-122.9579016,49.2103451]]}},{"type":"Feature","properties":{"type":"segment","id":"w199.0","kind":"main","lines":["expo"],"from":"n1891","to":"n1892","length":151.23,"osmWay":199,"name":"SkyTrain Expo Line","maxspeed":75,"layer":-1,"tunnel":true},"geometry":{"type":"LineString","coordinates":[[-122.9579016,49.2103451],[-122.9588112,49.2115685]]}},{"type":"Feature","properties":{"type":"segment","id":"w200.0","kind":"main","lines":["expo"],"from":"n1892","to":"n1894","length":168.93,"osmWay":200,"name":"SkyTrain Expo Line","maxspeed":75},"geometry":{"type":"LineString","coordinates":[[-122.9588112,49.2115685],[-122.95927,49.2122007],[-122.9598078,49.2129412]]}},{"type":"Feature","properties":{"type":"segment","id":"w201.0","kind":"main","lines":["expo"],"from":"n1894","to":"n144","length":3283.92,"osmWay":201,"name":"SkyTrain Expo Line","maxspeed":90,"layer":2,"bridge":true},"geometry":{"type":"LineString","coordinates":[[-122.9598078,49.2129412],[-122.960072,49.213328],[-122.9602969,49.213619],[-122.9605289,49.2139195],[-122.9606557,49.2140484],[-122.9608998,49.2142541],[-122.9611031,49.2144033],[-122.9613213,49.2145363],[-122.9615744,49.2146506],[-122.9618632,49.2147582],[-122.9621452,49.2148417],[-122.9624979,49.214909],[-122.9628561,49.2149528],[-122.9634665,49.2149784],[-122.9640118,49.214963],[-122.9660179,49.2149034],[-122.967244,49.2148676],[-122.9685327,49.2148284],[-122.9692162,49.2148131],[-122.9696232,49.2148045],[-122.9700067,49.2148079],[-122.9703589,49.2148284],[-122.9706563,49.2148454],[-122.971058,49.2148897],[-122.9715771,49.2149664],[-122.9719293,49.2150516],[-122.9723128,49.2151641],[-122.9726128,49.2152697],[-122.9748198,49.2162717],[-122.977006,49.2173265],[-122.9774625,49.2175395],[-122.9781121,49.2178224],[-122.9785608,49.217986],[-122.9789208,49.2181087],[-122.9793877,49.2182399],[-122.9800008,49.218383],[-122.9812713,49.218642],[-122.9854583,49.219465],[-122.985954,49.2195758],[-122.9865748,49.2197189],[-122.9870809,49.2198382],[-122.9877983,49.2199967],[-122.988497,49.2201395],[-122.989254,49.2202948],[-122.9903393,49.2205146],[-122.9911245,49.2206714],[-122.9922071,49.2208963],[-122.9930419,49.2210718],[-122.993595,49.2211979],[-122.9939185,49.2212797],[-122.9942237,49.2213717],[-122.9945524,49.2214893],[-122.9949124,49.2216136],[-122.9952933,49.2217619],[-122.9955307,49.2218675],[-122.9964044,49.2222352],[-122.9974744,49.2227298],[-122.9988059,49.223342],[-122.9995626,49.2237145],[-122.999983,49.2239305]]}},{"type":"Feature","properties":{"type":"segment","id":"w202.0","kind":"main","lines":["expo"],"from":"n145","to":"n657","length":2176.61,"osmWay":202,"name":"SkyTrain Expo Line","maxspeed":90,"layer":2,"bridge":true},"geometry":{"type":"LineString","coordinates":[[-123.000052,49.2238656],[-122.9996279,49.2236705],[-122.9988434,49.2233167],[-122.9975006,49.2226967],[-122.9964294,49.2222102],[-122.9957603,49.2219236],[-122.9950759,49.2216273],[-122.9943018,49.2213545],[-122.9938879,49.2212353],[-122.993512,49.2211498],[-122.9931445,49.2210648],[-122.988524,49.2200544],[-122.9856238,49.2194623],[-122.9810764,49.218572],[-122.9795953,49.2182611],[-122.9789992,49.218106],[-122.9784491,49.2179145],[-122.9780245,49.2177559],[-122.9776348,49.217584],[-122.9772635,49.2174191],[-122.9752966,49.2164572],[-122.9732983,49.2155175]]}},{"type":"Feature","properties":{"type":"segment","id":"w203.0","kind":"main","lines":["expo"],"from":"n1973","to":"n146","length":919.09,"osmWay":203,"name":"SkyTrain Expo Line","maxspeed":90,"layer":1,"bridge":true},"geometry":{"type":"LineString","coordinates":[[-123.0155164,49.2311379],[-123.0164215,49.2315411],[-123.0175616,49.2320589],[-123.0182491,49.2323795],[-123.019286,49.2328533],[-123.019753,49.2330685],[-123.0201875,49.2332585],[-123.020817,49.2335064],[-123.0220843,49.2339815],[-123.0225544,49.2341706],[-123.0240957,49.234886],[-123.026003,49.2357592]]}},{"type":"Feature","properties":{"type":"segment","id":"w204.0","kind":"main","lines":["expo"],"from":"n146","to":"n147","length":13.89,"osmWay":204,"name":"SkyTrain Expo Line","maxspeed":90,"layer":1,"bridge":true},"geometry":{"type":"LineString","coordinates":[[-123.026003,49.2357592],[-123.02616,49.2358306]]}},{"type":"Feature","properties":{"type":"segment","id":"w205.0","kind":"main","lines":["expo"],"from":"n147","to":"n1999","length":1069.52,"osmWay":205,"name":"SkyTrain Expo Line","maxspeed":90,"layer":1,"bridge":true},"geometry":{"type":"LineString","coordinates":[[-123.02616,49.2358306],[-123.0280122,49.2367008],[-123.0284166,49.2369001],[-123.0290948,49.2372544],[-123.0297027,49.2375576],[-123.0301853,49.2377858],[-123.0309387,49.2381004],[-123.0317729,49.2384444],[-123.032361,49.2386868],[-123.0328547,49.2388802],[-123.0334512,49.2391065],[-123.0338767,49.2392728],[-123.0348445,49.239639],[-123.0362585,49.2402147],[-123.0371794,49.2405928],[-123.0381994,49.2410271],[-123.0384369,49.24113]]}},{"type":"Feature","properties":{"type":"segment","id":"w206.0","kind":"pocket","lines":["expo"],"from":"n148","to":"n149","length":138.6,"osmWay":206,"name":"Metrotown Pocket","maxspeed":15,"layer":2,"bridge":true},"geometry":{"type":"LineString","coordinates":[[-123.001992,49.2248935],[-123.001486,49.2246394],[-123.000479,49.2241337]]}},{"type":"Feature","properties":{"type":"segment","id":"w207.0","kind":"siding","lines":["expo"],"from":"n149","to":"n145","length":43.02,"osmWay":207,"maxspeed":15,"layer":2,"bridge":true},"geometry":{"type":"LineString","coordinates":[[-123.000479,49.2241337],[-123.000052,49.2238656]]}},{"type":"Feature","properties":{"type":"segment","id":"w208.0","kind":"siding","lines":["expo"],"from":"n150","to":"n148","length":40.67,"osmWay":208,"maxspeed":15,"layer":2,"bridge":true},"geometry":{"type":"LineString","coordinates":[[-123.002394,49.2251481],[-123.001992,49.2248935]]}},{"type":"Feature","properties":{"type":"segment","id":"w209.0","kind":"crossover","lines":["expo"],"from":"n14","to":"n146","length":45.51,"osmWay":209,"layer":1,"bridge":true},"geometry":{"type":"LineString","coordinates":[[-123.025526,49.2354937],[-123.026003,49.2357592]]}},{"type":"Feature","properties":{"type":"segment","id":"w210.0","kind":"crossover","lines":["expo"],"from":"n147","to":"n13","length":42.14,"osmWay":210,"layer":1,"bridge":true},"geometry":{"type":"LineString","coordinates":[[-123.02616,49.2358306],[-123.026661,49.236022]]}},{"type":"Feature","properties":{"type":"segment","id":"w211.0","kind":"main","lines":["expo"],"from":"n1999","to":"n2005","length":654.64,"osmWay":211,"name":"SkyTrain Expo Line","maxspeed":90},"geometry":{"type":"LineString","coordinates":[[-123.0384369,49.24113],[-123.0398846,49.2417305],[-123.0449353,49.2438377],[-123.0452967,49.2439873],[-123.0458332,49.2442124],[-123.0460383,49.2442974]]}},{"type":"Feature","properties":{"type":"segment","id":"w212.0","kind":"main","lines":["expo"],"from":"n2006","to":"n2007","length":58.28,"osmWay":212,"name":"SkyTrain Expo Line","maxspeed":90,"layer":-1,"tunnel":true},"geometry":{"type":"LineString","coordinates":[[-123.0465683,49.2445169],[-123.0472497,49.2447941]]}},{"type":"Feature","properties":{"type":"segment","id":"w213.0","kind":"main","lines":["expo"],"from":"n2007","to":"n2013","length":514.63,"osmWay":213,"name":"SkyTrain Expo Line","maxspeed":90},"geometry":{"type":"LineString","coordinates":[[-123.0472497,49.2447941],[-123.0478231,49.2450141],[-123.0486683,49.2453343],[-123.049518,49.2456841],[-123.0512457,49.246397],[-123.0522084,49.2468074],[-123.0532623,49.2472451]]}},{"type":"Feature","properties":{"type":"segment","id":"w214.0","kind":"main","lines":["expo"],"from":"n2014","to":"n2099","length":1412.7,"osmWay":214,"name":"SkyTrain Expo Line","maxspeed":90,"layer":2,"bridge":true},"geometry":{"type":"LineString","coordinates":[[-123.0704257,49.2638989],[-123.072928,49.2646878],[-123.0750597,49.2653594],[-123.0771589,49.2660322],[-123.0775435,49.2661591],[-123.0776568,49.2661993],[-123.07776,49.2662366],[-123.0778727,49.2662792],[-123.0779618,49.2663158],[-123.0780392,49.2663476],[-123.0781306,49.2663897],[-123.0782281,49.2664346],[-123.0783083,49.2664757],[-123.0783892,49.2665186],[-123.0784519,49.2665536],[-123.0785082,49.2665851],[-123.0785646,49.2666194],[-123.078627,49.2666587],[-123.0786836,49.2666949],[-123.0787374,49.2667315],[-123.0788021,49.2667769],[-123.0788595,49.2668193],[-123.0789114,49.2668597],[-123.0789751,49.2669094],[-123.0790161,49.2669427],[-123.0790585,49.2669793],[-123.0791074,49.2670234],[-123.0791635,49.2670751],[-123.0792034,49.2671153],[-123.0792539,49.2671673],[-123.0793,49.267216],[-123.0793535,49.2672762],[-123.0793873,49.2673177],[-123.0794391,49.2673799],[-123.0794977,49.2674545],[-123.0795639,49.2675383],[-123.0797827,49.2678194],[-123.080053,49.2681864],[-123.0801005,49.2682493],[-123.0801472,49.2683094],[-123.0801978,49.2683682],[-123.0802342,49.2684127],[-123.0802833,49.2684687],[-123.0803222,49.2685121],[-123.0803519,49.2685447],[-123.080386,49.268581],[-123.0804294,49.2686247],[-123.0804781,49.2686706],[-123.0805287,49.2687169],[-123.0805811,49.2687642],[-123.0806306,49.2688065],[-123.0806828,49.2688494],[-123.0807215,49.2688803],[-123.0807822,49.2689264],[-123.0808236,49.2689556],[-123.0808937,49.2690051],[-123.0809637,49.2690505],[-123.0810211,49.2690877],[-123.0810979,49.2691353],[-123.081172,49.2691789],[-123.0812727,49.269235],[-123.0813509,49.2692746],[-123.0814539,49.2693253],[-123.0815461,49.2693673],[-123.0816719,49.2694216],[-123.0817791,49.2694649],[-123.0818698,49.2694985],[-123.081998,49.269544],[-123.0820657,49.2695659],[-123.0821537,49.2695933],[-123.0822465,49.2696201],[-123.0823655,49.269653],[-123.0824686,49.2696797],[-123.0825895,49.2697087],[-123.0827154,49.2697379],[-123.0828061,49.269758],[-123.0830145,49.2698049],[-123.0852858,49.2702963],[-123.0854941,49.270341],[-123.0856133,49.2703661],[-123.0857394,49.2703919],[-123.0858891,49.2704225],[-123.0860246,49.2704483],[-123.0861247,49.2704667],[-123.0862247,49.270485],[-123.0863148,49.2705013]]}},{"type":"Feature","properties":{"type":"segment","id":"w215.0","kind":"pocket","lines":["expo"],"from":"n151","to":"n152","length":132.41,"osmWay":215,"name":"Vanness Pocket"},"geometry":{"type":"LineString","coordinates":[[-123.062878,49.2512122],[-123.062112,49.2508885],[-123.061347,49.2505647]]}},{"type":"Feature","properties":{"type":"segment","id":"w216.0","kind":"siding","lines":["expo"],"from":"n152","to":"n153","length":41.77,"osmWay":216},"geometry":{"type":"LineString","coordinates":[[-123.061347,49.2505647],[-123.060834,49.2503944]]}},{"type":"Feature","properties":{"type":"segment","id":"w217.0","kind":"siding","lines":["expo"],"from":"n151","to":"n154","length":41.07,"osmWay":217},"geometry":{"type":"LineString","coordinates":[[-123.062878,49.2512122],[-123.063381,49.2513813]]}},{"type":"Feature","properties":{"type":"segment","id":"w218.0","kind":"main","lines":["expo"],"from":"n2101","to":"n2175","length":1406.45,"osmWay":218,"name":"SkyTrain Expo Line","maxspeed":90,"layer":2,"bridge":true},"geometry":{"type":"LineString","coordinates":[[-123.0863344,49.2704708],[-123.0862454,49.270455],[-123.08611,49.2704297],[-123.0859721,49.2704039],[-123.0858127,49.2703733],[-123.0856453,49.2703386],[-123.0855056,49.2703086],[-123.0853266,49.2702697],[-123.0841575,49.2700161],[-123.083059,49.2697788],[-123.0828277,49.2697276],[-123.08269,49.2696959],[-123.0826077,49.2696762],[-123.0825403,49.2696594],[-123.0824657,49.2696411],[-123.0823921,49.2696219],[-123.0822997,49.2695975],[-123.0822171,49.2695742],[-123.0821326,49.2695478],[-123.0820481,49.2695203],[-123.0819345,49.2694806],[-123.0818476,49.2694489],[-123.0817842,49.269424],[-123.0817254,49.2694],[-123.0816618,49.2693744],[-123.0815969,49.2693466],[-123.0815356,49.2693199],[-123.081468,49.2692879],[-123.0813577,49.2692333],[-123.0812792,49.2691906],[-123.0812025,49.2691489],[-123.0811194,49.2690994],[-123.0810649,49.2690659],[-123.081009,49.2690305],[-123.0809435,49.2689873],[-123.0808843,49.2689467],[-123.0808113,49.2688934],[-123.080761,49.268855],[-123.0806937,49.2688005],[-123.0806327,49.2687505],[-123.0805648,49.2686907],[-123.0805062,49.2686355],[-123.080452,49.2685807],[-123.0804121,49.268541],[-123.0803575,49.2684827],[-123.0803013,49.2684179],[-123.0802541,49.2683625],[-123.08018,49.2682714],[-123.0800471,49.2680969],[-123.0796056,49.2675102],[-123.0795528,49.2674428],[-123.079483,49.2673554],[-123.0793897,49.2672449],[-123.0793372,49.2671875],[-123.0792811,49.2671282],[-123.0791757,49.2670252],[-123.0790993,49.2669557],[-123.079062,49.2669229],[-123.0789434,49.2668251],[-123.0788355,49.2667469],[-123.0787868,49.2667134],[-123.0787331,49.2666773],[-123.078661,49.2666298],[-123.0785694,49.266572],[-123.0784972,49.2665302],[-123.0784027,49.2664789],[-123.0783137,49.2664337],[-123.0781754,49.2663638],[-123.0780091,49.2662922],[-123.0778651,49.2662343],[-123.0777027,49.2661713],[-123.0775197,49.26611],[-123.0771849,49.2660013],[-123.0762404,49.2656957],[-123.0705385,49.2638723]]}},{"type":"Feature","properties":{"type":"segment","id":"w219.0","kind":"crossover","lines":["expo"],"from":"n155","to":"n156","length":34.34,"osmWay":219,"maxspeed":15,"layer":1,"bridge":true},"geometry":{"type":"LineString","coordinates":[[-123.105244,49.2777552],[-123.105717,49.2777675]]}},{"type":"Feature","properties":{"type":"segment","id":"w220.0","kind":"main","lines":["expo"],"from":"n2","to":"n2182","length":175.26,"osmWay":220,"name":"SkyTrain Expo Line","maxspeed":25},"geometry":{"type":"LineString","coordinates":[[-122.904045,49.2057921],[-122.9036084,49.2059604],[-122.9030448,49.2061826],[-122.9027879,49.2062896],[-122.9026524,49.2063505],[-122.9025151,49.2064212],[-122.9022614,49.2065697],[-122.902073,49.2066893]]}},{"type":"Feature","properties":{"type":"segment","id":"w221.0","kind":"main","lines":["expo"],"from":"n2182","to":"n2190","length":587.3,"osmWay":221,"name":"SkyTrain Expo Line","layer":-1,"tunnel":true},"geometry":{"type":"LineString","coordinates":[[-122.902073,49.2066893],[-122.9019109,49.2067994],[-122.901707,49.2069605],[-122.9014601,49.2071878],[-122.901312,49.2073358],[-122.8993242,49.2094427],[-122.8987644,49.2099274],[-122.8980451,49.210516],[-122.8974017,49.210984]]}},{"type":"Feature","properties":{"type":"segment","id":"w222.0","kind":"main","lines":["expo"],"from":"n2191","to":"n4892","length":320.58,"osmWay":222,"name":"SkyTrain Expo Line","layer":2,"bridge":true},"geometry":{"type":"LineString","coordinates":[[-122.8835159,49.2294932],[-122.8834034,49.2295879],[-122.8832995,49.2296807],[-122.8832218,49.2297507],[-122.883149,49.2298224],[-122.8830838,49.2298881],[-122.8830383,49.229936],[-122.8829994,49.2299787],[-122.8829666,49.2300171],[-122.8829359,49.2300574],[-122.8828855,49.2301221],[-122.8828265,49.2302024],[-122.8827738,49.2302838],[-122.8826985,49.2304054],[-122.8826534,49.2304863],[-122.8826124,49.2305688],[-122.8825888,49.2306242],[-122.8825463,49.2307274],[-122.8825263,49.230785],[-122.8825113,49.2308256],[-122.8824724,49.2309483],[-122.8824529,49.2310376],[-122.882439,49.2311287],[-122.8824342,49.2311658],[-122.8824295,49.2312219],[-122.8824222,49.2313004],[-122.8824201,49.2313795],[-122.8824203,49.2314445],[-122.8824251,49.2315477],[-122.8824334,49.2316499],[-122.8824399,49.2317322],[-122.882453,49.2318226],[-122.8824613,49.231871],[-122.8824728,49.2319283],[-122.8825057,49.2320794],[-122.8825347,49.2322]]}},{"type":"Feature","properties":{"type":"segment","id":"w222.1","kind":"main","lines":["expo"],"from":"n4892","to":"n2258","length":549.93,"osmWay":222,"name":"SkyTrain Expo Line","layer":2,"bridge":true},"geometry":{"type":"LineString","coordinates":[[-122.8825347,49.2322],[-122.8825495,49.2322616],[-122.8826354,49.2326467],[-122.8827413,49.2331023],[-122.8827927,49.2333355],[-122.8828917,49.2337584],[-122.883027,49.2343596],[-122.883089,49.2346429],[-122.8831295,49.2348291],[-122.8831552,49.234938],[-122.8831848,49.2350558],[-122.8832287,49.2352141],[-122.8832692,49.2353481],[-122.8832954,49.2354187],[-122.8833233,49.2354919],[-122.8833595,49.2355736],[-122.8833966,49.2356542],[-122.8834347,49.2357271],[-122.8834742,49.2357991],[-122.8835264,49.2358914],[-122.8835827,49.2359829],[-122.883632,49.2360538],[-122.8836754,49.2361152],[-122.8837232,49.2361766],[-122.8837747,49.2362438],[-122.8838479,49.2363294],[-122.8839495,49.2364393],[-122.8840661,49.2365553],[-122.8841258,49.2366111],[-122.8841781,49.2366592],[-122.8842486,49.2367203],[-122.8843048,49.2367677],[-122.8843847,49.2368342],[-122.8844735,49.2369036]]}},{"type":"Feature","properties":{"type":"segment","id":"w222.2","kind":"main","lines":["expo"],"from":"n2258","to":"n1554","length":15.6,"osmWay":222,"name":"SkyTrain Expo Line","layer":2,"bridge":true},"geometry":{"type":"LineString","coordinates":[[-122.8844735,49.2369036],[-122.8845375,49.2369525],[-122.8846164,49.2370083]]}},{"type":"Feature","properties":{"type":"segment","id":"w223.0","kind":"crossover","lines":["expo"],"from":"n157","to":"n158","length":42.88,"osmWay":223,"layer":1,"bridge":true},"geometry":{"type":"LineString","coordinates":[[-122.892203,49.2211042],[-122.8922439,49.2207195]]}},{"type":"Feature","properties":{"type":"segment","id":"w224.0","kind":"crossover","lines":["expo"],"from":"n159","to":"n160","length":48.49,"osmWay":224,"layer":1,"bridge":true},"geometry":{"type":"LineString","coordinates":[[-122.890114,49.2240133],[-122.890568,49.2236935]]}},{"type":"Feature","properties":{"type":"segment","id":"w225.0","kind":"crossover","lines":["millennium"],"from":"n161","to":"n162","length":48.26,"osmWay":225,"layer":2,"bridge":true},"geometry":{"type":"LineString","coordinates":[[-122.929031,49.2544036],[-122.92837,49.254356]]}},{"type":"Feature","properties":{"type":"segment","id":"w226.0","kind":"crossover","lines":["millennium"],"from":"n163","to":"n164","length":47.7,"osmWay":226,"layer":2,"bridge":true},"geometry":{"type":"LineString","coordinates":[[-122.927358,49.2543958],[-122.928012,49.2543536]]}},{"type":"Feature","properties":{"type":"segment","id":"w227.0","kind":"main","lines":["millennium"],"from":"n2260","to":"n2266","length":246.49,"osmWay":227,"name":"SkyTrain Millennium Line"},"geometry":{"type":"LineString","coordinates":[[-122.9312748,49.2543989],[-122.9313269,49.2543986],[-122.9330435,49.2543888],[-122.9334645,49.254393],[-122.9339049,49.2543993],[-122.9344522,49.2544036],[-122.9346707,49.2544081]]}},{"type":"Feature","properties":{"type":"segment","id":"w228.0","kind":"main","lines":["millennium"],"from":"n2267","to":"n2316","length":2799.32,"osmWay":228,"name":"SkyTrain Millennium Line","layer":2,"bridge":true},"geometry":{"type":"LineString","coordinates":[[-122.9363248,49.2544377],[-122.9368098,49.2544501],[-122.9371593,49.2544708],[-122.9375038,49.2544989],[-122.9378317,49.2545274],[-122.939001,49.254636],[-122.9397568,49.2547082],[-122.9411056,49.2548338],[-122.941484,49.2548751],[-122.9418205,49.2549275],[-122.9422849,49.2550238],[-122.9425774,49.2550981],[-122.9432139,49.2552931],[-122.9462823,49.2562962],[-122.9489123,49.2571574],[-122.9505219,49.2576818],[-122.951537,49.2579931],[-122.9524166,49.2582502],[-122.9531356,49.2584037],[-122.9535563,49.2584698],[-122.9538929,49.2584973],[-122.9542122,49.2585223],[-122.9550498,49.258536],[-122.9555871,49.2585422],[-122.9569535,49.2585546],[-122.9575181,49.2585776],[-122.9581756,49.2586185],[-122.9589535,49.2586791],[-122.9595181,49.2587381],[-122.9605644,49.258838],[-122.9610405,49.2588865],[-122.9616051,49.2589485],[-122.9627565,49.2590788],[-122.9639301,49.2591989],[-122.9647205,49.259275],[-122.9651155,49.2593161],[-122.9653739,49.2593532],[-122.9656146,49.2593971],[-122.9658493,49.2594572],[-122.9661099,49.2595325],[-122.9665809,49.2597165],[-122.9669741,49.2599077],[-122.9679233,49.2603324],[-122.9680833,49.260405],[-122.9685389,49.260582],[-122.9689402,49.2607289],[-122.9692467,49.2608404],[-122.9698704,49.2610545],[-122.9707735,49.2613678],[-122.972425,49.2619978]]}},{"type":"Feature","properties":{"type":"segment","id":"w229.0","kind":"pocket","lines":["millennium"],"from":"n165","to":"n166","length":132.81,"osmWay":229,"name":"Holdom Pocket","layer":1,"bridge":true},"geometry":{"type":"LineString","coordinates":[[-122.977344,49.2637765],[-122.976541,49.2634901],[-122.9760378,49.2633106],[-122.975738,49.2632037]]}},{"type":"Feature","properties":{"type":"segment","id":"w230.0","kind":"siding","lines":["millennium"],"from":"n166","to":"n167","length":47.32,"osmWay":230,"layer":1,"bridge":true},"geometry":{"type":"LineString","coordinates":[[-122.975738,49.2632037],[-122.975139,49.2630355]]}},{"type":"Feature","properties":{"type":"segment","id":"w231.0","kind":"siding","lines":["millennium"],"from":"n168","to":"n165","length":42,"osmWay":231,"layer":1,"bridge":true},"geometry":{"type":"LineString","coordinates":[[-122.977882,49.2639159],[-122.977344,49.2637765]]}},{"type":"Feature","properties":{"type":"segment","id":"w232.0","kind":"main","lines":["millennium"],"from":"n716","to":"n169","length":891.59,"osmWay":232,"name":"SkyTrain Millennium Line"},"geometry":{"type":"LineString","coordinates":[[-123.055304,49.2579959],[-123.0555577,49.2580353],[-123.0557492,49.258065],[-123.055983,49.2581105],[-123.0561584,49.2581476],[-123.0563331,49.2581914],[-123.0564686,49.2582299],[-123.056657,49.2582824],[-123.0568219,49.2583279],[-123.0570446,49.2583975],[-123.0572541,49.2584669],[-123.057398,49.2585144],[-123.0577296,49.2586393],[-123.0583917,49.2589049],[-123.0597047,49.2594296],[-123.0608588,49.2598964],[-123.0625809,49.2605831],[-123.0645071,49.2613608],[-123.0647716,49.2614707],[-123.0654636,49.261754],[-123.065947,49.2619476]]}},{"type":"Feature","properties":{"type":"segment","id":"w233.0","kind":"main","lines":["millennium"],"from":"n169","to":"n793","length":349.35,"osmWay":233,"name":"SkyTrain Millennium Line"},"geometry":{"type":"LineString","coordinates":[[-123.065947,49.2619476],[-123.066157,49.2620285],[-123.0667281,49.2622667],[-123.0670277,49.2623988],[-123.067316,49.2625397],[-123.0675642,49.2626522],[-123.0677975,49.2627457],[-123.0684448,49.2629933],[-123.0690668,49.2632494],[-123.0692282,49.2633066],[-123.0693866,49.2633617],[-123.0695432,49.2634101],[-123.0696226,49.2634301],[-123.0698394,49.2634774],[-123.0700859,49.2635294]]}},{"type":"Feature","properties":{"type":"segment","id":"w234.0","kind":"crossover","lines":["millennium"],"from":"n101","to":"n170","length":29.46,"osmWay":234,"layer":1,"bridge":true},"geometry":{"type":"LineString","coordinates":[[-123.080221,49.2660188],[-123.079844,49.2659205]]}},{"type":"Feature","properties":{"type":"segment","id":"w235.0","kind":"crossover","lines":["millennium"],"from":"n171","to":"n172","length":31.42,"osmWay":235},"geometry":{"type":"LineString","coordinates":[[-123.0756,49.2650348],[-123.075183,49.2649587]]}},{"type":"Feature","properties":{"type":"segment","id":"w236.0","kind":"main","lines":["millennium"],"from":"n2351","to":"n173","length":303.16,"osmWay":236,"name":"SkyTrain Millennium Line"},"geometry":{"type":"LineString","coordinates":[[-123.0700816,49.2634853],[-123.0699758,49.2634594],[-123.0699011,49.2634408],[-123.0698095,49.2634144],[-123.0696595,49.2633603],[-123.0695365,49.2633158],[-123.0694272,49.2632717],[-123.0692438,49.2631978],[-123.0685311,49.2629063],[-123.0675042,49.2624995],[-123.0665912,49.2621503],[-123.066483,49.2621057]]}},{"type":"Feature","properties":{"type":"segment","id":"w237.0","kind":"main","lines":["millennium"],"from":"n173","to":"n2378","length":987.18,"osmWay":237,"name":"SkyTrain Millennium Line"},"geometry":{"type":"LineString","coordinates":[[-123.066483,49.2621057],[-123.0655914,49.2617477],[-123.0647967,49.2614272],[-123.0633835,49.2608642],[-123.057854,49.2586362],[-123.0575889,49.2585353],[-123.0572085,49.2584039],[-123.0569792,49.2583295],[-123.0568286,49.2582839],[-123.0566809,49.2582389],[-123.056406,49.2581653],[-123.0561458,49.2581044],[-123.0558096,49.2580291],[-123.055331,49.257949],[-123.0549748,49.2579062],[-123.0548237,49.2578884],[-123.0547049,49.2578759],[-123.0546189,49.2578693]]}},{"type":"Feature","properties":{"type":"segment","id":"w238.0","kind":"crossover","lines":["millennium"],"from":"n173","to":"n169","length":42.68,"osmWay":238},"geometry":{"type":"LineString","coordinates":[[-123.066483,49.2621057],[-123.065947,49.2619476]]}},{"type":"Feature","properties":{"type":"segment","id":"w239.0","kind":"main","lines":["millennium"],"from":"n2378","to":"n174","length":1104.86,"osmWay":239,"name":"SkyTrain Millennium Line","layer":2,"bridge":true},"geometry":{"type":"LineString","coordinates":[[-123.0546189,49.2578693],[-123.0543973,49.2578555],[-123.0540525,49.2578359],[-123.0538686,49.2578312],[-123.0534924,49.2578263],[-123.0531879,49.2578307],[-123.0526485,49.2578625],[-123.0520472,49.2579186],[-123.0515711,49.2579859],[-123.048594,49.2584488],[-123.0476811,49.2585849],[-123.0471558,49.2586618],[-123.0466012,49.2587371],[-123.045543,49.258881],[-123.0444341,49.2590318],[-123.0439481,49.2590975],[-123.0435726,49.2591343],[-123.042883,49.2592032],[-123.0421099,49.2592753],[-123.0415798,49.2593377],[-123.039671,49.2595854]]}},{"type":"Feature","properties":{"type":"segment","id":"w240.0","kind":"main","lines":["millennium"],"from":"n174","to":"n175","length":26.2,"osmWay":240,"name":"SkyTrain Millennium Line","layer":2,"bridge":true},"geometry":{"type":"LineString","coordinates":[[-123.039671,49.2595854],[-123.039317,49.2596315]]}},{"type":"Feature","properties":{"type":"segment","id":"w241.0","kind":"main","lines":["millennium"],"from":"n175","to":"n2400","length":91.41,"osmWay":241,"name":"SkyTrain Millennium Line","layer":2,"bridge":true},"geometry":{"type":"LineString","coordinates":[[-123.039317,49.2596315],[-123.0389021,49.2596869],[-123.0383917,49.2597622],[-123.0380849,49.2598022]]}},{"type":"Feature","properties":{"type":"segment","id":"w242.0","kind":"crossover","lines":["millennium"],"from":"n6","to":"n174","length":48.74,"osmWay":242,"layer":2,"bridge":true},"geometry":{"type":"LineString","coordinates":[[-123.04034,49.2595465],[-123.039671,49.2595854]]}},{"type":"Feature","properties":{"type":"segment","id":"w243.0","kind":"crossover","lines":["millennium"],"from":"n175","to":"n5","length":48.29,"osmWay":243,"layer":2,"bridge":true},"geometry":{"type":"LineString","coordinates":[[-123.039317,49.2596315],[-123.038682,49.2597612]]}},{"type":"Feature","properties":{"type":"segment","id":"w244.0","kind":"crossover","lines":["millennium"],"from":"n176","to":"n177","length":47.29,"osmWay":244,"layer":2,"bridge":true},"geometry":{"type":"LineString","coordinates":[[-123.009806,49.2663633],[-123.009165,49.26644]]}},{"type":"Feature","properties":{"type":"segment","id":"w245.0","kind":"crossover","lines":["millennium"],"from":"n178","to":"n179","length":48.77,"osmWay":245,"layer":2,"bridge":true},"geometry":{"type":"LineString","coordinates":[[-123.008967,49.2664514],[-123.008295,49.266444]]}},{"type":"Feature","properties":{"type":"segment","id":"w246.0","kind":"main","lines":["millennium"],"from":"n2401","to":"n2403","length":246.69,"osmWay":246,"name":"SkyTrain Millennium Line"},"geometry":{"type":"LineString","coordinates":[[-122.9346723,49.2543696],[-122.9336039,49.2543481],[-122.9312738,49.2543587]]}},{"type":"Feature","properties":{"type":"segment","id":"w247.0","kind":"main","lines":["millennium"],"from":"n2403","to":"n162","length":210.75,"osmWay":247,"name":"SkyTrain Millennium Line","layer":2,"bridge":true},"geometry":{"type":"LineString","coordinates":[[-122.9312738,49.2543587],[-122.930766,49.2543614],[-122.9291121,49.2543592],[-122.92837,49.254356]]}},{"type":"Feature","properties":{"type":"segment","id":"w248.0","kind":"main","lines":["canada"],"from":"n180","to":"n181","length":113.88,"osmWay":248,"name":"SkyTrain Canada Line","layer":2,"bridge":true},"geometry":{"type":"LineString","coordinates":[[-123.1708711,49.1935464],[-123.1693269,49.1933716]]}},{"type":"Feature","properties":{"type":"segment","id":"w249.0","kind":"main","lines":["canada"],"from":"n181","to":"n2416","length":323.3,"osmWay":249,"name":"SkyTrain Canada Line","layer":2,"bridge":true},"geometry":{"type":"LineString","coordinates":[[-123.1693269,49.1933716],[-123.1684675,49.1932755],[-123.1671761,49.1931306],[-123.1670106,49.1931131],[-123.1668801,49.1931005],[-123.1667143,49.1930861],[-123.1665925,49.1930781],[-123.1663814,49.1930661],[-123.1661424,49.1930578],[-123.1659678,49.193053],[-123.1657173,49.1930521],[-123.1649163,49.1930443]]}},{"type":"Feature","properties":{"type":"segment","id":"w250.0","kind":"crossover","lines":["canada"],"from":"n181","to":"n182","length":63.56,"osmWay":250,"layer":2,"bridge":true},"geometry":{"type":"LineString","coordinates":[[-123.1693269,49.1933716],[-123.1691021,49.1933526],[-123.1689756,49.1933471],[-123.1687834,49.1933429],[-123.1686513,49.193337],[-123.1684562,49.1933219]]}},{"type":"Feature","properties":{"type":"segment","id":"w251.0","kind":"main","lines":["canada"],"from":"n2416","to":"n2447","length":1038.67,"osmWay":251,"name":"SkyTrain Canada Line"},"geometry":{"type":"LineString","coordinates":[[-123.1649163,49.1930443],[-123.1611326,49.1930135],[-123.157931,49.1929894],[-123.157121,49.1929833],[-123.1568206,49.192982],[-123.1565363,49.1929862],[-123.1562485,49.1929996],[-123.1559678,49.1930191],[-123.1557269,49.1930442],[-123.1555202,49.1930664],[-123.155309,49.1930951],[-123.1550989,49.1931295],[-123.1549016,49.193166],[-123.1546953,49.1932082],[-123.1544857,49.1932564],[-123.1542905,49.1933066],[-123.1541157,49.1933562],[-123.153918,49.1934168],[-123.1537241,49.1934797],[-123.1535245,49.1935506],[-123.1533381,49.1936206],[-123.1531461,49.1936984],[-123.1529745,49.1937738],[-123.1528094,49.1938504],[-123.1526374,49.1939366],[-123.1524794,49.1940209],[-123.1522776,49.1941336],[-123.1513594,49.1946528]]}},{"type":"Feature","properties":{"type":"segment","id":"w252.0","kind":"main","lines":["canada"],"from":"n2447","to":"n2448","length":61.05,"osmWay":252,"name":"SkyTrain Canada Line","layer":-1,"tunnel":true},"geometry":{"type":"LineString","coordinates":[[-123.1513594,49.1946528],[-123.150724,49.195012]]}},{"type":"Feature","properties":{"type":"segment","id":"w253.0","kind":"main","lines":["canada"],"from":"n2448","to":"n183","length":84.65,"osmWay":253,"name":"SkyTrain Canada Line"},"geometry":{"type":"LineString","coordinates":[[-123.150724,49.195012],[-123.149843,49.1955101]]}},{"type":"Feature","properties":{"type":"segment","id":"w254.0","kind":"main","lines":["canada"],"from":"n2449","to":"n184","length":217.47,"osmWay":254,"name":"SkyTrain Canada Line"},"geometry":{"type":"LineString","coordinates":[[-123.1461966,49.1966977],[-123.1458339,49.1967601],[-123.1456509,49.1967891],[-123.1454918,49.1968104],[-123.1453026,49.1968272],[-123.1451403,49.1968339],[-123.1449688,49.1968335],[-123.1447803,49.1968267],[-123.1445761,49.1968095],[-123.1443872,49.1967871],[-123.1439883,49.1967367],[-123.1432513,49.1966488]]}},{"type":"Feature","properties":{"type":"segment","id":"w255.0","kind":"crossover","lines":["canada"],"from":"n185","to":"n184","length":62.64,"osmWay":255,"name":"SkyTrain Canada Line"},"geometry":{"type":"LineString","coordinates":[[-123.1440837,49.1967935],[-123.1438814,49.1967643],[-123.1437747,49.1967435],[-123.1435689,49.1967],[-123.1434536,49.1966793],[-123.1432513,49.1966488]]}},{"type":"Feature","properties":{"type":"segment","id":"w256.0","kind":"main","lines":["canada"],"from":"n184","to":"n2464","length":106.83,"osmWay":256,"name":"SkyTrain Canada Line"},"geometry":{"type":"LineString","coordinates":[[-123.1432513,49.1966488],[-123.1418038,49.1964807]]}},{"type":"Feature","properties":{"type":"segment","id":"w257.0","kind":"main","lines":["canada"],"from":"n110","to":"n127","length":42.45,"osmWay":257,"layer":1,"bridge":true},"geometry":{"type":"LineString","coordinates":[[-123.1364497,49.1742379],[-123.1365223,49.1738591]]}},{"type":"Feature","properties":{"type":"segment","id":"w258.0","kind":"yard","lines":[],"from":"n186","to":"n187","length":67.3,"osmWay":258},"geometry":{"type":"LineString","coordinates":[[-122.9585926,49.2030704],[-122.9586132,49.2034207],[-122.9586257,49.2035853],[-122.9586238,49.203612],[-122.9586185,49.2036409],[-122.9586085,49.2036743]]}},{"type":"Feature","properties":{"type":"segment","id":"w259.0","kind":"yard","lines":[],"from":"n187","to":"n188","length":43.12,"osmWay":259},"geometry":{"type":"LineString","coordinates":[[-122.9586085,49.2036743],[-122.9585206,49.2038295],[-122.9585023,49.203865],[-122.9584885,49.2038998],[-122.9584776,49.2039369],[-122.9584709,49.2039712],[-122.9584687,49.2040029],[-122.9584698,49.2040477]]}},{"type":"Feature","properties":{"type":"segment","id":"w260.0","kind":"yard","lines":[],"from":"n188","to":"n189","length":33.24,"osmWay":260},"geometry":{"type":"LineString","coordinates":[[-122.9584698,49.2040477],[-122.958515,49.2043452]]}},{"type":"Feature","properties":{"type":"segment","id":"w261.0","kind":"yard","lines":[],"from":"n187","to":"n66","length":24.97,"osmWay":261},"geometry":{"type":"LineString","coordinates":[[-122.9586085,49.2036743],[-122.9586405,49.2035932],[-122.9586514,49.2035656],[-122.9586595,49.2035361],[-122.9586642,49.203504],[-122.9586658,49.2034539]]}},{"type":"Feature","properties":{"type":"segment","id":"w262.0","kind":"yard","lines":[],"from":"n188","to":"n190","length":3.21,"osmWay":262},"geometry":{"type":"LineString","coordinates":[[-122.9584698,49.2040477],[-122.9584645,49.204019]]}},{"type":"Feature","properties":{"type":"segment","id":"w263.0","kind":"yard","lines":[],"from":"n190","to":"n2479","length":30.73,"osmWay":263},"geometry":{"type":"LineString","coordinates":[[-122.9584645,49.204019],[-122.9584269,49.2037437]]}},{"type":"Feature","properties":{"type":"segment","id":"w264.0","kind":"yard","lines":[],"from":"n190","to":"n2485","length":31.42,"osmWay":264},"geometry":{"type":"LineString","coordinates":[[-122.9584645,49.204019],[-122.9584516,49.2039694],[-122.9584298,49.2039255],[-122.9583924,49.2038611],[-122.9583715,49.203825],[-122.9583579,49.2037906],[-122.958347,49.2037481]]}},{"type":"Feature","properties":{"type":"segment","id":"w265.0","kind":"pocket","lines":["expo"],"from":"n2486","to":"n17","length":108.43,"osmWay":265,"name":"Mainline Pocket","maxspeed":15},"geometry":{"type":"LineString","coordinates":[[-122.9587163,49.2043713],[-122.9587536,49.2042435],[-122.958779,49.2041125],[-122.9588118,49.2038704],[-122.9588551,49.2035508],[-122.9588628,49.2034751],[-122.9588662,49.2034019]]}},{"type":"Feature","properties":{"type":"segment","id":"w266.0","kind":"main","lines":["expo"],"from":"n143","to":"n38","length":13.78,"osmWay":266,"name":"SkyTrain Expo Line","maxspeed":75},"geometry":{"type":"LineString","coordinates":[[-122.95732,49.2062618],[-122.957237,49.2063732]]}},{"type":"Feature","properties":{"type":"segment","id":"w267.0","kind":"pocket","lines":["expo"],"from":"n12","to":"n37","length":305.38,"osmWay":267,"name":"Mainline Pocket","maxspeed":15},"geometry":{"type":"LineString","coordinates":[[-122.957238,49.2093406],[-122.9571728,49.2092592],[-122.957115,49.2091974],[-122.956946,49.2090173],[-122.9568678,49.2089159],[-122.9568068,49.2088292],[-122.9567492,49.2087377],[-122.9566937,49.2086377],[-122.9566476,49.2085375],[-122.9566094,49.20844],[-122.9565823,49.2083593],[-122.9565591,49.2082648],[-122.9565395,49.2081573],[-122.9565273,49.2080605],[-122.956522,49.2079605],[-122.9565214,49.2078569],[-122.9565282,49.2077896],[-122.9565376,49.2077062],[-122.9565514,49.2076265],[-122.9565723,49.2075437],[-122.9566005,49.2074522],[-122.956629,49.207372],[-122.956661,49.2072962],[-122.956696,49.2072216],[-122.9567404,49.2071398],[-122.9567866,49.2070643],[-122.9568369,49.2069909],[-122.9570162,49.20675]]}},{"type":"Feature","properties":{"type":"segment","id":"w268.0","kind":"pocket","lines":["expo"],"from":"n37","to":"n24","length":229.41,"osmWay":268,"name":"Mainline Pocket","maxspeed":15},"geometry":{"type":"LineString","coordinates":[[-122.9570162,49.20675],[-122.9571265,49.2066059],[-122.9577125,49.2058226],[-122.9583187,49.2050219],[-122.9584096,49.2048986]]}},{"type":"Feature","properties":{"type":"segment","id":"w269.0","kind":"pocket","lines":["expo"],"from":"n24","to":"n2521","length":6.03,"osmWay":269,"name":"Mainline Pocket","maxspeed":15},"geometry":{"type":"LineString","coordinates":[[-122.9584096,49.2048986],[-122.9584462,49.2048499]]}},{"type":"Feature","properties":{"type":"segment","id":"w270.0","kind":"pocket","lines":["expo"],"from":"n2521","to":"n2486","length":56.86,"osmWay":270,"name":"Mainline Pocket","maxspeed":15,"layer":1,"bridge":true},"geometry":{"type":"LineString","coordinates":[[-122.9584462,49.2048499],[-122.9585059,49.2047712],[-122.9585676,49.2046783],[-122.9586193,49.2045891],[-122.9586765,49.2044661],[-122.9587163,49.2043713]]}},{"type":"Feature","properties":{"type":"segment","id":"w271.0","kind":"yard","lines":[],"from":"n1088","to":"n2529","length":47.47,"osmWay":271,"trackRef":"CATS","maxspeed":15,"layer":1,"bridge":true},"geometry":{"type":"LineString","coordinates":[[-122.9585785,49.2043519],[-122.9585418,49.2044474],[-122.9585018,49.2045391],[-122.9584605,49.2046182],[-122.9583797,49.2047581]]}},{"type":"Feature","properties":{"type":"segment","id":"w272.0","kind":"main","lines":["millennium"],"from":"n2530","to":"n191","length":48.81,"osmWay":272,"name":"SkyTrain Millennium Line"},"geometry":{"type":"LineString","coordinates":[[-122.8123966,49.2765743],[-122.813069,49.2765888]]}},{"type":"Feature","properties":{"type":"segment","id":"w273.0","kind":"main","lines":["millennium"],"from":"n191","to":"n192","length":23.74,"osmWay":273,"name":"SkyTrain Millennium Line"},"geometry":{"type":"LineString","coordinates":[[-122.813069,49.2765888],[-122.8133961,49.2765953]]}},{"type":"Feature","properties":{"type":"segment","id":"w274.0","kind":"main","lines":["millennium"],"from":"n192","to":"n193","length":431.96,"osmWay":274,"name":"SkyTrain Millennium Line"},"geometry":{"type":"LineString","coordinates":[[-122.8133961,49.2765953],[-122.8167229,49.2766525],[-122.8180827,49.2767061],[-122.8187991,49.2767238],[-122.819346,49.2767367]]}},{"type":"Feature","properties":{"type":"segment","id":"w275.0","kind":"main","lines":["millennium"],"from":"n193","to":"n194","length":121.75,"osmWay":275,"name":"SkyTrain Millennium Line"},"geometry":{"type":"LineString","coordinates":[[-122.819346,49.2767367],[-122.8210236,49.2767681]]}},{"type":"Feature","properties":{"type":"segment","id":"w276.0","kind":"main","lines":["millennium"],"from":"n194","to":"n1426","length":415.25,"osmWay":276,"name":"SkyTrain Millennium Line"},"geometry":{"type":"LineString","coordinates":[[-122.8210236,49.2767681],[-122.8223427,49.2767838],[-122.8239718,49.2768147],[-122.8255054,49.276853],[-122.8260558,49.2768758],[-122.8263207,49.2769071],[-122.8267245,49.2769815]]}},{"type":"Feature","properties":{"type":"segment","id":"w277.0","kind":"main","lines":["millennium"],"from":"n1383","to":"n2540","length":763.01,"osmWay":277,"name":"SkyTrain Millennium Line","layer":-1,"tunnel":true},"geometry":{"type":"LineString","coordinates":[[-122.8782709,49.2708996],[-122.8823007,49.2677685],[-122.8852385,49.2657647]]}},{"type":"Feature","properties":{"type":"segment","id":"w278.0","kind":"main","lines":["millennium"],"from":"n2541","to":"n176","length":1412.65,"osmWay":278,"name":"SkyTrain Millennium Line","layer":2,"bridge":true},"geometry":{"type":"LineString","coordinates":[[-123.0264168,49.2624475],[-123.0259954,49.2624522],[-123.0246137,49.2624497],[-123.023619,49.2624323],[-123.022725,49.2624194],[-123.0216664,49.2623957],[-123.0205404,49.2623743],[-123.0198505,49.2623678],[-123.0178025,49.2623377],[-123.0170666,49.2623334],[-123.0168304,49.2623442],[-123.0165431,49.2623764],[-123.0163867,49.2624065],[-123.0161167,49.2624806],[-123.0159915,49.2625247],[-123.015766,49.2626246],[-123.0155223,49.2627686],[-123.0153956,49.2628642],[-123.0152951,49.2629576],[-123.0152326,49.2630275],[-123.0149543,49.2634411],[-123.0146942,49.2639719],[-123.0146448,49.2640524],[-123.0145642,49.264162],[-123.0144407,49.264292],[-123.0142883,49.2644326],[-123.0139726,49.2646375],[-123.0134674,49.2649619],[-123.0119202,49.2658691],[-123.0117499,49.2659627],[-123.0117325,49.2659723],[-123.0115481,49.2660528],[-123.0114361,49.266098],[-123.0112007,49.2661689],[-123.0110443,49.2662108],[-123.0108262,49.2662757],[-123.0105654,49.26631],[-123.0102885,49.2663338],[-123.0099671,49.2663536],[-123.009806,49.2663633]]}},{"type":"Feature","properties":{"type":"segment","id":"w279.0","kind":"main","lines":["millennium"],"from":"n176","to":"n179","length":110,"osmWay":279,"name":"SkyTrain Millennium Line","layer":2,"bridge":true},"geometry":{"type":"LineString","coordinates":[[-123.009806,49.2663633],[-123.0092314,49.2663944],[-123.008295,49.266444]]}},{"type":"Feature","properties":{"type":"segment","id":"w280.0","kind":"main","lines":["millennium"],"from":"n179","to":"n2613","length":1308.84,"osmWay":280,"name":"SkyTrain Millennium Line","layer":2,"bridge":true},"geometry":{"type":"LineString","coordinates":[[-123.008295,49.266444],[-123.0082086,49.2664485],[-123.0079095,49.266467],[-123.0076608,49.2664762],[-123.0072546,49.2664907],[-123.0068968,49.2664986],[-123.0064723,49.2665013],[-123.0059973,49.2664986],[-123.0053323,49.2664855],[-123.0046855,49.2664723],[-123.0031542,49.26642],[-123.0023951,49.2664003],[-123.0016768,49.2663724],[-123.0010337,49.2663446],[-122.9987968,49.2662898],[-122.9982467,49.2662793],[-122.9978735,49.2662676],[-122.9974877,49.2662441],[-122.9971158,49.2662045],[-122.9966519,49.2661412],[-122.9958969,49.2659988],[-122.9953108,49.2658563],[-122.9946154,49.2656466],[-122.9941192,49.2654778],[-122.9935391,49.2652931],[-122.9931187,49.2651678],[-122.9928074,49.2650873],[-122.992577,49.2650346],[-122.9924052,49.2650029],[-122.9921363,49.264962],[-122.9918008,49.2649264],[-122.9913986,49.2648882],[-122.9908831,49.264875],[-122.9906564,49.2648754]]}},{"type":"Feature","properties":{"type":"segment","id":"w281.0","kind":"yard","lines":[],"from":"n57","to":"n2619","length":42.05,"osmWay":281,"trackRef":"M1","maxspeed":15},"geometry":{"type":"LineString","coordinates":[[-122.957489,49.2051141],[-122.9574447,49.2051618],[-122.9574034,49.205198],[-122.9572212,49.205341],[-122.9571987,49.2053612],[-122.9571704,49.20539],[-122.957149,49.2054187]]}},{"type":"Feature","properties":{"type":"segment","id":"w282.0","kind":"yard","lines":[],"from":"n55","to":"n195","length":564.26,"osmWay":282,"trackRef":"S13","maxspeed":15},"geometry":{"type":"LineString","coordinates":[[-122.9581762,49.2050355],[-122.9582151,49.2049535],[-122.9582223,49.204922],[-122.9582231,49.2048907],[-122.9582207,49.2048663],[-122.9582145,49.2048375],[-122.9582068,49.2048118],[-122.9581915,49.2047798],[-122.95817,49.2047469],[-122.958145,49.2047185],[-122.9581153,49.2046887],[-122.9580823,49.2046637],[-122.9580382,49.2046363],[-122.9579842,49.2046113],[-122.9579295,49.2045913],[-122.9578764,49.2045759],[-122.9578175,49.2045611],[-122.9572665,49.2044353],[-122.9571828,49.2044188],[-122.9571017,49.2044049],[-122.9570197,49.2043966],[-122.956912,49.2043901],[-122.956786,49.2043864],[-122.9566666,49.2043865],[-122.9565514,49.2043922],[-122.9564534,49.2043954],[-122.9563552,49.2044029],[-122.9562302,49.204417],[-122.956138,49.2044299],[-122.9560351,49.2044469],[-122.9559217,49.2044695],[-122.9558057,49.2044963],[-122.955685,49.2045283],[-122.9555739,49.2045631],[-122.9554569,49.2046045],[-122.9553484,49.2046468],[-122.9552449,49.2046928],[-122.953699,49.2054339],[-122.9532851,49.2056341],[-122.9532341,49.2056643],[-122.9531916,49.2056947],[-122.9531513,49.2057346],[-122.9531218,49.2057703],[-122.9531052,49.2058027],[-122.9530928,49.2058384],[-122.9530854,49.2058746],[-122.9530853,49.205918],[-122.9530936,49.2059506],[-122.9531126,49.2059956],[-122.9531398,49.206036],[-122.9531807,49.2060799],[-122.9532299,49.2061226],[-122.9536879,49.2064752],[-122.9537925,49.2065414]]}},{"type":"Feature","properties":{"type":"segment","id":"w283.0","kind":"yard","lines":[],"from":"n196","to":"n2677","length":37.23,"osmWay":283,"trackRef":"M11"},"geometry":{"type":"LineString","coordinates":[[-122.9556594,49.2052845],[-122.9556028,49.2053286],[-122.9555558,49.205368],[-122.955521,49.2053987],[-122.955476,49.2054403],[-122.9554117,49.2055061],[-122.9553619,49.2055566]]}},{"type":"Feature","properties":{"type":"segment","id":"w284.0","kind":"yard","lines":[],"from":"n2678","to":"n197","length":46.58,"osmWay":284,"trackRef":"RM2"},"geometry":{"type":"LineString","coordinates":[[-122.9550026,49.205609],[-122.9550429,49.2055569],[-122.9550818,49.2055082],[-122.9551294,49.2054635],[-122.955189,49.2054189],[-122.9552447,49.2053847],[-122.9553138,49.2053426],[-122.9554121,49.2052944]]}},{"type":"Feature","properties":{"type":"segment","id":"w285.0","kind":"yard","lines":[],"from":"n2685","to":"n2686","length":76.13,"osmWay":285,"trackRef":"M10","tunnel":true},"geometry":{"type":"LineString","coordinates":[[-122.9547844,49.2061357],[-122.9552525,49.2055232]]}},{"type":"Feature","properties":{"type":"segment","id":"w286.0","kind":"yard","lines":[],"from":"n143","to":"n26","length":41.96,"osmWay":286,"maxspeed":15},"geometry":{"type":"LineString","coordinates":[[-122.95732,49.2062618],[-122.9573714,49.2061805],[-122.9573992,49.2061282],[-122.9574429,49.2060461],[-122.9574806,49.205981],[-122.9575285,49.2059101]]}},{"type":"Feature","properties":{"type":"segment","id":"w287.0","kind":"yard","lines":[],"from":"n142","to":"n53","length":42.05,"osmWay":287,"maxspeed":15},"geometry":{"type":"LineString","coordinates":[[-122.9580297,49.2053184],[-122.9579789,49.2053775],[-122.9579115,49.2054472],[-122.957845,49.2055119],[-122.9577918,49.2055661],[-122.957727,49.2056405]]}},{"type":"Feature","properties":{"type":"segment","id":"w288.0","kind":"main","lines":["expo"],"from":"n25","to":"n142","length":10.48,"osmWay":288,"name":"SkyTrain Expo Line","maxspeed":75},"geometry":{"type":"LineString","coordinates":[[-122.958094,49.205234],[-122.9580297,49.2053184]]}},{"type":"Feature","properties":{"type":"segment","id":"w289.0","kind":"yard","lines":[],"from":"n192","to":"n198","length":73.8,"osmWay":289},"geometry":{"type":"LineString","coordinates":[[-122.8133961,49.2765953],[-122.8135167,49.2766024],[-122.8136219,49.2766118],[-122.8141607,49.2766667],[-122.8142676,49.2766761],[-122.814404,49.2766835]]}},{"type":"Feature","properties":{"type":"segment","id":"w290.0","kind":"yard","lines":[],"from":"n198","to":"n199","length":19.6,"osmWay":290},"geometry":{"type":"LineString","coordinates":[[-122.814404,49.2766835],[-122.8146741,49.2766882]]}},{"type":"Feature","properties":{"type":"segment","id":"w291.0","kind":"main","lines":["expo","millennium"],"from":"n116","to":"n117","length":12.07,"osmWay":291,"name":"SkyTrain Expo and Millennium Lines","layer":1,"bridge":true},"geometry":{"type":"LineString","coordinates":[[-122.898356,49.2491805],[-122.898501,49.2492336]]}},{"type":"Feature","properties":{"type":"segment","id":"w292.0","kind":"main","lines":["expo","millennium"],"from":"n126","to":"n118","length":258.86,"osmWay":292,"name":"SkyTrain Expo and Millennium Lines","layer":1,"bridge":true},"geometry":{"type":"LineString","coordinates":[[-122.899115,49.2494097],[-122.8984623,49.2491736],[-122.8980793,49.2490294],[-122.897894,49.2489474],[-122.8977017,49.2488488],[-122.8968898,49.2484049],[-122.896237,49.248049]]}},{"type":"Feature","properties":{"type":"segment","id":"w293.0","kind":"main","lines":["expo","millennium"],"from":"n104","to":"n114","length":16.38,"osmWay":293,"name":"SkyTrain Expo and Millennium Lines","layer":2,"bridge":true},"geometry":{"type":"LineString","coordinates":[[-122.8951814,49.2475794],[-122.8953533,49.2476749]]}},{"type":"Feature","properties":{"type":"segment","id":"w294.0","kind":"main","lines":["expo","millennium"],"from":"n2704","to":"n126","length":720.59,"osmWay":294,"name":"SkyTrain Expo and Millennium Lines","layer":1,"bridge":true},"geometry":{"type":"LineString","coordinates":[[-122.9081512,49.2518816],[-122.9069946,49.2516434],[-122.9064844,49.2515496],[-122.9041862,49.2512072],[-122.9035371,49.251092],[-122.9029619,49.2509612],[-122.9021167,49.2507193],[-122.901433,49.2504811],[-122.9007905,49.2502282],[-122.9003029,49.2499983],[-122.8996865,49.2496517],[-122.8994108,49.2495169],[-122.899115,49.2494097]]}},{"type":"Feature","properties":{"type":"segment","id":"w295.0","kind":"main","lines":["millennium"],"from":"n2716","to":"n163","length":679.64,"osmWay":295,"name":"SkyTrain Millennium Line","layer":2,"bridge":true},"geometry":{"type":"LineString","coordinates":[[-122.918123,49.2534613],[-122.9191296,49.2535995],[-122.9195222,49.2536409],[-122.9200118,49.2536887],[-122.9204801,49.2537216],[-122.9211631,49.2537669],[-122.9216801,49.2538254],[-122.9223758,49.2539152],[-122.922989,49.2540022],[-122.9241327,49.2541603],[-122.9246262,49.2542286],[-122.9250634,49.2542829],[-122.9256002,49.2543405],[-122.9261827,49.2543821],[-122.927358,49.2543958]]}},{"type":"Feature","properties":{"type":"segment","id":"w296.0","kind":"main","lines":["millennium"],"from":"n163","to":"n161","length":121.42,"osmWay":296,"name":"SkyTrain Millennium Line","layer":2,"bridge":true},"geometry":{"type":"LineString","coordinates":[[-122.927358,49.2543958],[-122.929031,49.2544036]]}},{"type":"Feature","properties":{"type":"segment","id":"w297.0","kind":"siding","lines":["millennium"],"from":"n102","to":"n2734","length":112.04,"osmWay":297,"layer":1,"bridge":true},"geometry":{"type":"LineString","coordinates":[[-123.080558,49.2660753],[-123.080729,49.2661122],[-123.0810935,49.2662097],[-123.0812336,49.26624],[-123.0815472,49.2662906],[-123.0820307,49.2663722]]}},{"type":"Feature","properties":{"type":"segment","id":"w298.0","kind":"main","lines":["millennium"],"from":"n162","to":"n164","length":25.98,"osmWay":298,"name":"SkyTrain Millennium Line","layer":2,"bridge":true},"geometry":{"type":"LineString","coordinates":[[-122.92837,49.254356],[-122.928012,49.2543536]]}},{"type":"Feature","properties":{"type":"segment","id":"w299.0","kind":"main","lines":["millennium"],"from":"n164","to":"n2744","length":725.03,"osmWay":299,"name":"SkyTrain Millennium Line","layer":2,"bridge":true},"geometry":{"type":"LineString","coordinates":[[-122.928012,49.2543536],[-122.9261847,49.2543431],[-122.9255977,49.2543006],[-122.9249918,49.2542388],[-122.9244674,49.2541701],[-122.9229796,49.2539583],[-122.9214019,49.2537516],[-122.9206934,49.2536943],[-122.9201317,49.2536516],[-122.9195867,49.2535931],[-122.9181633,49.2533813]]}},{"type":"Feature","properties":{"type":"segment","id":"w300.0","kind":"main","lines":["millennium"],"from":"n161","to":"n2260","length":162.85,"osmWay":300,"name":"SkyTrain Millennium Line","layer":2,"bridge":true},"geometry":{"type":"LineString","coordinates":[[-122.929031,49.2544036],[-122.9304374,49.2544032],[-122.9308963,49.2544007],[-122.9312748,49.2543989]]}},{"type":"Feature","properties":{"type":"segment","id":"w301.0","kind":"crossover","lines":["millennium"],"from":"n200","to":"n201","length":48.18,"osmWay":301,"layer":1,"bridge":true},"geometry":{"type":"LineString","coordinates":[[-122.8028661,49.2755909],[-122.8027528,49.2755402],[-122.8026787,49.2755043],[-122.8024555,49.2753891],[-122.8023329,49.2753329]]}},{"type":"Feature","properties":{"type":"segment","id":"w302.0","kind":"spur","lines":["millennium"],"from":"n202","to":"n2751","length":115.41,"osmWay":302,"layer":1,"bridge":true},"geometry":{"type":"LineString","coordinates":[[-122.8029339,49.2755166],[-122.802278,49.2752597],[-122.8015675,49.2749851]]}},{"type":"Feature","properties":{"type":"segment","id":"w303.0","kind":"spur","lines":["millennium"],"from":"n203","to":"n2753","length":50.19,"osmWay":303,"layer":1,"bridge":true},"geometry":{"type":"LineString","coordinates":[[-122.8021105,49.2752456],[-122.8017058,49.275094],[-122.8015119,49.2750193]]}},{"type":"Feature","properties":{"type":"segment","id":"w304.0","kind":"main","lines":["millennium"],"from":"n2754","to":"n204","length":1568.81,"osmWay":304,"name":"SkyTrain Millennium Line","layer":1,"bridge":true},"geometry":{"type":"LineString","coordinates":[[-122.8948442,49.2474324],[-122.8945683,49.2473133],[-122.8944613,49.2472761],[-122.894322,49.2472389],[-122.8941479,49.2472145],[-122.8939853,49.2472066],[-122.8938512,49.2472137],[-122.893719,49.2472324],[-122.8935787,49.247263],[-122.8934442,49.2473065],[-122.893343,49.2473512],[-122.8932571,49.2473958],[-122.8931615,49.2474598],[-122.8931159,49.2474993],[-122.8930791,49.2475365],[-122.8930468,49.2475686],[-122.8930195,49.2475997],[-122.892974,49.2476552],[-122.8929485,49.2477061],[-122.8929344,49.2477469],[-122.892906,49.2478404],[-122.8928881,49.2479531],[-122.8928867,49.2480702],[-122.8929029,49.2488141],[-122.892924,49.2493088],[-122.8929563,49.2517042],[-122.8929832,49.2530058],[-122.893015,49.2535279],[-122.8930255,49.254054],[-122.8930465,49.2551378],[-122.8930612,49.2558653],[-122.8930507,49.2565409],[-122.893068,49.257339],[-122.8930744,49.2580252],[-122.8930686,49.2581876],[-122.8930461,49.2583494],[-122.8930042,49.25852],[-122.8929733,49.258607],[-122.8929424,49.2586887],[-122.8928704,49.2588333],[-122.8927883,49.2589711],[-122.8927428,49.2590409],[-122.8926921,49.2591068],[-122.8925849,49.2592386],[-122.8924738,49.2593539],[-122.8923534,49.2594661],[-122.8920767,49.2596959],[-122.8916421,49.2600291]]}},{"type":"Feature","properties":{"type":"segment","id":"w305.0","kind":"crossover","lines":["millennium"],"from":"n205","to":"n204","length":104.41,"osmWay":305,"name":"SkyTrain Millennium Line","layer":1,"bridge":true},"geometry":{"type":"LineString","coordinates":[[-122.8907148,49.2607471],[-122.8916421,49.2600291]]}},{"type":"Feature","properties":{"type":"segment","id":"w306.0","kind":"siding","lines":[],"from":"n2801","to":"n2804","length":613.03,"osmWay":306,"maxspeed":15,"layer":2,"bridge":true},"geometry":{"type":"LineString","coordinates":[[-122.9001382,49.2063433],[-122.8983508,49.2059088],[-122.8939684,49.204847],[-122.8922234,49.2044319]]}},{"type":"Feature","properties":{"type":"segment","id":"w307.0","kind":"main","lines":["millennium"],"from":"n2805","to":"n171","length":169.44,"osmWay":307,"name":"SkyTrain Millennium Line"},"geometry":{"type":"LineString","coordinates":[[-123.0777692,49.265588],[-123.077562,49.2655556],[-123.0771539,49.2654775],[-123.0769136,49.2654233],[-123.0766709,49.2653567],[-123.0763616,49.2652718],[-123.0756,49.2650348]]}},{"type":"Feature","properties":{"type":"segment","id":"w308.0","kind":"main","lines":["millennium"],"from":"n171","to":"n2815","length":259.73,"osmWay":308,"name":"SkyTrain Millennium Line"},"geometry":{"type":"LineString","coordinates":[[-123.0756,49.2650348],[-123.0748596,49.2648154],[-123.0742141,49.2646184],[-123.0732674,49.2643244],[-123.0726152,49.2641117],[-123.0723636,49.2640376]]}},{"type":"Feature","properties":{"type":"segment","id":"w309.0","kind":"main","lines":["canada"],"from":"n2816","to":"n206","length":525.29,"osmWay":309,"name":"SkyTrain Canada Line","layer":2,"bridge":true},"geometry":{"type":"LineString","coordinates":[[-123.1364862,49.1722438],[-123.1364407,49.1719294],[-123.1363932,49.1713275],[-123.1363612,49.1710395],[-123.1363523,49.1708346],[-123.1363539,49.1687145],[-123.1363584,49.1681308],[-123.1363609,49.1678931],[-123.1363641,49.1675228]]}},{"type":"Feature","properties":{"type":"segment","id":"w310.0","kind":"main","lines":["millennium"],"from":"n207","to":"n208","length":7.29,"osmWay":310,"name":"SkyTrain Millennium Line","layer":1,"bridge":true},"geometry":{"type":"LineString","coordinates":[[-122.8910948,49.2603975],[-122.8911618,49.2603487]]}},{"type":"Feature","properties":{"type":"segment","id":"w311.0","kind":"main","lines":["millennium"],"from":"n208","to":"n1342","length":1031.75,"osmWay":311,"name":"SkyTrain Millennium Line","layer":1,"bridge":true},"geometry":{"type":"LineString","coordinates":[[-122.8911618,49.2603487],[-122.8915898,49.2600005],[-122.8920254,49.2596677],[-122.8922991,49.2594385],[-122.8924181,49.2593288],[-122.8924468,49.2592993],[-122.8925277,49.259216],[-122.8925832,49.2591537],[-122.8926344,49.2590896],[-122.8927281,49.2589551],[-122.8928075,49.2588197],[-122.8928445,49.2587454],[-122.892863,49.2587062],[-122.8928922,49.2586401],[-122.8929124,49.2585877],[-122.8929416,49.2584973],[-122.8929663,49.2584143],[-122.892987,49.25831],[-122.8930012,49.2582118],[-122.8930067,49.2581206],[-122.8930113,49.2580316],[-122.8930037,49.2573369],[-122.8929916,49.25687],[-122.8929879,49.2565122],[-122.8929858,49.2549444],[-122.8929554,49.2538826],[-122.8929207,49.2528963],[-122.8928922,49.2514363]]}},{"type":"Feature","properties":{"type":"segment","id":"w312.0","kind":"main","lines":["millennium"],"from":"n2850","to":"n2858","length":356.81,"osmWay":312,"name":"SkyTrain Millennium Line","layer":1,"bridge":true},"geometry":{"type":"LineString","coordinates":[[-122.8042531,49.2760562],[-122.8045971,49.2761283],[-122.8049701,49.2761953],[-122.8057415,49.2763119],[-122.8066354,49.2764404],[-122.8072766,49.2765145],[-122.8077979,49.27654],[-122.8086942,49.2765415],[-122.8090871,49.2765389]]}},{"type":"Feature","properties":{"type":"segment","id":"w313.0","kind":"main","lines":["millennium"],"from":"n2859","to":"n200","length":268.53,"osmWay":313,"name":"SkyTrain Millennium Line","layer":1,"bridge":true},"geometry":{"type":"LineString","coordinates":[[-122.7994994,49.2746395],[-122.79968,49.2746369],[-122.7998571,49.2746512],[-122.8000456,49.2746916],[-122.8003084,49.2747658],[-122.801393,49.2750774],[-122.8016641,49.2751557],[-122.8019123,49.2752302],[-122.802201,49.2753303],[-122.8028661,49.2755909]]}},{"type":"Feature","properties":{"type":"segment","id":"w314.0","kind":"main","lines":["millennium"],"from":"n200","to":"n2850","length":113.36,"osmWay":314,"name":"SkyTrain Millennium Line","layer":1,"bridge":true},"geometry":{"type":"LineString","coordinates":[[-122.8028661,49.2755909],[-122.8033671,49.2757839],[-122.8038313,49.2759458],[-122.8042531,49.2760562]]}},{"type":"Feature","properties":{"type":"segment","id":"w315.0","kind":"main","lines":["expo"],"from":"n11","to":"n141","length":187.6,"osmWay":315,"name":"SkyTrain Expo Line","maxspeed":70,"layer":1,"bridge":true},"geometry":{"type":"LineString","coordinates":[[-122.850681,49.1983759],[-122.8506745,49.1975031],[-122.85067,49.1966888]]}},{"type":"Feature","properties":{"type":"segment","id":"w316.0","kind":"main","lines":["expo"],"from":"n141","to":"n140","length":1599.19,"osmWay":316,"name":"SkyTrain Expo Line","maxspeed":70,"layer":1,"bridge":true},"geometry":{"type":"LineString","coordinates":[[-122.85067,49.1966888],[-122.850671,49.1965115],[-122.8506779,49.1950432],[-122.8506604,49.1948646],[-122.8506382,49.1946743],[-122.850619,49.1945975],[-122.8505762,49.1945058],[-122.8504888,49.1943203],[-122.850405,49.19419],[-122.8503092,49.1940668],[-122.8501913,49.1939387],[-122.8500706,49.1938058],[-122.8485918,49.1925183],[-122.8483476,49.1922571],[-122.8482431,49.1921057],[-122.8481235,49.1919305],[-122.8480323,49.1917383],[-122.8479639,49.1915553],[-122.8479204,49.1913283],[-122.8478933,49.1909943],[-122.8479137,49.1904599],[-122.847929,49.1895232],[-122.8479468,49.1889972],[-122.8479342,49.1887181],[-122.8478821,49.1885032],[-122.8478062,49.1883232],[-122.847686,49.1881197],[-122.8472676,49.1874729],[-122.8471823,49.1873207],[-122.847123,49.1871828],[-122.8470854,49.1870708],[-122.8470614,49.1869405],[-122.8470495,49.1866876],[-122.8470632,49.1852648],[-122.8470778,49.184755],[-122.8470766,49.1845199],[-122.8470648,49.1844094],[-122.8470506,49.1842915],[-122.8470377,49.1842258],[-122.847006,49.1841289],[-122.8469598,49.1840302],[-122.8469156,49.1839482],[-122.8468687,49.183876],[-122.8468141,49.1838059],[-122.8467384,49.1837282],[-122.8466361,49.1836341],[-122.8465362,49.1835565],[-122.8464063,49.183475],[-122.8462036,49.1833703],[-122.8459505,49.1832569],[-122.845849,49.1832174]]}},{"type":"Feature","properties":{"type":"segment","id":"w317.0","kind":"main","lines":["expo"],"from":"n140","to":"n139","length":208.57,"osmWay":317,"name":"SkyTrain Expo Line","maxspeed":70,"layer":1,"bridge":true},"geometry":{"type":"LineString","coordinates":[[-122.845849,49.1832174],[-122.8451628,49.1829316],[-122.84468,49.1827396],[-122.8440759,49.182494],[-122.843411,49.1822282]]}},{"type":"Feature","properties":{"type":"segment","id":"w318.0","kind":"main","lines":["expo"],"from":"n139","to":"n209","length":237.2,"osmWay":318,"name":"SkyTrain Expo Line","maxspeed":70,"layer":1,"bridge":true},"geometry":{"type":"LineString","coordinates":[[-122.843411,49.1822282],[-122.8418086,49.1816236],[-122.8405848,49.1811615]]}},{"type":"Feature","properties":{"type":"segment","id":"w319.0","kind":"main","lines":["millennium"],"from":"n2924","to":"n2805","length":90.78,"osmWay":319,"name":"SkyTrain Millennium Line","layer":1,"bridge":true},"geometry":{"type":"LineString","coordinates":[[-123.078985,49.2657805],[-123.0782121,49.2656546],[-123.0777692,49.265588]]}},{"type":"Feature","properties":{"type":"segment","id":"w320.0","kind":"main","lines":["millennium"],"from":"n2926","to":"n2928","length":89.75,"osmWay":320,"name":"SkyTrain Millennium Line","layer":1,"bridge":true},"geometry":{"type":"LineString","coordinates":[[-123.0777666,49.2656249],[-123.0783427,49.265722],[-123.078967,49.2658194]]}},{"type":"Feature","properties":{"type":"segment","id":"w321.0","kind":"main","lines":["canada"],"from":"n128","to":"n111","length":75.09,"osmWay":321,"name":"SkyTrain Canada Line","layer":2,"bridge":true},"geometry":{"type":"LineString","coordinates":[[-123.126408,49.1953179],[-123.125974,49.1955237],[-123.1255604,49.195704]]}},{"type":"Feature","properties":{"type":"segment","id":"w322.0","kind":"main","lines":["canada"],"from":"n111","to":"n1620","length":202.04,"osmWay":322,"name":"SkyTrain Canada Line","layer":2,"bridge":true},"geometry":{"type":"LineString","coordinates":[[-123.1255604,49.195704],[-123.1252203,49.1958597],[-123.1250622,49.1959315],[-123.124906,49.1960061],[-123.1247626,49.1960767],[-123.1246181,49.1961518],[-123.1240509,49.1964588],[-123.1239151,49.1965291],[-123.1238101,49.1965809],[-123.1236827,49.1966394],[-123.1234919,49.1967158],[-123.1233229,49.1967785]]}},{"type":"Feature","properties":{"type":"segment","id":"w323.0","kind":"main","lines":["canada"],"from":"n180","to":"n2957","length":621.91,"osmWay":323,"name":"SkyTrain Canada Line","layer":2,"bridge":true},"geometry":{"type":"LineString","coordinates":[[-123.1708711,49.1935464],[-123.1714124,49.193606],[-123.1716215,49.1936262],[-123.1718607,49.1936413],[-123.1720994,49.1936502],[-123.1723659,49.1936517],[-123.1731308,49.1936461],[-123.1733008,49.1936481],[-123.1734352,49.1936516],[-123.1736314,49.1936622],[-123.1738153,49.193678],[-123.174432,49.193747],[-123.175043,49.1938165],[-123.175709,49.1938909],[-123.1765524,49.1939866],[-123.1774154,49.1940865],[-123.1779778,49.1941505],[-123.1784212,49.194201],[-123.1793331,49.1943042]]}},{"type":"Feature","properties":{"type":"segment","id":"w324.0","kind":"main","lines":["canada"],"from":"n2957","to":"n2958","length":12.17,"osmWay":324,"name":"SkyTrain Canada Line","layer":2,"bridge":true},"geometry":{"type":"LineString","coordinates":[[-123.1793331,49.1943042],[-123.1794981,49.1943228]]}},{"type":"Feature","properties":{"type":"segment","id":"w325.0","kind":"crossover","lines":["canada"],"from":"n183","to":"n15","length":59.37,"osmWay":325},"geometry":{"type":"LineString","coordinates":[[-123.149843,49.1955101],[-123.1497232,49.1955852],[-123.1496431,49.1956393],[-123.1494861,49.1957552],[-123.1494249,49.195795],[-123.1492704,49.1958905]]}},{"type":"Feature","properties":{"type":"segment","id":"w326.0","kind":"main","lines":["millennium"],"from":"n2963","to":"n2978","length":268.64,"osmWay":326,"name":"SkyTrain Millennium Line","layer":1,"bridge":true},"geometry":{"type":"LineString","coordinates":[[-122.8893191,49.2617704],[-122.8892244,49.2618505],[-122.889149,49.261918],[-122.8890597,49.2620097],[-122.8889904,49.2620964],[-122.8889173,49.2622075],[-122.8888743,49.2622804],[-122.8888069,49.2624159],[-122.8885875,49.2628403],[-122.8884597,49.263066],[-122.8883111,49.2632429],[-122.8882297,49.2633249],[-122.8881417,49.2634059],[-122.8880377,49.2634964],[-122.8879287,49.263588],[-122.8875773,49.2638745]]}},{"type":"Feature","properties":{"type":"segment","id":"w327.0","kind":"crossover","lines":["millennium"],"from":"n210","to":"n194","length":45.88,"osmWay":327},"geometry":{"type":"LineString","coordinates":[[-122.8216542,49.2767393],[-122.8215285,49.2767422],[-122.8214241,49.2767482],[-122.8212433,49.2767598],[-122.8211476,49.2767658],[-122.8210236,49.2767681]]}},{"type":"Feature","properties":{"type":"segment","id":"w328.0","kind":"main","lines":["millennium"],"from":"n2978","to":"n2983","length":134.54,"osmWay":328,"name":"SkyTrain Millennium Line"},"geometry":{"type":"LineString","coordinates":[[-122.8875773,49.2638745],[-122.8864053,49.2648121]]}},{"type":"Feature","properties":{"type":"segment","id":"w329.0","kind":"main","lines":["millennium"],"from":"n2984","to":"n3001","length":2127.61,"osmWay":329,"name":"SkyTrain Millennium Line","trackRef":"TUO","layer":-1,"tunnel":true},"geometry":{"type":"LineString","coordinates":[[-122.8851824,49.2657362],[-122.8822503,49.2677315],[-122.8781553,49.2708905],[-122.8765653,49.2721229],[-122.8763195,49.2723575],[-122.875913,49.2728352],[-122.8739035,49.2756115],[-122.8727683,49.2771833],[-122.8722387,49.2777284],[-122.8716063,49.278221],[-122.8708261,49.2787151],[-122.8701308,49.2790092],[-122.8691443,49.2792393],[-122.868363,49.2793338],[-122.8677107,49.2793374],[-122.8672858,49.2793139],[-122.8669258,49.2792804],[-122.8664696,49.2792286]]}},{"type":"Feature","properties":{"type":"segment","id":"w330.0","kind":"main","lines":["millennium"],"from":"n3002","to":"n211","length":110,"osmWay":330,"name":"SkyTrain Millennium Line","layer":1,"bridge":true},"geometry":{"type":"LineString","coordinates":[[-122.8661033,49.2791898],[-122.8652524,49.2790988],[-122.864608,49.2790256]]}},{"type":"Feature","properties":{"type":"segment","id":"w331.0","kind":"main","lines":["millennium"],"from":"n211","to":"n212","length":114.46,"osmWay":331,"name":"SkyTrain Millennium Line","layer":1,"bridge":true},"geometry":{"type":"LineString","coordinates":[[-122.864608,49.2790256],[-122.863053,49.278851]]}},{"type":"Feature","properties":{"type":"segment","id":"w332.0","kind":"main","lines":["millennium"],"from":"n212","to":"n3005","length":111.82,"osmWay":332,"name":"SkyTrain Millennium Line","layer":1,"bridge":true},"geometry":{"type":"LineString","coordinates":[[-122.863053,49.278851],[-122.8620849,49.2787447],[-122.8615369,49.2786703]]}},{"type":"Feature","properties":{"type":"segment","id":"w333.0","kind":"main","lines":["millennium"],"from":"n3006","to":"n3024","length":562.14,"osmWay":333,"name":"SkyTrain Millennium Line","layer":1,"bridge":true},"geometry":{"type":"LineString","coordinates":[[-122.8362128,49.2778252],[-122.8359066,49.2777996],[-122.8355717,49.2777642],[-122.8351474,49.2777127],[-122.834741,49.2776651],[-122.8345619,49.2776473],[-122.8343808,49.2776348],[-122.8341915,49.2776243],[-122.8340021,49.2776215],[-122.8338341,49.2776218],[-122.8336661,49.2776312],[-122.8330738,49.2776627],[-122.8324841,49.277695],[-122.8319834,49.2777071],[-122.8314752,49.2776782],[-122.8309874,49.277623],[-122.8301914,49.277535],[-122.8291396,49.2773975],[-122.8285594,49.2772858]]}},{"type":"Feature","properties":{"type":"segment","id":"w334.0","kind":"main","lines":["millennium"],"from":"n3024","to":"n3026","length":137.25,"osmWay":334,"name":"SkyTrain Millennium Line","layer":-1,"tunnel":true},"geometry":{"type":"LineString","coordinates":[[-122.8285594,49.2772858],[-122.8276803,49.277119],[-122.8267433,49.2769399]]}},{"type":"Feature","properties":{"type":"segment","id":"w335.0","kind":"main","lines":["millennium"],"from":"n3026","to":"n210","length":370.84,"osmWay":335,"name":"SkyTrain Millennium Line"},"geometry":{"type":"LineString","coordinates":[[-122.8267433,49.2769399],[-122.8262628,49.2768554],[-122.8259422,49.2768241],[-122.823968,49.2767772],[-122.8216542,49.2767393]]}},{"type":"Feature","properties":{"type":"segment","id":"w336.0","kind":"main","lines":["millennium"],"from":"n210","to":"n213","length":668.98,"osmWay":336,"name":"SkyTrain Millennium Line"},"geometry":{"type":"LineString","coordinates":[[-122.8216542,49.2767393],[-122.8182674,49.2766741],[-122.816797,49.2766176],[-122.8124384,49.2765368]]}},{"type":"Feature","properties":{"type":"segment","id":"w337.0","kind":"main","lines":["millennium"],"from":"n213","to":"n3032","length":3.23,"osmWay":337,"name":"SkyTrain Millennium Line"},"geometry":{"type":"LineString","coordinates":[[-122.8124384,49.2765368],[-122.812394,49.276535]]}},{"type":"Feature","properties":{"type":"segment","id":"w338.0","kind":"crossover","lines":["millennium"],"from":"n191","to":"n213","length":46.13,"osmWay":338},"geometry":{"type":"LineString","coordinates":[[-122.813069,49.2765888],[-122.8129443,49.2765813],[-122.8128416,49.276572],[-122.8126642,49.2765544],[-122.8125574,49.2765444],[-122.8124384,49.2765368]]}},{"type":"Feature","properties":{"type":"segment","id":"w339.0","kind":"main","lines":["millennium"],"from":"n3037","to":"n202","length":467.01,"osmWay":339,"name":"SkyTrain Millennium Line","layer":1,"bridge":true},"geometry":{"type":"LineString","coordinates":[[-122.8090871,49.2764956],[-122.807793,49.2765031],[-122.8072701,49.2764728],[-122.8065665,49.2763932],[-122.8049846,49.2761486],[-122.8046108,49.2760788],[-122.8042795,49.2759987],[-122.8038803,49.2758754],[-122.8034563,49.2757214],[-122.8029339,49.2755166]]}},{"type":"Feature","properties":{"type":"segment","id":"w340.0","kind":"main","lines":["millennium"],"from":"n202","to":"n201","length":48.16,"osmWay":340,"name":"SkyTrain Millennium Line","layer":1,"bridge":true},"geometry":{"type":"LineString","coordinates":[[-122.8029339,49.2755166],[-122.8028165,49.275479],[-122.8027245,49.2754517],[-122.802469,49.275377],[-122.8024063,49.2753581],[-122.8023329,49.2753329]]}},{"type":"Feature","properties":{"type":"segment","id":"w341.0","kind":"main","lines":["millennium"],"from":"n201","to":"n203","length":18.83,"osmWay":341,"name":"SkyTrain Millennium Line","layer":1,"bridge":true},"geometry":{"type":"LineString","coordinates":[[-122.8023329,49.2753329],[-122.8021105,49.2752456]]}},{"type":"Feature","properties":{"type":"segment","id":"w342.0","kind":"main","lines":["millennium"],"from":"n203","to":"n3065","length":352.35,"osmWay":342,"name":"SkyTrain Millennium Line","layer":1,"bridge":true},"geometry":{"type":"LineString","coordinates":[[-122.8021105,49.2752456],[-122.8019842,49.2752033],[-122.8019021,49.2751793],[-122.8014147,49.275037],[-122.800403,49.2747473],[-122.8003394,49.274728],[-122.8000638,49.2746502],[-122.7998691,49.2746104],[-122.7996757,49.2745935],[-122.7994878,49.2745978],[-122.7993202,49.2746173],[-122.7991381,49.2746588],[-122.798919,49.2747437],[-122.7987336,49.2748587],[-122.798618,49.2749654],[-122.79853,49.2750763],[-122.7982226,49.2755319]]}},{"type":"Feature","properties":{"type":"segment","id":"w343.0","kind":"crossover","lines":["millennium"],"from":"n214","to":"n215","length":85.66,"osmWay":343,"layer":1,"bridge":true},"geometry":{"type":"LineString","coordinates":[[-122.791991,49.2851221],[-122.7920467,49.2849916],[-122.7920927,49.2848506],[-122.7921579,49.2847039],[-122.792283,49.2844718],[-122.792331,49.2843853]]}},{"type":"Feature","properties":{"type":"segment","id":"w344.0","kind":"main","lines":["canada"],"from":"n216","to":"n112","length":6.94,"osmWay":344,"name":"SkyTrain Canada Line","layer":2,"bridge":true},"geometry":{"type":"LineString","coordinates":[[-123.124433,49.1963629],[-123.124512,49.1963279]]}},{"type":"Feature","properties":{"type":"segment","id":"w345.0","kind":"main","lines":["canada"],"from":"n112","to":"n10","length":294.32,"osmWay":345,"name":"SkyTrain Canada Line","layer":2,"bridge":true},"geometry":{"type":"LineString","coordinates":[[-123.124512,49.1963279],[-123.126062,49.1956136],[-123.1276099,49.1949111],[-123.1278301,49.1948099]]}},{"type":"Feature","properties":{"type":"segment","id":"w346.0","kind":"main","lines":["canada"],"from":"n3072","to":"n216","length":142.03,"osmWay":346,"name":"SkyTrain Canada Line","layer":2,"bridge":true},"geometry":{"type":"LineString","coordinates":[[-123.1227619,49.1970221],[-123.1230939,49.1969085],[-123.1233264,49.1968277],[-123.1235148,49.1967605],[-123.1236549,49.1967065],[-123.1237985,49.1966484],[-123.1239101,49.1966002],[-123.1240302,49.1965467],[-123.1241617,49.1964876],[-123.124433,49.1963629]]}},{"type":"Feature","properties":{"type":"segment","id":"w347.0","kind":"main","lines":["canada"],"from":"n3081","to":"n217","length":2608.88,"osmWay":347,"name":"SkyTrain Canada Line","layer":-2,"tunnel":true},"geometry":{"type":"LineString","coordinates":[[-123.1169711,49.2833137],[-123.1181225,49.2825549],[-123.118627,49.2822392],[-123.1189613,49.2820192],[-123.1193444,49.2817669],[-123.1212314,49.2805252],[-123.1223967,49.279754],[-123.1229269,49.2794011],[-123.1238293,49.2787939],[-123.1242267,49.2784547],[-123.1245073,49.2780767],[-123.1246959,49.2776935],[-123.1247789,49.2773114],[-123.1247451,49.2768873],[-123.1246538,49.2765836],[-123.1245379,49.2763502],[-123.1243731,49.276099],[-123.1241327,49.2758255],[-123.1238102,49.2755598],[-123.1232673,49.2752051],[-123.1221732,49.2744901],[-123.121791,49.2742425],[-123.1215511,49.2741054],[-123.1209269,49.2737278],[-123.1205366,49.2734751],[-123.120227,49.2732406],[-123.1199595,49.2729627],[-123.1198202,49.2727843],[-123.1193903,49.2721884],[-123.1185683,49.2708141],[-123.1181312,49.2699892],[-123.1179533,49.2696302],[-123.117752,49.2693387],[-123.1173232,49.2688843],[-123.1170226,49.2685677],[-123.1166917,49.2682204],[-123.1161641,49.2676567],[-123.115972,49.2674166],[-123.1157388,49.2670826],[-123.1154617,49.2666146],[-123.1151983,49.266129],[-123.1150071,49.2657656],[-123.1148705,49.2654102],[-123.1148094,49.2651336],[-123.1147757,49.2648625],[-123.1147681,49.2645916],[-123.1147617,49.2642113],[-123.114775,49.2637617]]}},{"type":"Feature","properties":{"type":"segment","id":"w348.0","kind":"main","lines":["canada"],"from":"n217","to":"n218","length":36.11,"osmWay":348,"name":"SkyTrain Canada Line","layer":-2,"tunnel":true},"geometry":{"type":"LineString","coordinates":[[-123.114775,49.2637617],[-123.114792,49.2634371]]}},{"type":"Feature","properties":{"type":"segment","id":"w349.0","kind":"main","lines":["canada"],"from":"n218","to":"n3131","length":131.41,"osmWay":349,"name":"SkyTrain Canada Line","layer":-2,"tunnel":true},"geometry":{"type":"LineString","coordinates":[[-123.114792,49.2634371],[-123.1148117,49.263058],[-123.1148243,49.2629029],[-123.1148471,49.2626217],[-123.1148852,49.262257]]}},{"type":"Feature","properties":{"type":"segment","id":"w350.0","kind":"main","lines":["canada"],"from":"n3132","to":"n3072","length":204.53,"osmWay":350,"name":"SkyTrain Canada Line","layer":2,"bridge":true},"geometry":{"type":"LineString","coordinates":[[-123.120357,49.1979658],[-123.1204973,49.1978832],[-123.1206136,49.1978186],[-123.1207735,49.1977394],[-123.1209465,49.197663],[-123.1210957,49.197602],[-123.1212912,49.1975292],[-123.1227619,49.1970221]]}},{"type":"Feature","properties":{"type":"segment","id":"w351.0","kind":"main","lines":["canada"],"from":"n3139","to":"n3143","length":441.82,"osmWay":351,"name":"SkyTrain Canada Line","layer":2,"bridge":true},"geometry":{"type":"LineString","coordinates":[[-123.1175619,49.2045089],[-123.117594,49.2040676],[-123.1178406,49.2017258],[-123.1179481,49.2006171],[-123.1179568,49.200544]]}},{"type":"Feature","properties":{"type":"segment","id":"w352.0","kind":"main","lines":["canada"],"from":"n3144","to":"n3145","length":142.61,"osmWay":352,"name":"SkyTrain Canada Line"},"geometry":{"type":"LineString","coordinates":[[-123.1169323,49.2121386],[-123.116977,49.2108564]]}},{"type":"Feature","properties":{"type":"segment","id":"w353.0","kind":"crossover","lines":["canada"],"from":"n219","to":"n220","length":23.33,"osmWay":353,"layer":-2,"tunnel":true},"geometry":{"type":"LineString","coordinates":[[-123.113942,49.2851935],[-123.114227,49.2850962]]}},{"type":"Feature","properties":{"type":"segment","id":"w354.0","kind":"crossover","lines":["canada"],"from":"n220","to":"n221","length":22.7,"osmWay":354,"layer":-2,"tunnel":true},"geometry":{"type":"LineString","coordinates":[[-123.114227,49.2850962],[-123.114496,49.2849919]]}},{"type":"Feature","properties":{"type":"segment","id":"w355.0","kind":"main","lines":["expo"],"from":"n3146","to":"n113","length":1007.19,"osmWay":355,"name":"SkyTrain Expo Line","maxspeed":90,"layer":-3,"tunnel":true},"geometry":{"type":"LineString","coordinates":[[-123.1201135,49.2859582],[-123.1197866,49.2857575],[-123.1190103,49.2852641],[-123.1151647,49.2829007],[-123.111165,49.2803361],[-123.1110278,49.2802623],[-123.1108411,49.2801854],[-123.1104984,49.2800567],[-123.11036,49.2799991],[-123.1102379,49.2799382],[-123.1101247,49.2798725],[-123.1100697,49.2798388],[-123.109987,49.2797803]]}},{"type":"Feature","properties":{"type":"segment","id":"w356.0","kind":"main","lines":["expo"],"from":"n113","to":"n3158","length":11.94,"osmWay":356,"name":"SkyTrain Expo Line","maxspeed":90,"layer":-3,"tunnel":true},"geometry":{"type":"LineString","coordinates":[[-123.109987,49.2797803],[-123.109875,49.2797016]]}},{"type":"Feature","properties":{"type":"segment","id":"w357.0","kind":"yard","lines":[],"from":"n222","to":"n3173","length":174.21,"osmWay":357,"name":"Yard Pocket","trackRef":"YP","layer":2,"bridge":true},"geometry":{"type":"LineString","coordinates":[[-123.1194408,49.1986895],[-123.1195741,49.1985852],[-123.1196502,49.1985304],[-123.1197403,49.198471],[-123.1198068,49.1984271],[-123.1198858,49.1983683],[-123.1199841,49.1982932],[-123.1201224,49.1981843],[-123.1202485,49.198095],[-123.1204054,49.1979935],[-123.1205046,49.1979324],[-123.1206551,49.1978515],[-123.1207777,49.1977898],[-123.1209057,49.1977295],[-123.1210281,49.197676],[-123.121173,49.1976196]]}},{"type":"Feature","properties":{"type":"segment","id":"w358.0","kind":"yard","lines":[],"from":"n223","to":"n224","length":154.9,"osmWay":358},"geometry":{"type":"LineString","coordinates":[[-123.1210975,49.1978297],[-123.1212337,49.197821],[-123.1213258,49.1978116],[-123.1215026,49.1977862],[-123.1215999,49.197765],[-123.1216978,49.1977385],[-123.1217818,49.1977085],[-123.1218505,49.1976791],[-123.1219315,49.1976381],[-123.1220057,49.1975908],[-123.1220679,49.1975451],[-123.1221299,49.1974864],[-123.1222505,49.1973718],[-123.1223205,49.1973075],[-123.1223888,49.1972555],[-123.1224768,49.1972015],[-123.1225743,49.1971524],[-123.1226573,49.1971162],[-123.1227811,49.1970689]]}},{"type":"Feature","properties":{"type":"segment","id":"w359.0","kind":"yard","lines":[],"from":"n96","to":"n224","length":116.12,"osmWay":359,"name":"Yard Pocket"},"geometry":{"type":"LineString","coordinates":[[-123.1213656,49.1975536],[-123.121862,49.1973779],[-123.1227811,49.1970689]]}},{"type":"Feature","properties":{"type":"segment","id":"w360.0","kind":"yard","lines":[],"from":"n224","to":"n3192","length":1.77,"osmWay":360,"name":"Yard Pocket"},"geometry":{"type":"LineString","coordinates":[[-123.1227811,49.1970689],[-123.122803,49.197062]]}},{"type":"Feature","properties":{"type":"segment","id":"w361.0","kind":"pocket","lines":["millennium"],"from":"n225","to":"n226","length":50.32,"osmWay":361,"name":"Moody Centre Pocket"},"geometry":{"type":"LineString","coordinates":[[-122.850022,49.2779562],[-122.849332,49.2780022]]}},{"type":"Feature","properties":{"type":"segment","id":"w362.0","kind":"pocket","lines":["millennium"],"from":"n226","to":"n227","length":143.08,"osmWay":362,"name":"Moody Centre Pocket"},"geometry":{"type":"LineString","coordinates":[[-122.849332,49.2780022],[-122.848352,49.2779886],[-122.84736,49.2779757]]}},{"type":"Feature","properties":{"type":"segment","id":"w363.0","kind":"pocket","lines":["millennium"],"from":"n227","to":"n228","length":48.19,"osmWay":363,"name":"Moody Centre Pocket"},"geometry":{"type":"LineString","coordinates":[[-122.84736,49.2779757],[-122.846703,49.2779116]]}},{"type":"Feature","properties":{"type":"segment","id":"w364.0","kind":"siding","lines":["millennium"],"from":"n229","to":"n227","length":49.37,"osmWay":364},"geometry":{"type":"LineString","coordinates":[[-122.846683,49.2780207],[-122.84736,49.2779757]]}},{"type":"Feature","properties":{"type":"segment","id":"w365.0","kind":"siding","lines":["millennium"],"from":"n226","to":"n230","length":48.91,"osmWay":365},"geometry":{"type":"LineString","coordinates":[[-122.849332,49.2780022],[-122.849999,49.2780667]]}},{"type":"Feature","properties":{"type":"segment","id":"w366.0","kind":"yard","lines":[],"from":"n231","to":"n232","length":28.4,"osmWay":366,"trackRef":"VS6"},"geometry":{"type":"LineString","coordinates":[[-122.818734,49.2767608],[-122.8191252,49.2767694]]}},{"type":"Feature","properties":{"type":"segment","id":"w367.0","kind":"yard","lines":[],"from":"n232","to":"n233","length":174.71,"osmWay":367,"trackRef":"VS6"},"geometry":{"type":"LineString","coordinates":[[-122.8191252,49.2767694],[-122.8215321,49.2768229]]}},{"type":"Feature","properties":{"type":"segment","id":"w368.0","kind":"yard","lines":[],"from":"n234","to":"n198","length":100.73,"osmWay":368,"trackRef":"VS7"},"geometry":{"type":"LineString","coordinates":[[-122.813016,49.2766582],[-122.814404,49.2766835]]}},{"type":"Feature","properties":{"type":"segment","id":"w369.0","kind":"yard","lines":[],"from":"n199","to":"n235","length":281.86,"osmWay":369,"trackRef":"VS5"},"geometry":{"type":"LineString","coordinates":[[-122.8146741,49.2766882],[-122.8150292,49.276695],[-122.8151874,49.2766941],[-122.8154877,49.2766922],[-122.8156707,49.2766926],[-122.817378,49.2767255],[-122.8176094,49.27673],[-122.8181788,49.2767531],[-122.8183975,49.2767569],[-122.8185572,49.2767598]]}},{"type":"Feature","properties":{"type":"segment","id":"w370.0","kind":"yard","lines":[],"from":"n236","to":"n237","length":242.95,"osmWay":370,"trackRef":"VS4"},"geometry":{"type":"LineString","coordinates":[[-122.818286,49.2767871],[-122.8182225,49.2767937],[-122.8181762,49.2767968],[-122.8181315,49.2767979],[-122.8177131,49.2767849],[-122.8175045,49.2767762],[-122.8172031,49.2767668],[-122.8158933,49.2767407],[-122.8154615,49.2767443],[-122.8153103,49.2767447],[-122.8150957,49.2767413],[-122.815047,49.2767393],[-122.8150068,49.276736],[-122.8149421,49.2767265]]}},{"type":"Feature","properties":{"type":"segment","id":"w371.0","kind":"yard","lines":[],"from":"n238","to":"n239","length":177.58,"osmWay":371,"trackRef":"VS2"},"geometry":{"type":"LineString","coordinates":[[-122.8153803,49.2768073],[-122.8154409,49.2768164],[-122.8154786,49.2768204],[-122.815522,49.276823],[-122.8156354,49.276826],[-122.8158205,49.2768265],[-122.8160562,49.2768254],[-122.8170135,49.2768436],[-122.8171878,49.2768465],[-122.8174696,49.2768585],[-122.8176814,49.2768628],[-122.8177235,49.2768624],[-122.8177711,49.2768593],[-122.8178231,49.2768516]]}},{"type":"Feature","properties":{"type":"segment","id":"w372.0","kind":"yard","lines":[],"from":"n240","to":"n241","length":211.57,"osmWay":372,"trackRef":"VS3"},"geometry":{"type":"LineString","coordinates":[[-122.8151556,49.2767658],[-122.8152258,49.276776],[-122.8152654,49.2767793],[-122.8153108,49.2767811],[-122.815525,49.276784],[-122.8160261,49.2767816],[-122.8161896,49.2767833],[-122.8170445,49.2768],[-122.817191,49.2768035],[-122.8176997,49.2768243],[-122.8179203,49.2768281],[-122.8179575,49.2768284],[-122.8180095,49.2768254],[-122.8180674,49.2768194]]}},{"type":"Feature","properties":{"type":"segment","id":"w373.0","kind":"yard","lines":[],"from":"n242","to":"n3241","length":40.95,"osmWay":373,"trackRef":"VS1"},"geometry":{"type":"LineString","coordinates":[[-122.8156562,49.2768584],[-122.8157179,49.2768645],[-122.8157604,49.2768678],[-122.8158091,49.2768691],[-122.8162194,49.2768772]]}},{"type":"Feature","properties":{"type":"segment","id":"w374.0","kind":"yard","lines":[],"from":"n3242","to":"n239","length":37.43,"osmWay":374},"geometry":{"type":"LineString","coordinates":[[-122.8173141,49.2768984],[-122.8173936,49.2768987],[-122.8174539,49.2768982],[-122.8174989,49.2768938],[-122.8175398,49.276889],[-122.8176702,49.276872],[-122.8178231,49.2768516]]}},{"type":"Feature","properties":{"type":"segment","id":"w375.0","kind":"yard","lines":[],"from":"n239","to":"n241","length":18.08,"osmWay":375},"geometry":{"type":"LineString","coordinates":[[-122.8178231,49.2768516],[-122.8180674,49.2768194]]}},{"type":"Feature","properties":{"type":"segment","id":"w376.0","kind":"yard","lines":[],"from":"n241","to":"n236","length":16.26,"osmWay":376},"geometry":{"type":"LineString","coordinates":[[-122.8180674,49.2768194],[-122.818286,49.2767871]]}},{"type":"Feature","properties":{"type":"segment","id":"w377.0","kind":"yard","lines":[],"from":"n236","to":"n235","length":19.98,"osmWay":377},"geometry":{"type":"LineString","coordinates":[[-122.818286,49.2767871],[-122.8184046,49.2767695],[-122.8184464,49.2767638],[-122.8184932,49.276761],[-122.8185572,49.2767598]]}},{"type":"Feature","properties":{"type":"segment","id":"w378.0","kind":"yard","lines":[],"from":"n21","to":"n71","length":247.5,"osmWay":378,"trackRef":"EAT","maxspeed":15},"geometry":{"type":"LineString","coordinates":[[-122.955457,49.2074968],[-122.9556467,49.2076452],[-122.9560966,49.207996],[-122.956215,49.208087],[-122.9562642,49.2081288],[-122.9563064,49.2081754],[-122.9563385,49.2082198],[-122.9563626,49.2082706],[-122.9564023,49.2083709],[-122.956441,49.2084709],[-122.956476,49.2085536],[-122.956512,49.2086314],[-122.956548,49.2086962],[-122.9565891,49.2087628],[-122.9566665,49.2088773],[-122.9568749,49.2091106],[-122.9569825,49.2092089],[-122.9570435,49.2092631],[-122.957099,49.2093169],[-122.9571675,49.2093872]]}},{"type":"Feature","properties":{"type":"segment","id":"w379.0","kind":"yard","lines":[],"from":"n987","to":"n3271","length":123.49,"osmWay":379,"name":"Transition Zone","trackRef":"TZ","maxspeed":15,"tunnel":true},"geometry":{"type":"LineString","coordinates":[[-122.9553786,49.2060508],[-122.9556044,49.2057505],[-122.9558607,49.2054121],[-122.9561292,49.2050544]]}},{"type":"Feature","properties":{"type":"segment","id":"w380.0","kind":"yard","lines":[],"from":"n243","to":"n195","length":20.98,"osmWay":380,"trackRef":"S11","maxspeed":15},"geometry":{"type":"LineString","coordinates":[[-122.9540273,49.2066513],[-122.9537925,49.2065414]]}},{"type":"Feature","properties":{"type":"segment","id":"w381.0","kind":"yard","lines":[],"from":"n195","to":"n244","length":15.22,"osmWay":381,"trackRef":"S11","maxspeed":15},"geometry":{"type":"LineString","coordinates":[[-122.9537925,49.2065414],[-122.953623,49.2064609]]}},{"type":"Feature","properties":{"type":"segment","id":"w382.0","kind":"yard","lines":[],"from":"n244","to":"n245","length":274.46,"osmWay":382,"trackRef":"S11","maxspeed":15},"geometry":{"type":"LineString","coordinates":[[-122.953623,49.2064609],[-122.9534303,49.2063701],[-122.9533861,49.2063462],[-122.9533366,49.2063133],[-122.9530473,49.2060884],[-122.9530081,49.206053],[-122.9529767,49.2060179],[-122.952952,49.2059766],[-122.9529387,49.2059354],[-122.95293,49.2058941],[-122.9529314,49.2058513],[-122.9529425,49.2058058],[-122.9529582,49.2057702],[-122.952986,49.2057308],[-122.9530199,49.2056943],[-122.9530627,49.2056602],[-122.9531201,49.2056238],[-122.9531961,49.2055877],[-122.9536387,49.2053731],[-122.9545798,49.2049237],[-122.9546152,49.2049085],[-122.954647,49.2048972],[-122.9546854,49.2048865],[-122.9547543,49.2048691],[-122.9547941,49.2048573],[-122.954834,49.2048419],[-122.9548928,49.2048165]]}},{"type":"Feature","properties":{"type":"segment","id":"w383.0","kind":"yard","lines":[],"from":"n875","to":"n821","length":169.17,"osmWay":383,"name":"Wash Track","trackRef":"WT","maxspeed":15,"tunnel":true},"geometry":{"type":"LineString","coordinates":[[-122.9549398,49.2065109],[-122.9553472,49.2059759],[-122.955423,49.2058699],[-122.9559645,49.2051448]]}},{"type":"Feature","properties":{"type":"segment","id":"w384.0","kind":"crossover","lines":["millennium"],"from":"n211","to":"n106","length":58.51,"osmWay":384,"layer":1,"bridge":true},"geometry":{"type":"LineString","coordinates":[[-122.864608,49.2790256],[-122.86539,49.2791544]]}},{"type":"Feature","properties":{"type":"segment","id":"w385.0","kind":"crossover","lines":["millennium"],"from":"n105","to":"n212","length":53.19,"osmWay":385,"layer":1,"bridge":true},"geometry":{"type":"LineString","coordinates":[[-122.862322,49.2788135],[-122.863053,49.278851]]}},{"type":"Feature","properties":{"type":"segment","id":"w386.0","kind":"main","lines":["millennium"],"from":"n3005","to":"n225","length":847.5,"osmWay":386,"name":"SkyTrain Millennium Line"},"geometry":{"type":"LineString","coordinates":[[-122.8615369,49.2786703],[-122.8597029,49.278336],[-122.8578197,49.2779917],[-122.8574389,49.2779269],[-122.8570985,49.2778908],[-122.8567521,49.277872],[-122.8544638,49.2778594],[-122.8542243,49.2778621],[-122.8539687,49.2778693],[-122.8536221,49.2778858],[-122.85278,49.2779329],[-122.8523372,49.2779555],[-122.852131,49.2779641],[-122.8519213,49.2779696],[-122.8515958,49.2779749],[-122.851272,49.2779737],[-122.8506302,49.2779652],[-122.850022,49.2779562]]}},{"type":"Feature","properties":{"type":"segment","id":"w387.0","kind":"main","lines":["millennium"],"from":"n225","to":"n228","length":240.82,"osmWay":387,"name":"SkyTrain Millennium Line"},"geometry":{"type":"LineString","coordinates":[[-122.850022,49.2779562],[-122.8481474,49.2779312],[-122.846703,49.2779116]]}},{"type":"Feature","properties":{"type":"segment","id":"w388.0","kind":"main","lines":["millennium"],"from":"n228","to":"n3317","length":45.19,"osmWay":388,"name":"SkyTrain Millennium Line"},"geometry":{"type":"LineString","coordinates":[[-122.846703,49.2779116],[-122.8464062,49.2779071],[-122.8460802,49.2779031]]}},{"type":"Feature","properties":{"type":"segment","id":"w389.0","kind":"main","lines":["canada"],"from":"n488","to":"n182","length":259.01,"osmWay":389,"name":"SkyTrain Canada Line","layer":2,"bridge":true},"geometry":{"type":"LineString","coordinates":[[-123.1649185,49.1930878],[-123.1657194,49.1930959],[-123.1660275,49.1930989],[-123.166318,49.1931067],[-123.1665027,49.1931166],[-123.1667139,49.1931309],[-123.1668898,49.1931448],[-123.1670928,49.1931666],[-123.1684562,49.1933219]]}},{"type":"Feature","properties":{"type":"segment","id":"w390.0","kind":"main","lines":["canada"],"from":"n182","to":"n180","length":177.42,"osmWay":390,"name":"SkyTrain Canada Line","layer":2,"bridge":true},"geometry":{"type":"LineString","coordinates":[[-123.1684562,49.1933219],[-123.1694599,49.1934324],[-123.1700617,49.193501],[-123.170198,49.1935126],[-123.1703391,49.1935188],[-123.1705682,49.193526],[-123.1707028,49.1935329],[-123.1708711,49.1935464]]}},{"type":"Feature","properties":{"type":"segment","id":"w391.0","kind":"yard","lines":[],"from":"n48","to":"n52","length":47.49,"osmWay":391,"maxspeed":15},"geometry":{"type":"LineString","coordinates":[[-122.9572503,49.2060908],[-122.9573007,49.2060369],[-122.9573507,49.2059939],[-122.9575594,49.2058359],[-122.9575992,49.2058019],[-122.9576434,49.2057511]]}},{"type":"Feature","properties":{"type":"segment","id":"w392.0","kind":"yard","lines":[],"from":"n70","to":"n67","length":106.96,"osmWay":392,"maxspeed":15},"geometry":{"type":"LineString","coordinates":[[-122.956149,49.2071905],[-122.9561213,49.2072274],[-122.9560917,49.2072612],[-122.9560622,49.2072865],[-122.9560179,49.2073159],[-122.955973,49.2073409],[-122.9559286,49.2073591],[-122.9558707,49.2073776],[-122.9558152,49.2073897],[-122.9557544,49.2073976],[-122.9556816,49.2073998],[-122.9556145,49.2073961],[-122.955549,49.2073861],[-122.9554972,49.2073743],[-122.9554366,49.2073524],[-122.9553861,49.207329],[-122.9553426,49.207303],[-122.955304,49.2072723],[-122.9552742,49.2072419],[-122.9551102,49.207023]]}},{"type":"Feature","properties":{"type":"segment","id":"w393.0","kind":"yard","lines":[],"from":"n36","to":"n58","length":55.69,"osmWay":393,"maxspeed":15},"geometry":{"type":"LineString","coordinates":[[-122.9565597,49.2047047],[-122.9565832,49.2046859],[-122.9566096,49.2046648],[-122.9566423,49.2046432],[-122.9566802,49.2046215],[-122.9567247,49.2046009],[-122.9567874,49.2045796],[-122.9568426,49.2045669],[-122.9569152,49.2045573],[-122.9569765,49.2045555],[-122.9570544,49.2045599],[-122.95711,49.2045688],[-122.957167,49.2045821],[-122.957235,49.2046038]]}},{"type":"Feature","properties":{"type":"segment","id":"w394.0","kind":"yard","lines":[],"from":"n58","to":"n64","length":83.73,"osmWay":394,"maxspeed":15},"geometry":{"type":"LineString","coordinates":[[-122.957235,49.2046038],[-122.9573694,49.204643],[-122.957507,49.204685],[-122.9575608,49.204705],[-122.9575981,49.2047246],[-122.9576467,49.2047549],[-122.9576814,49.2047847],[-122.957711,49.2048163],[-122.9577368,49.2048517],[-122.9577539,49.204887],[-122.9577652,49.2049235],[-122.9577691,49.2049566],[-122.9577672,49.2049948],[-122.9577589,49.205031],[-122.957746,49.2050636],[-122.9577292,49.2050919],[-122.9577022,49.2051306],[-122.9576746,49.2051657]]}},{"type":"Feature","properties":{"type":"segment","id":"w395.0","kind":"yard","lines":[],"from":"n199","to":"n237","length":19.95,"osmWay":395},"geometry":{"type":"LineString","coordinates":[[-122.8146741,49.2766882],[-122.814733,49.2766924],[-122.8147749,49.2766967],[-122.8148176,49.2767029],[-122.8149421,49.2767265]]}},{"type":"Feature","properties":{"type":"segment","id":"w396.0","kind":"yard","lines":[],"from":"n237","to":"n240","length":16.09,"osmWay":396},"geometry":{"type":"LineString","coordinates":[[-122.8149421,49.2767265],[-122.8151556,49.2767658]]}},{"type":"Feature","properties":{"type":"segment","id":"w397.0","kind":"yard","lines":[],"from":"n240","to":"n238","length":16.94,"osmWay":397},"geometry":{"type":"LineString","coordinates":[[-122.8151556,49.2767658],[-122.8153803,49.2768073]]}},{"type":"Feature","properties":{"type":"segment","id":"w398.0","kind":"yard","lines":[],"from":"n238","to":"n242","length":20.81,"osmWay":398},"geometry":{"type":"LineString","coordinates":[[-122.8153803,49.2768073],[-122.8156562,49.2768584]]}},{"type":"Feature","properties":{"type":"segment","id":"w399.0","kind":"yard","lines":[],"from":"n242","to":"n3384","length":8.62,"osmWay":399},"geometry":{"type":"LineString","coordinates":[[-122.8156562,49.2768584],[-122.8157702,49.2768803]]}},{"type":"Feature","properties":{"type":"segment","id":"w400.0","kind":"yard","lines":[],"from":"n18","to":"n60","length":18.04,"osmWay":400,"trackRef":"S5","maxspeed":15},"geometry":{"type":"LineString","coordinates":[[-122.9549328,49.2070927],[-122.9547712,49.2069695]]}},{"type":"Feature","properties":{"type":"segment","id":"w401.0","kind":"yard","lines":[],"from":"n60","to":"n43","length":18.18,"osmWay":401,"trackRef":"S5","maxspeed":15},"geometry":{"type":"LineString","coordinates":[[-122.9547712,49.2069695],[-122.9546089,49.206845]]}},{"type":"Feature","properties":{"type":"segment","id":"w402.0","kind":"yard","lines":[],"from":"n43","to":"n33","length":386.26,"osmWay":402,"trackRef":"S5","maxspeed":15},"geometry":{"type":"LineString","coordinates":[[-122.9546089,49.206845],[-122.9537445,49.2061753],[-122.9536881,49.2061305],[-122.9536468,49.2060897],[-122.9536053,49.2060363],[-122.953586,49.2059975],[-122.9535733,49.2059479],[-122.9535703,49.2059049],[-122.9535793,49.2058627],[-122.9535943,49.2058244],[-122.9536177,49.2057873],[-122.9536637,49.2057358],[-122.95372,49.2056958],[-122.9537896,49.2056554],[-122.9538731,49.2056128],[-122.9548263,49.2051553],[-122.95605,49.2045694],[-122.9561398,49.2045313],[-122.9562056,49.2045087],[-122.9562727,49.2044893]]}},{"type":"Feature","properties":{"type":"segment","id":"w403.0","kind":"yard","lines":[],"from":"n244","to":"n245","length":265.04,"osmWay":403,"trackRef":"S12","maxspeed":15},"geometry":{"type":"LineString","coordinates":[[-122.953623,49.2064609],[-122.9535646,49.2064292],[-122.9535195,49.2064006],[-122.9531536,49.2061163],[-122.9531085,49.2060786],[-122.9530683,49.2060356],[-122.9530391,49.2059948],[-122.9530166,49.2059445],[-122.9530086,49.2058997],[-122.9530106,49.2058549],[-122.9530206,49.2058144],[-122.9530389,49.205774],[-122.95306,49.2057434],[-122.9530858,49.2057149],[-122.9531259,49.2056787],[-122.9531647,49.2056536],[-122.9532084,49.2056282],[-122.9536766,49.2054012],[-122.9547036,49.2049081],[-122.9548928,49.2048165]]}},{"type":"Feature","properties":{"type":"segment","id":"w404.0","kind":"yard","lines":[],"from":"n245","to":"n3450","length":272.21,"osmWay":404,"trackRef":"S12","maxspeed":15},"geometry":{"type":"LineString","coordinates":[[-122.9548928,49.2048165],[-122.9552115,49.2046642],[-122.9553389,49.2046087],[-122.9554601,49.2045618],[-122.9555958,49.2045166],[-122.9557041,49.2044839],[-122.9558464,49.2044483],[-122.9559697,49.2044214],[-122.9560841,49.2044015],[-122.9561966,49.2043841],[-122.9563098,49.2043712],[-122.956423,49.2043601],[-122.9565398,49.2043549],[-122.9566505,49.2043507],[-122.9567503,49.2043514],[-122.956844,49.204353],[-122.9569293,49.204356],[-122.9570048,49.2043606],[-122.9570986,49.2043688],[-122.9571875,49.2043823],[-122.9572684,49.2043971],[-122.9579256,49.2045499],[-122.9579757,49.2045633],[-122.9580241,49.2045792],[-122.9580668,49.2045978],[-122.9581116,49.2046224],[-122.9581477,49.2046476],[-122.9581798,49.204677],[-122.9582062,49.2047061],[-122.9582302,49.2047426],[-122.9582458,49.2047747]]}},{"type":"Feature","properties":{"type":"segment","id":"w405.0","kind":"yard","lines":[],"from":"n246","to":"n51","length":21.01,"osmWay":405,"trackRef":"S10","maxspeed":15},"geometry":{"type":"LineString","coordinates":[[-122.9562977,49.2045625],[-122.9561875,49.2046333],[-122.9561014,49.2047009]]}},{"type":"Feature","properties":{"type":"segment","id":"w406.0","kind":"yard","lines":[],"from":"n51","to":"n63","length":17.62,"osmWay":406,"trackRef":"S10","maxspeed":15},"geometry":{"type":"LineString","coordinates":[[-122.9561014,49.2047009],[-122.9560312,49.2047552],[-122.9559474,49.2048233]]}},{"type":"Feature","properties":{"type":"segment","id":"w407.0","kind":"yard","lines":[],"from":"n63","to":"n61","length":287,"osmWay":407,"trackRef":"S10","maxspeed":15},"geometry":{"type":"LineString","coordinates":[[-122.9559474,49.2048233],[-122.9558531,49.2048983],[-122.9557232,49.2050013],[-122.9556791,49.2050287],[-122.955625,49.2050567],[-122.955247,49.2052384],[-122.9544364,49.205629],[-122.9543373,49.2056799],[-122.9542839,49.2057159],[-122.9542346,49.2057564],[-122.9541942,49.2058016],[-122.9541683,49.2058582],[-122.9541533,49.2059138],[-122.9541488,49.2059672],[-122.9541571,49.2060112],[-122.95418,49.2060699],[-122.954212,49.2061277],[-122.9544907,49.2065055],[-122.9545128,49.206539],[-122.954532,49.206577],[-122.9545456,49.2066183],[-122.9545738,49.2067045],[-122.9545928,49.206752],[-122.9546223,49.2068021]]}},{"type":"Feature","properties":{"type":"segment","id":"w408.0","kind":"yard","lines":[],"from":"n54","to":"n59","length":86.3,"osmWay":408,"trackRef":"S1","maxspeed":15},"geometry":{"type":"LineString","coordinates":[[-122.9580667,49.2051867],[-122.9580953,49.2051363],[-122.958112,49.2050985],[-122.9581239,49.2050594],[-122.9581309,49.2050215],[-122.9581313,49.2049802],[-122.9581245,49.2049357],[-122.9581109,49.2048993],[-122.9580844,49.2048542],[-122.9580519,49.2048143],[-122.9580119,49.2047803],[-122.9579529,49.2047423],[-122.9578971,49.2047152],[-122.9578382,49.2046898],[-122.9577566,49.2046617],[-122.9575629,49.2046038]]}},{"type":"Feature","properties":{"type":"segment","id":"w409.0","kind":"yard","lines":[],"from":"n59","to":"n44","length":18.77,"osmWay":409,"trackRef":"S1","maxspeed":15},"geometry":{"type":"LineString","coordinates":[[-122.9575629,49.2046038],[-122.9573289,49.2045322]]}},{"type":"Feature","properties":{"type":"segment","id":"w410.0","kind":"yard","lines":[],"from":"n44","to":"n41","length":42.7,"osmWay":410,"trackRef":"S1","maxspeed":15},"geometry":{"type":"LineString","coordinates":[[-122.9573289,49.2045322],[-122.9571635,49.2044853],[-122.9570912,49.204464],[-122.95704,49.2044503],[-122.9569709,49.2044415],[-122.9569086,49.2044372],[-122.9568431,49.2044374],[-122.9567691,49.2044412]]}},{"type":"Feature","properties":{"type":"segment","id":"w411.0","kind":"yard","lines":[],"from":"n41","to":"n34","length":18.73,"osmWay":411,"trackRef":"S1","maxspeed":15},"geometry":{"type":"LineString","coordinates":[[-122.9567691,49.2044412],[-122.956556,49.2044512],[-122.956512,49.2044538]]}},{"type":"Feature","properties":{"type":"segment","id":"w412.0","kind":"yard","lines":[],"from":"n34","to":"n29","length":40.26,"osmWay":412,"trackRef":"S1","maxspeed":15},"geometry":{"type":"LineString","coordinates":[[-122.956512,49.2044538],[-122.9563431,49.2044621],[-122.9562242,49.2044677],[-122.9561442,49.2044736],[-122.9560763,49.2044844],[-122.956022,49.2044979],[-122.9559692,49.2045121]]}},{"type":"Feature","properties":{"type":"segment","id":"w413.0","kind":"yard","lines":[],"from":"n29","to":"n40","length":23.57,"osmWay":413,"trackRef":"S1","maxspeed":15},"geometry":{"type":"LineString","coordinates":[[-122.9559692,49.2045121],[-122.9556678,49.2045905]]}},{"type":"Feature","properties":{"type":"segment","id":"w414.0","kind":"yard","lines":[],"from":"n40","to":"n243","length":343.07,"osmWay":414,"trackRef":"S1","maxspeed":15},"geometry":{"type":"LineString","coordinates":[[-122.9556678,49.2045905],[-122.9555236,49.204629],[-122.955444,49.2046504],[-122.955386,49.2046698],[-122.9553256,49.2046962],[-122.9545007,49.2050933],[-122.9535124,49.2055673],[-122.9534048,49.2056196],[-122.9533326,49.2056588],[-122.9532887,49.2056896],[-122.9532462,49.205728],[-122.953217,49.2057673],[-122.9531973,49.2058019],[-122.9531837,49.2058446],[-122.9531781,49.2058792],[-122.9531802,49.2059244],[-122.9531912,49.2059667],[-122.9532118,49.2060074],[-122.9532402,49.2060464],[-122.9532809,49.206088],[-122.9539277,49.2065907],[-122.9539721,49.2066206],[-122.9540273,49.2066513]]}},{"type":"Feature","properties":{"type":"segment","id":"w415.0","kind":"yard","lines":[],"from":"n243","to":"n39","length":17.3,"osmWay":415,"trackRef":"S1","maxspeed":15},"geometry":{"type":"LineString","coordinates":[[-122.9540273,49.2066513],[-122.9542208,49.206742]]}},{"type":"Feature","properties":{"type":"segment","id":"w416.0","kind":"yard","lines":[],"from":"n39","to":"n28","length":22.74,"osmWay":416,"trackRef":"S1","maxspeed":15},"geometry":{"type":"LineString","coordinates":[[-122.9542208,49.206742],[-122.954475,49.2068613]]}},{"type":"Feature","properties":{"type":"segment","id":"w417.0","kind":"yard","lines":[],"from":"n28","to":"n32","length":16.24,"osmWay":417,"trackRef":"S1","maxspeed":15},"geometry":{"type":"LineString","coordinates":[[-122.954475,49.2068613],[-122.9546576,49.2069455]]}},{"type":"Feature","properties":{"type":"segment","id":"w418.0","kind":"yard","lines":[],"from":"n32","to":"n18","length":25.9,"osmWay":418,"trackRef":"S1","maxspeed":15},"geometry":{"type":"LineString","coordinates":[[-122.9546576,49.2069455],[-122.9548051,49.2070147],[-122.9548549,49.2070427],[-122.9549328,49.2070927]]}},{"type":"Feature","properties":{"type":"segment","id":"w419.0","kind":"yard","lines":[],"from":"n42","to":"n246","length":19.28,"osmWay":419,"trackRef":"S7","maxspeed":15},"geometry":{"type":"LineString","coordinates":[[-122.9565265,49.2044755],[-122.9564595,49.204495],[-122.9564049,49.2045158],[-122.9563491,49.2045391],[-122.9562977,49.2045625]]}},{"type":"Feature","properties":{"type":"segment","id":"w420.0","kind":"yard","lines":[],"from":"n246","to":"n62","length":337.12,"osmWay":420,"trackRef":"S7","maxspeed":15},"geometry":{"type":"LineString","coordinates":[[-122.9562977,49.2045625],[-122.954372,49.2054882],[-122.9540796,49.2056282],[-122.9539911,49.2056762],[-122.9539382,49.2057104],[-122.9538904,49.2057514],[-122.9538583,49.2057898],[-122.9538263,49.2058404],[-122.9538122,49.2058803],[-122.9538038,49.2059244],[-122.9538029,49.2059593],[-122.953809,49.2060028],[-122.9538257,49.2060506],[-122.9538459,49.206086],[-122.9538767,49.2061265],[-122.9539103,49.2061602],[-122.9539511,49.2061952],[-122.9543719,49.2065231],[-122.9544246,49.2065644],[-122.9544615,49.2065982],[-122.9545069,49.2066453]]}},{"type":"Feature","properties":{"type":"segment","id":"w421.0","kind":"main","lines":["millennium"],"from":"n247","to":"n170","length":145.3,"osmWay":421,"name":"SkyTrain Millennium Line","layer":1,"bridge":true},"geometry":{"type":"LineString","coordinates":[[-123.0817848,49.2662424],[-123.081134,49.2661341],[-123.0801993,49.2659795],[-123.079844,49.2659205]]}},{"type":"Feature","properties":{"type":"segment","id":"w422.0","kind":"main","lines":["millennium"],"from":"n170","to":"n3548","length":19.83,"osmWay":422,"name":"SkyTrain Millennium Line","layer":1,"bridge":true},"geometry":{"type":"LineString","coordinates":[[-123.079844,49.2659205],[-123.0795788,49.2658773]]}},{"type":"Feature","properties":{"type":"segment","id":"w423.0","kind":"crossover","lines":["millennium"],"from":"n248","to":"n249","length":48.33,"osmWay":423,"layer":1,"bridge":true},"geometry":{"type":"LineString","coordinates":[[-122.792704,49.2838368],[-122.792419,49.2842297]]}},{"type":"Feature","properties":{"type":"segment","id":"w424.0","kind":"main","lines":["millennium"],"from":"n249","to":"n215","length":18.44,"osmWay":424,"name":"SkyTrain Millennium Line","layer":1,"bridge":true},"geometry":{"type":"LineString","coordinates":[[-122.792419,49.2842297],[-122.792331,49.2843853]]}},{"type":"Feature","properties":{"type":"segment","id":"w425.0","kind":"main","lines":["millennium"],"from":"n215","to":"n3552","length":112.84,"osmWay":425,"name":"SkyTrain Millennium Line","layer":1,"bridge":true},"geometry":{"type":"LineString","coordinates":[[-122.792331,49.2843853],[-122.7922335,49.2845268],[-122.7919698,49.28487],[-122.7918735,49.2850196],[-122.791709,49.2853142]]}},{"type":"Feature","properties":{"type":"segment","id":"w426.0","kind":"main","lines":["millennium"],"from":"n3553","to":"n3571","length":1000.35,"osmWay":426,"name":"SkyTrain Millennium Line","layer":2,"bridge":true},"geometry":{"type":"LineString","coordinates":[[-122.7928206,49.2836304],[-122.7929323,49.2834067],[-122.7929798,49.2832378],[-122.7930031,49.2829446],[-122.7929693,49.2823976],[-122.792965,49.2821559],[-122.7929921,49.2819239],[-122.793035,49.2817583],[-122.7930882,49.2816072],[-122.7931535,49.2814762],[-122.793229,49.2813452],[-122.7934851,49.2810183],[-122.7940685,49.280376],[-122.7949081,49.279456],[-122.7964302,49.2775396],[-122.7967646,49.2771575],[-122.7979666,49.2759137],[-122.7981258,49.2757428],[-122.7982801,49.2755471]]}},{"type":"Feature","properties":{"type":"segment","id":"w427.0","kind":"main","lines":["millennium"],"from":"n3317","to":"n3574","length":87.48,"osmWay":427,"name":"SkyTrain Millennium Line","tunnel":true},"geometry":{"type":"LineString","coordinates":[[-122.8460802,49.2779031],[-122.8458972,49.2779006],[-122.844937,49.2778871],[-122.8448746,49.2778863]]}},{"type":"Feature","properties":{"type":"segment","id":"w428.0","kind":"main","lines":["millennium"],"from":"n3575","to":"n3006","length":578.73,"osmWay":428,"name":"SkyTrain Millennium Line"},"geometry":{"type":"LineString","coordinates":[[-122.8441864,49.2778779],[-122.8440144,49.2778769],[-122.8437636,49.2778784],[-122.8434286,49.2778835],[-122.8430024,49.2778941],[-122.8422868,49.2779128],[-122.8420419,49.2779187],[-122.8417831,49.2779239],[-122.8415116,49.2779259],[-122.8411978,49.2779246],[-122.8402964,49.2779097],[-122.8388847,49.2778832],[-122.8377124,49.2778615],[-122.8365608,49.2778437],[-122.8362128,49.2778252]]}},{"type":"Feature","properties":{"type":"segment","id":"w429.0","kind":"main","lines":["millennium"],"from":"n3589","to":"n3591","length":87.49,"osmWay":429,"name":"SkyTrain Millennium Line","tunnel":true},"geometry":{"type":"LineString","coordinates":[[-122.8448717,49.2779947],[-122.846011,49.2780115],[-122.8460774,49.278012]]}},{"type":"Feature","properties":{"type":"segment","id":"w430.0","kind":"main","lines":["millennium"],"from":"n3591","to":"n229","length":43.94,"osmWay":430,"name":"SkyTrain Millennium Line"},"geometry":{"type":"LineString","coordinates":[[-122.8460774,49.278012],[-122.846683,49.2780207]]}},{"type":"Feature","properties":{"type":"segment","id":"w431.0","kind":"main","lines":["millennium"],"from":"n229","to":"n230","length":240.61,"osmWay":431,"name":"SkyTrain Millennium Line"},"geometry":{"type":"LineString","coordinates":[[-122.846683,49.2780207],[-122.8480994,49.2780393],[-122.8492068,49.278054],[-122.849999,49.2780667]]}},{"type":"Feature","properties":{"type":"segment","id":"w432.0","kind":"main","lines":["millennium"],"from":"n230","to":"n1384","length":848.29,"osmWay":432,"name":"SkyTrain Millennium Line"},"geometry":{"type":"LineString","coordinates":[[-122.849999,49.2780667],[-122.8510786,49.2780797],[-122.8514483,49.2780806],[-122.8516341,49.2780785],[-122.8518175,49.2780727],[-122.8519732,49.2780675],[-122.852164,49.2780571],[-122.8525012,49.2780339],[-122.8529806,49.2779947],[-122.8534507,49.2779559],[-122.8539058,49.2779208],[-122.8542848,49.2779049],[-122.8546166,49.2779008],[-122.8567506,49.2779158],[-122.8570875,49.2779339],[-122.857435,49.2779702],[-122.857798,49.2780313],[-122.8597386,49.2783874],[-122.861518,49.2787093]]}},{"type":"Feature","properties":{"type":"segment","id":"w433.0","kind":"yard","lines":[],"from":"n3173","to":"n96","length":15.8,"osmWay":433,"name":"Yard Pocket"},"geometry":{"type":"LineString","coordinates":[[-123.121173,49.1976196],[-123.1213656,49.1975536]]}},{"type":"Feature","properties":{"type":"segment","id":"w434.0","kind":"yard","lines":[],"from":"n3192","to":"n216","length":142.23,"osmWay":434,"name":"Yard Pocket","layer":2,"bridge":true},"geometry":{"type":"LineString","coordinates":[[-123.122803,49.197062],[-123.1234265,49.1968439],[-123.1235594,49.1967955],[-123.1236562,49.1967583],[-123.1237515,49.1967192],[-123.1238518,49.1966738],[-123.1239893,49.1966052],[-123.1240759,49.196558],[-123.1242495,49.1964602],[-123.124433,49.1963629]]}},{"type":"Feature","properties":{"type":"segment","id":"w435.0","kind":"crossover","lines":["canada"],"from":"n250","to":"n9","length":61.07,"osmWay":435,"layer":2,"bridge":true},"geometry":{"type":"LineString","coordinates":[[-123.1193536,49.1987657],[-123.1187929,49.1991748]]}},{"type":"Feature","properties":{"type":"segment","id":"w436.0","kind":"crossover","lines":["canada"],"from":"n251","to":"n252","length":43.82,"osmWay":436,"layer":2,"bridge":true},"geometry":{"type":"LineString","coordinates":[[-123.1173802,49.207006],[-123.117438,49.2066137]]}},{"type":"Feature","properties":{"type":"segment","id":"w437.0","kind":"crossover","lines":["canada"],"from":"n253","to":"n254","length":47.38,"osmWay":437,"layer":2,"bridge":true},"geometry":{"type":"LineString","coordinates":[[-123.1174097,49.2075059],[-123.1173791,49.2070803]]}},{"type":"Feature","properties":{"type":"segment","id":"w438.0","kind":"main","lines":["canada"],"from":"n2464","to":"n1495","length":813.19,"osmWay":438,"name":"SkyTrain Canada Line","layer":2,"bridge":true},"geometry":{"type":"LineString","coordinates":[[-123.1418038,49.1964807],[-123.1380507,49.1960427],[-123.1339311,49.1955634],[-123.1337011,49.1955303],[-123.1334906,49.1954949],[-123.133282,49.195455],[-123.1330705,49.1954058],[-123.1328543,49.1953477],[-123.1326386,49.1952807],[-123.1324041,49.1951977],[-123.1321281,49.1950932],[-123.1318515,49.1949782],[-123.1311004,49.1946384]]}},{"type":"Feature","properties":{"type":"segment","id":"w439.0","kind":"main","lines":["canada"],"from":"n412","to":"n254","length":422.63,"osmWay":439,"name":"SkyTrain Canada Line","layer":2,"bridge":true},"geometry":{"type":"LineString","coordinates":[[-123.1169145,49.2108555],[-123.1169494,49.2096221],[-123.1169655,49.2092696],[-123.1169833,49.2090448],[-123.1170222,49.2088741],[-123.1170799,49.2087195],[-123.1172212,49.2083501],[-123.1172793,49.2081886],[-123.1173148,49.2080338],[-123.117333,49.2078886],[-123.1173791,49.2070803]]}},{"type":"Feature","properties":{"type":"segment","id":"w440.0","kind":"main","lines":["canada"],"from":"n254","to":"n251","length":8.26,"osmWay":440,"name":"SkyTrain Canada Line","layer":2,"bridge":true},"geometry":{"type":"LineString","coordinates":[[-123.1173791,49.2070803],[-123.1173802,49.207006]]}},{"type":"Feature","properties":{"type":"segment","id":"w441.0","kind":"main","lines":["canada"],"from":"n251","to":"n413","length":280.23,"osmWay":441,"name":"SkyTrain Canada Line","layer":2,"bridge":true},"geometry":{"type":"LineString","coordinates":[[-123.1173802,49.207006],[-123.117402,49.2065137],[-123.1174443,49.2057135],[-123.1175125,49.2044873]]}},{"type":"Feature","properties":{"type":"segment","id":"w442.0","kind":"main","lines":["canada"],"from":"n3145","to":"n253","length":375.3,"osmWay":442,"name":"SkyTrain Canada Line","layer":2,"bridge":true},"geometry":{"type":"LineString","coordinates":[[-123.116977,49.2108564],[-123.1170101,49.2096222],[-123.1170286,49.2092739],[-123.1170466,49.2090519],[-123.117088,49.2088706],[-123.1171849,49.2086044],[-123.1173332,49.2082271],[-123.1173546,49.208115],[-123.1173843,49.2079422],[-123.1174097,49.2075059]]}},{"type":"Feature","properties":{"type":"segment","id":"w443.0","kind":"main","lines":["canada"],"from":"n253","to":"n252","length":99.23,"osmWay":443,"name":"SkyTrain Canada Line","layer":2,"bridge":true},"geometry":{"type":"LineString","coordinates":[[-123.1174097,49.2075059],[-123.117438,49.2066137]]}},{"type":"Feature","properties":{"type":"segment","id":"w444.0","kind":"main","lines":["canada"],"from":"n252","to":"n3139","length":234.23,"osmWay":444,"name":"SkyTrain Canada Line","layer":2,"bridge":true},"geometry":{"type":"LineString","coordinates":[[-123.117438,49.2066137],[-123.1175125,49.2055125],[-123.1175588,49.2047459],[-123.1175619,49.2045089]]}},{"type":"Feature","properties":{"type":"segment","id":"w445.0","kind":"crossover","lines":["canada"],"from":"n255","to":"n220","length":23.27,"osmWay":445,"layer":-2,"tunnel":true},"geometry":{"type":"LineString","coordinates":[[-123.114064,49.2852765],[-123.114227,49.2850962]]}},{"type":"Feature","properties":{"type":"segment","id":"w446.0","kind":"crossover","lines":["canada"],"from":"n220","to":"n256","length":24.16,"osmWay":446,"layer":-2,"tunnel":true},"geometry":{"type":"LineString","coordinates":[[-123.114227,49.2850962],[-123.11439,49.2849067]]}},{"type":"Feature","properties":{"type":"segment","id":"w447.0","kind":"main","lines":["expo"],"from":"n3651","to":"n257","length":170.25,"osmWay":447,"name":"SkyTrain Expo Line","maxspeed":65,"layer":2,"bridge":true},"geometry":{"type":"LineString","coordinates":[[-123.1097388,49.2796145],[-123.109349,49.2793597],[-123.1091582,49.2792354],[-123.108073,49.2785359]]}},{"type":"Feature","properties":{"type":"segment","id":"w448.0","kind":"main","lines":["expo"],"from":"n257","to":"n3679","length":171.97,"osmWay":448,"name":"SkyTrain Expo Line","maxspeed":65,"layer":2,"bridge":true},"geometry":{"type":"LineString","coordinates":[[-123.108073,49.2785359],[-123.107914,49.2784286],[-123.1078575,49.2783911],[-123.1077999,49.278355],[-123.1077485,49.2783231],[-123.1076998,49.2782946],[-123.1076299,49.2782559],[-123.107541,49.2782105],[-123.1074435,49.2781613],[-123.1073735,49.2781301],[-123.1072942,49.2780955],[-123.107195,49.2780566],[-123.1071444,49.2780375],[-123.1070824,49.2780155],[-123.1070265,49.2779969],[-123.1069664,49.2779775],[-123.1068985,49.2779564],[-123.1068149,49.2779339],[-123.1067369,49.2779143],[-123.1066831,49.2779018],[-123.1066247,49.2778881],[-123.1065629,49.2778756],[-123.1064833,49.2778599],[-123.1064104,49.2778472],[-123.1063297,49.2778347],[-123.1062437,49.2778241],[-123.1060463,49.277802]]}},{"type":"Feature","properties":{"type":"segment","id":"w449.0","kind":"siding","lines":["expo"],"from":"n3680","to":"n257","length":171.27,"osmWay":449,"maxspeed":50,"layer":2,"bridge":true},"geometry":{"type":"LineString","coordinates":[[-123.1097757,49.2796001],[-123.109294,49.279285],[-123.108492,49.2787582],[-123.1084169,49.2787124],[-123.1083526,49.2786796],[-123.1083124,49.2786599],[-123.1082184,49.2786169],[-123.108073,49.2785359]]}},{"type":"Feature","properties":{"type":"segment","id":"w450.0","kind":"main","lines":["expo"],"from":"n1532","to":"n1594","length":13.65,"osmWay":450,"name":"SkyTrain Expo Line","maxspeed":65},"geometry":{"type":"LineString","coordinates":[[-123.1096496,49.2796794],[-123.1097795,49.2797682]]}},{"type":"Feature","properties":{"type":"segment","id":"w451.0","kind":"main","lines":["expo"],"from":"n3158","to":"n3651","length":13.84,"osmWay":451,"name":"SkyTrain Expo Line","maxspeed":45},"geometry":{"type":"LineString","coordinates":[[-123.109875,49.2797016],[-123.1097388,49.2796145]]}},{"type":"Feature","properties":{"type":"segment","id":"w452.0","kind":"siding","lines":["expo"],"from":"n1533","to":"n3680","length":13.22,"osmWay":452,"maxspeed":25},"geometry":{"type":"LineString","coordinates":[[-123.1098901,49.2796922],[-123.1098673,49.2796704],[-123.1098182,49.2796279],[-123.1097757,49.2796001]]}},{"type":"Feature","properties":{"type":"segment","id":"w453.0","kind":"crossover","lines":["expo"],"from":"n258","to":"n259","length":47.52,"osmWay":453,"maxspeed":15,"layer":1,"bridge":true},"geometry":{"type":"LineString","coordinates":[[-123.102463,49.2756488],[-123.1024595,49.2755517],[-123.1024607,49.2753932],[-123.102459,49.2752215]]}},{"type":"Feature","properties":{"type":"segment","id":"w454.0","kind":"main","lines":["canada"],"from":"n3143","to":"n250","length":226.51,"osmWay":454,"name":"SkyTrain Canada Line","layer":2,"bridge":true},"geometry":{"type":"LineString","coordinates":[[-123.1179568,49.200544],[-123.1179737,49.2004389],[-123.1179917,49.2003536],[-123.1180101,49.2002775],[-123.1180318,49.2002083],[-123.1180611,49.200131],[-123.1180929,49.2000574],[-123.1181166,49.2000079],[-123.1181582,49.1999323],[-123.1182073,49.1998538],[-123.1182623,49.1997751],[-123.1183155,49.199704],[-123.1183837,49.1996251],[-123.1184511,49.1995544],[-123.1185491,49.1994622],[-123.1186598,49.1993625],[-123.1193536,49.1987657]]}},{"type":"Feature","properties":{"type":"segment","id":"w455.0","kind":"main","lines":["canada"],"from":"n250","to":"n222","length":10.58,"osmWay":455,"name":"SkyTrain Canada Line","layer":2,"bridge":true},"geometry":{"type":"LineString","coordinates":[[-123.1193536,49.1987657],[-123.1194408,49.1986895]]}},{"type":"Feature","properties":{"type":"segment","id":"w456.0","kind":"main","lines":["canada"],"from":"n222","to":"n3132","length":104.58,"osmWay":456,"name":"SkyTrain Canada Line","layer":2,"bridge":true},"geometry":{"type":"LineString","coordinates":[[-123.1194408,49.1986895],[-123.1196895,49.1984708],[-123.1198819,49.1983117],[-123.1200055,49.1982173],[-123.1200993,49.1981402],[-123.1202103,49.1980601],[-123.120357,49.1979658]]}},{"type":"Feature","properties":{"type":"segment","id":"w457.0","kind":"main","lines":["millennium"],"from":"n802","to":"n172","length":228.29,"osmWay":457,"name":"SkyTrain Millennium Line"},"geometry":{"type":"LineString","coordinates":[[-123.0723362,49.2640849],[-123.0725663,49.264155],[-123.0732269,49.264364],[-123.0738343,49.264546],[-123.075183,49.2649587]]}},{"type":"Feature","properties":{"type":"segment","id":"w458.0","kind":"main","lines":["millennium"],"from":"n172","to":"n2926","length":202.09,"osmWay":458,"name":"SkyTrain Millennium Line"},"geometry":{"type":"LineString","coordinates":[[-123.075183,49.2649587],[-123.0758331,49.2651564],[-123.0760311,49.2652172],[-123.076318,49.2652982],[-123.0765982,49.2653827],[-123.0768397,49.2654426],[-123.0770003,49.265483],[-123.077199,49.2655292],[-123.0774922,49.2655829],[-123.0777666,49.2656249]]}},{"type":"Feature","properties":{"type":"segment","id":"w459.0","kind":"main","lines":["millennium"],"from":"n2815","to":"n2351","length":176.68,"osmWay":459,"name":"SkyTrain Millennium Line","layer":1,"bridge":true},"geometry":{"type":"LineString","coordinates":[[-123.0723636,49.2640376],[-123.071767,49.2638736],[-123.0714521,49.2637954],[-123.0712895,49.2637578],[-123.0710694,49.2637079],[-123.0709463,49.2636784],[-123.0700816,49.2634853]]}},{"type":"Feature","properties":{"type":"segment","id":"w460.0","kind":"main","lines":["expo"],"from":"n305","to":"n502","length":140.22,"osmWay":460,"name":"SkyTrain Expo Line","maxspeed":70,"layer":2,"bridge":true},"geometry":{"type":"LineString","coordinates":[[-122.9030896,49.2062598],[-122.9028241,49.2063582],[-122.9025397,49.2064408],[-122.9021901,49.2065044],[-122.9019724,49.2065304],[-122.9017573,49.2065439],[-122.9015579,49.2065475],[-122.901245,49.2065317]]}},{"type":"Feature","properties":{"type":"segment","id":"w461.0","kind":"main","lines":["expo"],"from":"n1888","to":"n1","length":86.56,"osmWay":461,"name":"SkyTrain Expo Line","maxspeed":70},"geometry":{"type":"LineString","coordinates":[[-122.9031159,49.2062805],[-122.903623,49.2060455],[-122.904073,49.2058171]]}},{"type":"Feature","properties":{"type":"segment","id":"w462.0","kind":"yard","lines":[],"from":"n260","to":"n261","length":293.62,"osmWay":462,"trackRef":"VS9"},"geometry":{"type":"LineString","coordinates":[[-122.8193935,49.2768064],[-122.8196068,49.2768456],[-122.8196549,49.2768517],[-122.819708,49.2768548],[-122.8234301,49.2769217]]}},{"type":"Feature","properties":{"type":"segment","id":"w463.0","kind":"yard","lines":[],"from":"n260","to":"n262","length":293.16,"osmWay":463,"trackRef":"VS8"},"geometry":{"type":"LineString","coordinates":[[-122.8193935,49.2768064],[-122.8194677,49.2768155],[-122.8195238,49.2768193],[-122.8234315,49.2768908]]}},{"type":"Feature","properties":{"type":"segment","id":"w464.0","kind":"main","lines":["millennium"],"from":"n3001","to":"n3002","length":26.92,"osmWay":464,"name":"SkyTrain Millennium Line"},"geometry":{"type":"LineString","coordinates":[[-122.8664696,49.2792286],[-122.8661033,49.2791898]]}},{"type":"Feature","properties":{"type":"segment","id":"w465.0","kind":"main","lines":["millennium"],"from":"n1387","to":"n1368","length":27.42,"osmWay":465,"name":"SkyTrain Millennium Line"},"geometry":{"type":"LineString","coordinates":[[-122.8660936,49.2792322],[-122.8664666,49.2792723]]}},{"type":"Feature","properties":{"type":"segment","id":"w466.0","kind":"yard","lines":[],"from":"n235","to":"n231","length":12.83,"osmWay":466},"geometry":{"type":"LineString","coordinates":[[-122.8185572,49.2767598],[-122.818734,49.2767608]]}},{"type":"Feature","properties":{"type":"segment","id":"w467.0","kind":"yard","lines":[],"from":"n231","to":"n193","length":44.51,"osmWay":467},"geometry":{"type":"LineString","coordinates":[[-122.818734,49.2767608],[-122.8189277,49.2767576],[-122.8191122,49.276746],[-122.8192196,49.276739],[-122.819346,49.2767367]]}},{"type":"Feature","properties":{"type":"segment","id":"w468.0","kind":"crossover","lines":["millennium"],"from":"n205","to":"n207","length":47.66,"osmWay":468,"layer":1,"bridge":true},"geometry":{"type":"LineString","coordinates":[[-122.8907148,49.2607471],[-122.8910948,49.2603975]]}},{"type":"Feature","properties":{"type":"segment","id":"w469.0","kind":"crossover","lines":["millennium"],"from":"n204","to":"n208","length":49.78,"osmWay":469,"layer":1,"bridge":true},"geometry":{"type":"LineString","coordinates":[[-122.8916421,49.2600291],[-122.8911618,49.2603487]]}},{"type":"Feature","properties":{"type":"segment","id":"w470.0","kind":"main","lines":["millennium"],"from":"n1341","to":"n205","length":190.31,"osmWay":470,"name":"SkyTrain Millennium Line","layer":1,"bridge":true},"geometry":{"type":"LineString","coordinates":[[-122.8890756,49.2620802],[-122.8891402,49.2620035],[-122.8892165,49.2619267],[-122.88931,49.2618455],[-122.8893917,49.2617773],[-122.8895101,49.2616862],[-122.8897363,49.2615099],[-122.890132,49.2612076],[-122.8905159,49.26091],[-122.8907148,49.2607471]]}},{"type":"Feature","properties":{"type":"segment","id":"w471.0","kind":"main","lines":["millennium"],"from":"n207","to":"n2963","length":199.78,"osmWay":471,"name":"SkyTrain Millennium Line","layer":1,"bridge":true},"geometry":{"type":"LineString","coordinates":[[-122.8910948,49.2603975],[-122.8906685,49.2607215],[-122.890469,49.2608815],[-122.8900911,49.2611777],[-122.8895637,49.2615771],[-122.8893191,49.2617704]]}},{"type":"Feature","properties":{"type":"segment","id":"w472.0","kind":"yard","lines":[],"from":"n1189","to":"n3754","length":40.86,"osmWay":472,"name":"Maintenance track","tunnel":true},"geometry":{"type":"LineString","coordinates":[[-123.120925,49.1973168],[-123.1204367,49.197499]]}},{"type":"Feature","properties":{"type":"segment","id":"w473.0","kind":"yard","lines":[],"from":"n1148","to":"n3755","length":50.35,"osmWay":473,"tunnel":true},"geometry":{"type":"LineString","coordinates":[[-123.1205008,49.1974141],[-123.1198955,49.1976346]]}},{"type":"Feature","properties":{"type":"segment","id":"w474.0","kind":"yard","lines":[],"from":"n1284","to":"n3756","length":50.44,"osmWay":474,"tunnel":true},"geometry":{"type":"LineString","coordinates":[[-123.1204584,49.1973664],[-123.1198505,49.1975855]]}},{"type":"Feature","properties":{"type":"segment","id":"w475.0","kind":"yard","lines":[],"from":"n3757","to":"n3758","length":49.72,"osmWay":475,"tunnel":true},"geometry":{"type":"LineString","coordinates":[[-123.1204092,49.1973075],[-123.1198105,49.1975241]]}},{"type":"Feature","properties":{"type":"segment","id":"w476.0","kind":"main","lines":["canada"],"from":"n109","to":"n2816","length":42.19,"osmWay":476,"name":"SkyTrain Canada Line","layer":1,"bridge":true},"geometry":{"type":"LineString","coordinates":[[-123.1365091,49.1726229],[-123.1364862,49.1722438]]}},{"type":"Feature","properties":{"type":"segment","id":"w477.0","kind":"main","lines":["canada"],"from":"n1494","to":"n128","length":167.18,"osmWay":477,"name":"SkyTrain Canada Line","layer":2,"bridge":true},"geometry":{"type":"LineString","coordinates":[[-123.1283518,49.1945168],[-123.1280903,49.1946368],[-123.1277374,49.1947987],[-123.1275751,49.1948724],[-123.1273973,49.194946],[-123.1272667,49.1949968],[-123.12706,49.1950732],[-123.1267757,49.1951716],[-123.1266241,49.1952271],[-123.126408,49.1953179]]}},{"type":"Feature","properties":{"type":"segment","id":"w478.0","kind":"main","lines":["canada"],"from":"n10","to":"n1621","length":49.64,"osmWay":478,"name":"SkyTrain Canada Line","layer":2,"bridge":true},"geometry":{"type":"LineString","coordinates":[[-123.1278301,49.1948099],[-123.1280747,49.1946981],[-123.1283894,49.1945536]]}},{"type":"Feature","properties":{"type":"segment","id":"w479.0","kind":"crossover","lines":["canada"],"from":"n7","to":"n263","length":18.27,"osmWay":479,"layer":-2,"tunnel":true},"geometry":{"type":"LineString","coordinates":[[-123.114719,49.2637613],[-123.1147556,49.2635987]]}},{"type":"Feature","properties":{"type":"segment","id":"w480.0","kind":"crossover","lines":["canada"],"from":"n263","to":"n218","length":18.16,"osmWay":480,"layer":-2,"tunnel":true},"geometry":{"type":"LineString","coordinates":[[-123.1147556,49.2635987],[-123.114792,49.2634371]]}},{"type":"Feature","properties":{"type":"segment","id":"w481.0","kind":"crossover","lines":["canada"],"from":"n8","to":"n263","length":18.25,"osmWay":481,"layer":-2,"tunnel":true},"geometry":{"type":"LineString","coordinates":[[-123.1147377,49.263435],[-123.1147556,49.2635987]]}},{"type":"Feature","properties":{"type":"segment","id":"w482.0","kind":"crossover","lines":["canada"],"from":"n263","to":"n217","length":18.18,"osmWay":482,"layer":-2,"tunnel":true},"geometry":{"type":"LineString","coordinates":[[-123.1147556,49.2635987],[-123.114775,49.2637617]]}},{"type":"Feature","properties":{"type":"segment","id":"w483.0","kind":"main","lines":["canada"],"from":"n3131","to":"n3780","length":1640,"osmWay":483,"name":"SkyTrain Canada Line","layer":-3,"tunnel":true},"geometry":{"type":"LineString","coordinates":[[-123.1148852,49.262257],[-123.1149879,49.2612695],[-123.1150288,49.2600867],[-123.1151261,49.2572735],[-123.1151756,49.2558416],[-123.1152355,49.2541086],[-123.1152951,49.252386],[-123.1153653,49.2501508],[-123.1153596,49.2497138],[-123.1153141,49.2490832],[-123.1152523,49.248567],[-123.115264,49.2482798],[-123.1152971,49.2479751],[-123.1153359,49.247517]]}},{"type":"Feature","properties":{"type":"segment","id":"w484.0","kind":"main","lines":["canada"],"from":"n3780","to":"n264","length":1615.96,"osmWay":484,"name":"SkyTrain Canada Line","layer":-1,"tunnel":true},"geometry":{"type":"LineString","coordinates":[[-123.1153359,49.247517],[-123.1153872,49.2462424],[-123.1153959,49.2456306],[-123.1154219,49.2453342],[-123.1154797,49.245102],[-123.1155757,49.2448929],[-123.1156575,49.2447559],[-123.115794,49.2446077],[-123.1161183,49.2443229],[-123.1163382,49.2441616],[-123.1167973,49.2439076],[-123.1172476,49.2436602],[-123.1175398,49.2434892],[-123.1176713,49.2433854],[-123.1178728,49.2431476],[-123.1180044,49.2429747],[-123.1181206,49.2427946],[-123.1181838,49.2426635],[-123.1182119,49.242543],[-123.1182359,49.2423753],[-123.1182692,49.2420825],[-123.1183371,49.2412138],[-123.1183567,49.2409746],[-123.1183436,49.2408112],[-123.1182931,49.2406526],[-123.1182396,49.2405562],[-123.1181682,49.2404531],[-123.1180069,49.2402967],[-123.1167492,49.23917],[-123.1162581,49.2387112],[-123.116127,49.2385694],[-123.1160169,49.2383612],[-123.1159565,49.2381474],[-123.1159113,49.2379017],[-123.1159584,49.2372437],[-123.1161242,49.2340932]]}},{"type":"Feature","properties":{"type":"segment","id":"w485.0","kind":"main","lines":["canada"],"from":"n264","to":"n265","length":34.86,"osmWay":485,"name":"SkyTrain Canada Line","layer":-1,"tunnel":true},"geometry":{"type":"LineString","coordinates":[[-123.1161242,49.2340932],[-123.1161425,49.2337799]]}},{"type":"Feature","properties":{"type":"segment","id":"w486.0","kind":"main","lines":["canada"],"from":"n265","to":"n3818","length":670.88,"osmWay":486,"name":"SkyTrain Canada Line","layer":-1,"tunnel":true},"geometry":{"type":"LineString","coordinates":[[-123.1161425,49.2337799],[-123.1161734,49.233075],[-123.1162384,49.2309137],[-123.1163052,49.2290266],[-123.1163344,49.2277479]]}},{"type":"Feature","properties":{"type":"segment","id":"w487.0","kind":"main","lines":["canada"],"from":"n3819","to":"n266","length":670.74,"osmWay":487,"name":"SkyTrain Canada Line","layer":-1,"tunnel":true},"geometry":{"type":"LineString","coordinates":[[-123.1162738,49.2277479],[-123.1162255,49.2290262],[-123.1161618,49.2309037],[-123.1160968,49.2330815],[-123.1160622,49.2337784]]}},{"type":"Feature","properties":{"type":"segment","id":"w488.0","kind":"main","lines":["canada"],"from":"n266","to":"n267","length":35.18,"osmWay":488,"name":"SkyTrain Canada Line","layer":-1,"tunnel":true},"geometry":{"type":"LineString","coordinates":[[-123.1160622,49.2337784],[-123.1160411,49.2340945]]}},{"type":"Feature","properties":{"type":"segment","id":"w489.0","kind":"main","lines":["canada"],"from":"n267","to":"n410","length":1648.65,"osmWay":489,"name":"SkyTrain Canada Line","layer":-1,"tunnel":true},"geometry":{"type":"LineString","coordinates":[[-123.1160411,49.2340945],[-123.1158593,49.2372383],[-123.1158111,49.2379069],[-123.1158458,49.2381702],[-123.1159049,49.2383758],[-123.1160495,49.238601],[-123.1162069,49.2387616],[-123.116697,49.2391937],[-123.1179408,49.240328],[-123.118073,49.2404673],[-123.1181504,49.2405742],[-123.1182022,49.240678],[-123.1182497,49.2408182],[-123.118271,49.2409764],[-123.1182542,49.2412094],[-123.1181842,49.2420693],[-123.1181475,49.2423916],[-123.1181287,49.2425228],[-123.1181077,49.2426135],[-123.1180562,49.2427241],[-123.1178804,49.243027],[-123.1177317,49.2431888],[-123.1174716,49.2434286],[-123.1171842,49.2436061],[-123.1166978,49.2438961],[-123.1162936,49.2441249],[-123.1160468,49.2442958],[-123.1157318,49.2445875],[-123.1156,49.2447394],[-123.1155073,49.2448871],[-123.1154017,49.2450984],[-123.1153438,49.2453241],[-123.1153118,49.2456302],[-123.1152953,49.2462467],[-123.1152338,49.2478216]]}},{"type":"Feature","properties":{"type":"segment","id":"w490.0","kind":"crossover","lines":["canada"],"from":"n267","to":"n268","length":17.71,"osmWay":490,"layer":-1,"tunnel":true},"geometry":{"type":"LineString","coordinates":[[-123.1160411,49.2340945],[-123.1160945,49.2339391]]}},{"type":"Feature","properties":{"type":"segment","id":"w491.0","kind":"crossover","lines":["canada"],"from":"n268","to":"n265","length":18.04,"osmWay":491,"layer":-1,"tunnel":true},"geometry":{"type":"LineString","coordinates":[[-123.1160945,49.2339391],[-123.1161425,49.2337799]]}},{"type":"Feature","properties":{"type":"segment","id":"w492.0","kind":"crossover","lines":["canada"],"from":"n266","to":"n268","length":18.02,"osmWay":492,"layer":-1,"tunnel":true},"geometry":{"type":"LineString","coordinates":[[-123.1160622,49.2337784],[-123.1160945,49.2339391]]}},{"type":"Feature","properties":{"type":"segment","id":"w493.0","kind":"crossover","lines":["canada"],"from":"n268","to":"n264","length":17.27,"osmWay":493,"layer":-1,"tunnel":true},"geometry":{"type":"LineString","coordinates":[[-123.1160945,49.2339391],[-123.1161242,49.2340932]]}},{"type":"Feature","properties":{"type":"segment","id":"w494.0","kind":"main","lines":["canada"],"from":"n3818","to":"n3144","length":1736.31,"osmWay":494,"name":"SkyTrain Canada Line","layer":-2,"tunnel":true},"geometry":{"type":"LineString","coordinates":[[-123.1163344,49.2277479],[-123.1163489,49.2265071],[-123.1164431,49.2249591],[-123.1165271,49.2234647],[-123.1165464,49.2228852],[-123.1166583,49.2210932],[-123.1167119,49.2189541],[-123.1167843,49.2165416],[-123.1168463,49.214379],[-123.1169323,49.2121386]]}},{"type":"Feature","properties":{"type":"segment","id":"w495.0","kind":"main","lines":["canada"],"from":"n3819","to":"n411","length":1736.53,"osmWay":495,"name":"SkyTrain Canada Line","layer":-2,"tunnel":true},"geometry":{"type":"LineString","coordinates":[[-123.1162738,49.2277479],[-123.1163157,49.2265062],[-123.1167297,49.2169733],[-123.1168217,49.2150253],[-123.1168695,49.2121362]]}},{"type":"Feature","properties":{"type":"segment","id":"w496.0","kind":"main","lines":["canada"],"from":"n3867","to":"n3081","length":117.83,"osmWay":496,"name":"SkyTrain Canada Line","layer":-1,"tunnel":true},"geometry":{"type":"LineString","coordinates":[[-123.1158413,49.2840751],[-123.1169711,49.2833137]]}},{"type":"Feature","properties":{"type":"segment","id":"w497.0","kind":"main","lines":["canada"],"from":"n3868","to":"n364","length":117.27,"osmWay":497,"name":"SkyTrain Canada Line","layer":-1,"tunnel":true},"geometry":{"type":"LineString","coordinates":[[-123.1157501,49.2840035],[-123.1168903,49.2832558]]}},{"type":"Feature","properties":{"type":"segment","id":"w498.0","kind":"main","lines":["canada"],"from":"n269","to":"n3869","length":46.43,"osmWay":498,"name":"SkyTrain Canada Line","layer":-2,"tunnel":true},"geometry":{"type":"LineString","coordinates":[[-123.112895,49.2858772],[-123.113347,49.2855815]]}},{"type":"Feature","properties":{"type":"segment","id":"w499.0","kind":"main","lines":["canada"],"from":"n3869","to":"n219","length":61.02,"osmWay":499,"name":"SkyTrain Canada Line","layer":-2,"tunnel":true},"geometry":{"type":"LineString","coordinates":[[-123.113347,49.2855815],[-123.113942,49.2851935]]}},{"type":"Feature","properties":{"type":"segment","id":"w500.0","kind":"main","lines":["canada"],"from":"n219","to":"n256","length":45.53,"osmWay":500,"name":"SkyTrain Canada Line","layer":-2,"tunnel":true},"geometry":{"type":"LineString","coordinates":[[-123.113942,49.2851935],[-123.11439,49.2849067]]}},{"type":"Feature","properties":{"type":"segment","id":"w501.0","kind":"main","lines":["canada"],"from":"n256","to":"n3868","length":140.78,"osmWay":501,"name":"SkyTrain Canada Line","layer":-2,"tunnel":true},"geometry":{"type":"LineString","coordinates":[[-123.11439,49.2849067],[-123.1157501,49.2840035]]}},{"type":"Feature","properties":{"type":"segment","id":"w502.0","kind":"main","lines":["canada"],"from":"n270","to":"n3870","length":46.9,"osmWay":502,"name":"SkyTrain Canada Line","layer":-2,"tunnel":true},"geometry":{"type":"LineString","coordinates":[[-123.113021,49.285957],[-123.113477,49.2856579]]}},{"type":"Feature","properties":{"type":"segment","id":"w503.0","kind":"main","lines":["canada"],"from":"n3870","to":"n255","length":60.09,"osmWay":503,"name":"SkyTrain Canada Line","layer":-2,"tunnel":true},"geometry":{"type":"LineString","coordinates":[[-123.113477,49.2856579],[-123.114064,49.2852765]]}},{"type":"Feature","properties":{"type":"segment","id":"w504.0","kind":"main","lines":["canada"],"from":"n255","to":"n221","length":44.53,"osmWay":504,"name":"SkyTrain Canada Line","layer":-2,"tunnel":true},"geometry":{"type":"LineString","coordinates":[[-123.114064,49.2852765],[-123.114496,49.2849919]]}},{"type":"Feature","properties":{"type":"segment","id":"w505.0","kind":"main","lines":["canada"],"from":"n221","to":"n3867","length":141.12,"osmWay":505,"name":"SkyTrain Canada Line","layer":-2,"tunnel":true},"geometry":{"type":"LineString","coordinates":[[-123.114496,49.2849919],[-123.1147333,49.2848289],[-123.1151484,49.2845425],[-123.1158413,49.2840751]]}},{"type":"Feature","properties":{"type":"segment","id":"w506.0","kind":"crossover","lines":["expo"],"from":"n125","to":"n3","length":37.4,"osmWay":506,"maxspeed":15,"layer":-2,"tunnel":true},"geometry":{"type":"LineString","coordinates":[[-123.115768,49.2875022],[-123.115285,49.2873844]]}},{"type":"Feature","properties":{"type":"segment","id":"w507.0","kind":"main","lines":["expo"],"from":"n1586","to":"n122","length":54.91,"osmWay":507,"maxspeed":25},"geometry":{"type":"LineString","coordinates":[[-123.1115095,49.2858297],[-123.1114087,49.2857973],[-123.110834,49.2856067]]}},{"type":"Feature","properties":{"type":"segment","id":"w508.0","kind":"yard","lines":[],"from":"n3874","to":"n3876","length":65.22,"osmWay":508,"trackRef":"C1","maxspeed":15,"tunnel":true},"geometry":{"type":"LineString","coordinates":[[-122.9571208,49.2061161],[-122.956907,49.2063927],[-122.9567237,49.2066421]]}},{"type":"Feature","properties":{"type":"segment","id":"w509.0","kind":"yard","lines":[],"from":"n3877","to":"n1007","length":65.2,"osmWay":509,"trackRef":"C2","maxspeed":15,"tunnel":true},"geometry":{"type":"LineString","coordinates":[[-122.9568113,49.2066716],[-122.956998,49.2064219],[-122.9572084,49.2061458]]}},{"type":"Feature","properties":{"type":"segment","id":"w510.0","kind":"yard","lines":[],"from":"n2619","to":"n3880","length":75.57,"osmWay":510,"trackRef":"M1","tunnel":true},"geometry":{"type":"LineString","coordinates":[[-122.957149,49.2054187],[-122.9570071,49.2056019],[-122.9566875,49.2060278]]}},{"type":"Feature","properties":{"type":"segment","id":"w511.0","kind":"yard","lines":[],"from":"n805","to":"n72","length":58.47,"osmWay":511,"trackRef":"M2","maxspeed":15},"geometry":{"type":"LineString","coordinates":[[-122.9564039,49.2065568],[-122.9560485,49.2070286]]}},{"type":"Feature","properties":{"type":"segment","id":"w512.0","kind":"yard","lines":[],"from":"n1074","to":"n1100","length":136.95,"osmWay":512,"trackRef":"M3","tunnel":true},"geometry":{"type":"LineString","coordinates":[[-122.957323,49.2054784],[-122.9564939,49.2065845]]}},{"type":"Feature","properties":{"type":"segment","id":"w513.0","kind":"yard","lines":[],"from":"n852","to":"n70","length":83.45,"osmWay":513,"trackRef":"M4","maxspeed":15},"geometry":{"type":"LineString","coordinates":[[-122.9566546,49.2065166],[-122.956217,49.2071021],[-122.956149,49.2071905]]}},{"type":"Feature","properties":{"type":"segment","id":"w514.0","kind":"yard","lines":[],"from":"n3874","to":"n49","length":131.34,"osmWay":514,"trackRef":"C1","maxspeed":15},"geometry":{"type":"LineString","coordinates":[[-122.9571208,49.2061161],[-122.957463,49.2056518],[-122.9578543,49.205144],[-122.9578729,49.205118],[-122.9578851,49.2050947],[-122.9579015,49.205052]]}},{"type":"Feature","properties":{"type":"segment","id":"w515.0","kind":"yard","lines":[],"from":"n22","to":"n3886","length":56.04,"osmWay":515,"trackRef":"C2","maxspeed":15},"geometry":{"type":"LineString","coordinates":[[-122.9562835,49.2073743],[-122.956623,49.2069218]]}},{"type":"Feature","properties":{"type":"segment","id":"w516.0","kind":"yard","lines":[],"from":"n3887","to":"n847","length":52.67,"osmWay":516,"trackRef":"RM1","tunnel":true},"geometry":{"type":"LineString","coordinates":[[-122.9545885,49.2060048],[-122.9549138,49.2055815]]}},{"type":"Feature","properties":{"type":"segment","id":"w517.0","kind":"yard","lines":[],"from":"n3888","to":"n2678","length":52.59,"osmWay":517,"trackRef":"RM2","tunnel":true},"geometry":{"type":"LineString","coordinates":[[-122.9546986,49.2060382],[-122.9550026,49.205609]]}},{"type":"Feature","properties":{"type":"segment","id":"w518.0","kind":"yard","lines":[],"from":"n2686","to":"n196","length":40.12,"osmWay":518,"trackRef":"M10"},"geometry":{"type":"LineString","coordinates":[[-122.9552525,49.2055232],[-122.9553279,49.2054587],[-122.9554298,49.2053921],[-122.9555176,49.20534],[-122.9556594,49.2052845]]}},{"type":"Feature","properties":{"type":"segment","id":"w519.0","kind":"yard","lines":[],"from":"n2677","to":"n3892","length":75.72,"osmWay":519,"trackRef":"M11","tunnel":true},"geometry":{"type":"LineString","coordinates":[[-122.9553619,49.2055566],[-122.954902,49.2061677]]}},{"type":"Feature","properties":{"type":"segment","id":"w520.0","kind":"yard","lines":[],"from":"n1006","to":"n3893","length":123.67,"osmWay":520,"trackRef":"M9","tunnel":true},"geometry":{"type":"LineString","coordinates":[[-122.9562653,49.2050963],[-122.9555129,49.206094]]}},{"type":"Feature","properties":{"type":"segment","id":"w521.0","kind":"yard","lines":[],"from":"n1099","to":"n911","length":123.54,"osmWay":521,"trackRef":"M8","tunnel":true},"geometry":{"type":"LineString","coordinates":[[-122.9554423,49.2060708],[-122.9561937,49.2050741]]}},{"type":"Feature","properties":{"type":"segment","id":"w522.0","kind":"yard","lines":[],"from":"n3893","to":"n69","length":54.44,"osmWay":522,"trackRef":"M9","maxspeed":15},"geometry":{"type":"LineString","coordinates":[[-122.9555129,49.206094],[-122.9554664,49.2061566],[-122.9554203,49.2062133],[-122.9553831,49.2062556],[-122.9553322,49.2063105],[-122.9553064,49.2063357],[-122.9552749,49.2063628],[-122.9552422,49.2063899],[-122.9551945,49.2064253],[-122.9551638,49.2064513],[-122.9551436,49.2064734],[-122.9551135,49.2065062]]}},{"type":"Feature","properties":{"type":"segment","id":"w523.0","kind":"main","lines":["expo"],"from":"n3904","to":"n3912","length":648.28,"osmWay":523,"name":"SkyTrain Expo Line","maxspeed":90,"layer":1,"bridge":true},"geometry":{"type":"LineString","coordinates":[[-123.0691087,49.2568243],[-123.0690856,49.2586985],[-123.0690721,49.2597105],[-123.069063,49.260333],[-123.0690542,49.2609846],[-123.0690662,49.2614404],[-123.0690633,49.2618642],[-123.06906,49.2622079],[-123.0690353,49.2626539]]}},{"type":"Feature","properties":{"type":"segment","id":"w524.0","kind":"main","lines":["expo"],"from":"n3913","to":"n306","length":648.95,"osmWay":524,"name":"SkyTrain Expo Line","maxspeed":90,"layer":1,"bridge":true},"geometry":{"type":"LineString","coordinates":[[-123.0692092,49.2626578],[-123.0692088,49.2624166],[-123.069214,49.2621847],[-123.0692225,49.2618701],[-123.069224,49.2614485],[-123.0691997,49.2605912],[-123.0691773,49.2602629],[-123.0691483,49.2599015],[-123.0691321,49.2595422],[-123.0691423,49.258715],[-123.0691635,49.2568229]]}},{"type":"Feature","properties":{"type":"segment","id":"w525.0","kind":"main","lines":["expo"],"from":"n698","to":"n1431","length":789.74,"osmWay":525,"name":"SkyTrain Expo Line","maxspeed":90,"layer":2,"bridge":true},"geometry":{"type":"LineString","coordinates":[[-123.0155451,49.2311085],[-123.0147576,49.2307185],[-123.0136696,49.2301923],[-123.012736,49.2297489],[-123.0119501,49.2293999],[-123.0093507,49.2282736],[-123.0066539,49.2270212]]}},{"type":"Feature","properties":{"type":"segment","id":"w526.0","kind":"main","lines":["expo"],"from":"n3928","to":"n1973","length":798.37,"osmWay":526,"name":"SkyTrain Expo Line","maxspeed":90,"layer":2,"bridge":true},"geometry":{"type":"LineString","coordinates":[[-123.0065246,49.2270064],[-123.0093137,49.2282987],[-123.0118801,49.229474],[-123.012696,49.2298493],[-123.0130265,49.2300009],[-123.0135907,49.2302602],[-123.0143828,49.2306255],[-123.0147055,49.2307668],[-123.0155164,49.2311379]]}},{"type":"Feature","properties":{"type":"segment","id":"w527.0","kind":"main","lines":["expo"],"from":"n3936","to":"n1802","length":244.13,"osmWay":527,"name":"SkyTrain Expo Line","maxspeed":70,"layer":2,"bridge":true},"geometry":{"type":"LineString","coordinates":[[-122.9122392,49.2016227],[-122.9115161,49.2020099],[-122.911055,49.2022578],[-122.9103524,49.2026383],[-122.9096504,49.2030223]]}},{"type":"Feature","properties":{"type":"segment","id":"w528.0","kind":"main","lines":["expo"],"from":"n1716","to":"n3943","length":244.06,"osmWay":528,"name":"SkyTrain Expo Line","maxspeed":70,"layer":2,"bridge":true},"geometry":{"type":"LineString","coordinates":[[-122.909688,49.2030509],[-122.9103838,49.2026695],[-122.9111095,49.2022727],[-122.9115253,49.2020484],[-122.9122679,49.2016452]]}},{"type":"Feature","properties":{"type":"segment","id":"w529.0","kind":"crossover","lines":["expo"],"from":"n271","to":"n272","length":39.48,"osmWay":529,"layer":2,"bridge":true},"geometry":{"type":"LineString","coordinates":[[-122.913589,49.2008938],[-122.914039,49.2006948]]}},{"type":"Feature","properties":{"type":"segment","id":"w530.0","kind":"crossover","lines":["expo"],"from":"n138","to":"n16","length":39.38,"osmWay":530,"tunnel":true},"geometry":{"type":"LineString","coordinates":[[-122.907335,49.2042433],[-122.907732,49.2040022]]}},{"type":"Feature","properties":{"type":"segment","id":"w531.0","kind":"main","lines":["expo"],"from":"n3944","to":"n2101","length":1111.6,"osmWay":531,"name":"SkyTrain Expo Line","maxspeed":90,"layer":1,"bridge":true},"geometry":{"type":"LineString","coordinates":[[-123.1010396,49.2732143],[-123.100341,49.2730906],[-123.0993937,49.2729357],[-123.0993239,49.2729236],[-123.0992494,49.2729094],[-123.0991737,49.2728936],[-123.0991192,49.2728829],[-123.0990468,49.2728662],[-123.0989765,49.2728501],[-123.0989158,49.2728349],[-123.098855,49.2728184],[-123.098772,49.2727971],[-123.0986544,49.2727633],[-123.0984643,49.2727044],[-123.0979768,49.2725459],[-123.0977148,49.272463],[-123.0975939,49.272427],[-123.0975318,49.2724088],[-123.0974492,49.2723848],[-123.097354,49.27236],[-123.0972711,49.2723402],[-123.0972225,49.2723281],[-123.0971687,49.2723164],[-123.0970983,49.2723009],[-123.0970039,49.2722821],[-123.0968783,49.2722585],[-123.0967697,49.2722391],[-123.0966158,49.2722119],[-123.0863344,49.2704708]]}},{"type":"Feature","properties":{"type":"segment","id":"w532.0","kind":"main","lines":["expo"],"from":"n2099","to":"n3994","length":1113.19,"osmWay":532,"name":"SkyTrain Expo Line","maxspeed":90,"layer":1,"bridge":true},"geometry":{"type":"LineString","coordinates":[[-123.0863148,49.2705013],[-123.0881655,49.2708197],[-123.0965935,49.2722407],[-123.0967469,49.2722671],[-123.0969844,49.272312],[-123.0971144,49.2723395],[-123.0972216,49.2723641],[-123.0972966,49.272383],[-123.0973706,49.2724024],[-123.0974201,49.2724164],[-123.0974696,49.2724304],[-123.0975204,49.2724452],[-123.0975714,49.2724613],[-123.0976578,49.272489],[-123.0977438,49.2725175],[-123.0980909,49.272653],[-123.0983941,49.2727527],[-123.098644,49.2728377],[-123.0988555,49.2729004],[-123.0990214,49.2729417],[-123.0991494,49.2729723],[-123.0993769,49.2730151],[-123.100315,49.2731741],[-123.1010072,49.2732968]]}},{"type":"Feature","properties":{"type":"segment","id":"w533.0","kind":"main","lines":["expo"],"from":"n3995","to":"n3913","length":43.62,"osmWay":533,"name":"SkyTrain Expo Line","maxspeed":45,"layer":2,"bridge":true},"geometry":{"type":"LineString","coordinates":[[-123.0692589,49.2630478],[-123.0692359,49.2629681],[-123.0692245,49.2629082],[-123.0692139,49.2628412],[-123.0692103,49.2627833],[-123.0692092,49.2626578]]}},{"type":"Feature","properties":{"type":"segment","id":"w534.0","kind":"main","lines":["expo"],"from":"n4000","to":"n3904","length":751.23,"osmWay":534,"name":"SkyTrain Expo Line","maxspeed":90,"layer":2,"bridge":true},"geometry":{"type":"LineString","coordinates":[[-123.0634378,49.251491],[-123.0641799,49.2517935],[-123.064566,49.2519774],[-123.0649938,49.2522107],[-123.0653225,49.2524219],[-123.0660008,49.2529276],[-123.0668174,49.2535355],[-123.067335,49.253925],[-123.0679348,49.2544001],[-123.0681582,49.254591],[-123.0683859,49.2548488],[-123.06853,49.2550021],[-123.0686482,49.2551903],[-123.0687246,49.255306],[-123.0688097,49.2554518],[-123.0688774,49.2555986],[-123.0689408,49.2557425],[-123.0690187,49.2560088],[-123.0690701,49.2562214],[-123.0690847,49.2563246],[-123.0690912,49.2563804],[-123.0691005,49.2564932],[-123.069108,49.256655],[-123.0691087,49.2568243]]}},{"type":"Feature","properties":{"type":"segment","id":"w535.0","kind":"main","lines":["expo"],"from":"n4023","to":"n258","length":179.15,"osmWay":535,"name":"SkyTrain Expo Line","maxspeed":65,"layer":1,"bridge":true},"geometry":{"type":"LineString","coordinates":[[-123.1022171,49.2740457],[-123.1023539,49.2749313],[-123.102463,49.2756488]]}},{"type":"Feature","properties":{"type":"segment","id":"w536.0","kind":"main","lines":["expo"],"from":"n258","to":"n155","length":349.3,"osmWay":536,"name":"SkyTrain Expo Line","maxspeed":65,"layer":1,"bridge":true},"geometry":{"type":"LineString","coordinates":[[-123.102463,49.2756488],[-123.1025346,49.2760921],[-123.1025406,49.2761327],[-123.1025473,49.276172],[-123.1025598,49.2762376],[-123.1025734,49.2763049],[-123.1025858,49.2763576],[-123.1026011,49.2764141],[-123.1026141,49.2764577],[-123.1026282,49.2765005],[-123.1026479,49.2765479],[-123.102667,49.276594],[-123.102684,49.276628],[-123.1027016,49.2766617],[-123.1027283,49.2767082],[-123.1027539,49.2767502],[-123.1027842,49.2767956],[-123.1028271,49.2768535],[-123.1028616,49.2768963],[-123.1028936,49.2769357],[-123.1029332,49.2769789],[-123.1029835,49.2770266],[-123.1030346,49.2770708],[-123.1031125,49.2771342],[-123.1031953,49.2771975],[-123.1032391,49.2772282],[-123.1032824,49.2772578],[-123.1033224,49.2772827],[-123.1033711,49.2773117],[-123.1034104,49.2773342],[-123.1034883,49.2773758],[-123.1035935,49.2774274],[-123.1037018,49.2774743],[-123.1038136,49.277515],[-123.1039382,49.2775552],[-123.1040408,49.2775824],[-123.1041161,49.2776018],[-123.1042105,49.2776228],[-123.1043228,49.2776438],[-123.1044123,49.2776588],[-123.1044764,49.2776683],[-123.1045474,49.2776779],[-123.1046234,49.2776876],[-123.1047534,49.2777025],[-123.105244,49.2777552]]}},{"type":"Feature","properties":{"type":"segment","id":"w537.0","kind":"main","lines":["expo"],"from":"n3994","to":"n4069","length":34.57,"osmWay":537,"name":"SkyTrain Expo Line","maxspeed":35,"tunnel":true},"geometry":{"type":"LineString","coordinates":[[-123.1010072,49.2732968],[-123.1014241,49.2733707],[-123.1014663,49.2733798]]}},{"type":"Feature","properties":{"type":"segment","id":"w538.0","kind":"main","lines":["expo"],"from":"n4070","to":"n3944","length":32.52,"osmWay":538,"name":"SkyTrain Expo Line","maxspeed":35,"tunnel":true},"geometry":{"type":"LineString","coordinates":[[-123.1014715,49.2732923],[-123.1014201,49.2732817],[-123.1010396,49.2732143]]}},{"type":"Feature","properties":{"type":"segment","id":"w539.0","kind":"main","lines":["expo"],"from":"n156","to":"n259","length":425.09,"osmWay":539,"name":"SkyTrain Expo Line","maxspeed":65,"layer":1,"bridge":true},"geometry":{"type":"LineString","coordinates":[[-123.105717,49.2777675],[-123.1049784,49.2776905],[-123.1047497,49.2776657],[-123.1046453,49.2776539],[-123.1045687,49.2776443],[-123.1044854,49.2776322],[-123.1044028,49.2776191],[-123.1043183,49.2776046],[-123.1042394,49.2775891],[-123.1041811,49.2775763],[-123.1041305,49.2775643],[-123.1040655,49.2775473],[-123.1039925,49.2775267],[-123.1039214,49.2775063],[-123.1038455,49.2774818],[-123.1037771,49.2774576],[-123.1036683,49.2774114],[-123.1035927,49.2773776],[-123.1035318,49.2773463],[-123.1034696,49.2773116],[-123.1034004,49.2772732],[-123.1033342,49.2772342],[-123.1032772,49.2771973],[-123.1032075,49.2771494],[-123.1031548,49.2771071],[-123.1031084,49.2770671],[-123.1030345,49.2770007],[-123.1029935,49.2769608],[-123.1029677,49.2769347],[-123.1029333,49.2768977],[-123.1028935,49.2768527],[-123.1028562,49.276809],[-123.1028319,49.2767766],[-123.1028081,49.276741],[-123.1027896,49.2767113],[-123.1027724,49.2766823],[-123.1027556,49.2766524],[-123.1027354,49.2766172],[-123.1027155,49.2765724],[-123.1026939,49.2765217],[-123.1026789,49.2764819],[-123.1026646,49.2764376],[-123.1026511,49.2763934],[-123.1026326,49.2763192],[-123.1026234,49.2762831],[-123.1026124,49.2762238],[-123.1026024,49.2761703],[-123.1025953,49.2761304],[-123.102589,49.2760905],[-123.102459,49.2752215]]}},{"type":"Feature","properties":{"type":"segment","id":"w540.0","kind":"main","lines":["expo"],"from":"n259","to":"n4120","length":134.06,"osmWay":540,"name":"SkyTrain Expo Line","maxspeed":65,"layer":1,"bridge":true},"geometry":{"type":"LineString","coordinates":[[-123.102459,49.2752215],[-123.1022689,49.2740223]]}},{"type":"Feature","properties":{"type":"segment","id":"w541.0","kind":"main","lines":["expo"],"from":"n155","to":"n1511","length":57.31,"osmWay":541,"name":"SkyTrain Expo Line","maxspeed":65,"layer":1,"bridge":true},"geometry":{"type":"LineString","coordinates":[[-123.105244,49.2777552],[-123.1060242,49.277836]]}},{"type":"Feature","properties":{"type":"segment","id":"w542.0","kind":"main","lines":["expo"],"from":"n3679","to":"n156","length":24.19,"osmWay":542,"name":"SkyTrain Expo Line","maxspeed":65,"layer":1,"bridge":true},"geometry":{"type":"LineString","coordinates":[[-123.1060463,49.277802],[-123.105717,49.2777675]]}},{"type":"Feature","properties":{"type":"segment","id":"w543.0","kind":"yard","lines":[],"from":"n2485","to":"n4121","length":80.93,"osmWay":543,"tunnel":true},"geometry":{"type":"LineString","coordinates":[[-122.958347,49.2037481],[-122.9583022,49.2030209]]}},{"type":"Feature","properties":{"type":"segment","id":"w544.0","kind":"yard","lines":[],"from":"n2479","to":"n4122","length":80.58,"osmWay":544,"tunnel":true},"geometry":{"type":"LineString","coordinates":[[-122.9584269,49.2037437],[-122.9583785,49.2030197]]}},{"type":"Feature","properties":{"type":"segment","id":"w545.0","kind":"main","lines":["expo"],"from":"n2190","to":"n158","length":1172.1,"osmWay":545,"name":"SkyTrain Expo Line","layer":1,"bridge":true},"geometry":{"type":"LineString","coordinates":[[-122.8974017,49.210984],[-122.8967958,49.2114085],[-122.896403,49.2116975],[-122.8960739,49.2119171],[-122.8956916,49.2122015],[-122.8954616,49.2123888],[-122.8952004,49.2126366],[-122.8949619,49.2129026],[-122.8948376,49.2130767],[-122.8945737,49.2134935],[-122.8942393,49.2141006],[-122.8941426,49.2143058],[-122.8939493,49.2147736],[-122.8938153,49.2151639],[-122.8936857,49.2155671],[-122.8934727,49.2162745],[-122.8931761,49.2172416],[-122.8930048,49.2178141],[-122.8928532,49.2183206],[-122.8926467,49.2189778],[-122.8925171,49.2194542],[-122.8923985,49.2199578],[-122.892324,49.2203718],[-122.8922439,49.2207195]]}},{"type":"Feature","properties":{"type":"segment","id":"w546.0","kind":"main","lines":["expo"],"from":"n158","to":"n159","length":406.02,"osmWay":546,"name":"SkyTrain Expo Line","layer":1,"bridge":true},"geometry":{"type":"LineString","coordinates":[[-122.8922439,49.2207195],[-122.8921656,49.220975],[-122.892058,49.2214514],[-122.8919965,49.221701],[-122.8919262,49.2219406],[-122.8918295,49.2221931],[-122.8916867,49.2224614],[-122.8915264,49.2227025],[-122.8914165,49.2228301],[-122.891131,49.22314],[-122.8908805,49.2233624],[-122.890114,49.2240133]]}},{"type":"Feature","properties":{"type":"segment","id":"w547.0","kind":"main","lines":["expo"],"from":"n159","to":"n2191","length":775.22,"osmWay":547,"name":"SkyTrain Expo Line","layer":1,"bridge":true},"geometry":{"type":"LineString","coordinates":[[-122.890114,49.2240133],[-122.8895687,49.224476],[-122.8890924,49.2248803],[-122.8887212,49.2251945],[-122.8884224,49.2254456],[-122.8879194,49.2258688],[-122.8871286,49.226533],[-122.88605,49.2274425],[-122.8857688,49.227685],[-122.8852262,49.228124],[-122.884983,49.2283245],[-122.8847516,49.2285078],[-122.88453,49.2286834],[-122.8840185,49.2290885],[-122.8836824,49.229358],[-122.8835159,49.2294932]]}},{"type":"Feature","properties":{"type":"segment","id":"w548.0","kind":"main","lines":["expo"],"from":"n792","to":"n160","length":823.72,"osmWay":548,"name":"SkyTrain Expo Line","layer":1,"bridge":true},"geometry":{"type":"LineString","coordinates":[[-122.8835634,49.2295195],[-122.8840648,49.2291202],[-122.8850573,49.2283346],[-122.8857255,49.2277814],[-122.8883458,49.2255747],[-122.8896067,49.2245158],[-122.890568,49.2236935]]}},{"type":"Feature","properties":{"type":"segment","id":"w549.0","kind":"main","lines":["expo"],"from":"n160","to":"n157","length":317.17,"osmWay":549,"name":"SkyTrain Expo Line","layer":1,"bridge":true},"geometry":{"type":"LineString","coordinates":[[-122.890568,49.2236935],[-122.8906846,49.2235963],[-122.8911618,49.2231831],[-122.8915468,49.2227584],[-122.8916316,49.2226391],[-122.8917945,49.2223875],[-122.8918609,49.2222433],[-122.8919306,49.2221112],[-122.8919797,49.2219488],[-122.89206,49.2216924],[-122.8921228,49.2214274],[-122.892203,49.2211042]]}},{"type":"Feature","properties":{"type":"segment","id":"w550.0","kind":"main","lines":["expo"],"from":"n157","to":"n497","length":886.66,"osmWay":550,"name":"SkyTrain Expo Line","layer":1,"bridge":true},"geometry":{"type":"LineString","coordinates":[[-122.892203,49.2211042],[-122.8923902,49.2203797],[-122.892702,49.2189974],[-122.8929228,49.2182908],[-122.8931392,49.2175929],[-122.8932854,49.2171173],[-122.8938605,49.2152274],[-122.8939905,49.2148342],[-122.8941155,49.2144597],[-122.8944365,49.2138458],[-122.8947319,49.2133175]]}},{"type":"Feature","properties":{"type":"segment","id":"w551.0","kind":"main","lines":["millennium"],"from":"n2400","to":"n2541","length":902.56,"osmWay":551,"name":"SkyTrain Millennium Line","layer":1,"bridge":true},"geometry":{"type":"LineString","coordinates":[[-123.0380849,49.2598022],[-123.0354809,49.2601514],[-123.0348845,49.2602315],[-123.0340648,49.2604189],[-123.0328558,49.2607565],[-123.0316955,49.2610924],[-123.0308124,49.2613477],[-123.0298932,49.2616587],[-123.0292939,49.2618596],[-123.0286996,49.262053],[-123.0282601,49.2621851],[-123.0278819,49.2622719],[-123.0274144,49.2623549],[-123.0271016,49.2623983],[-123.0267633,49.2624284],[-123.0264168,49.2624475]]}},{"type":"Feature","properties":{"type":"segment","id":"w552.0","kind":"main","lines":["millennium"],"from":"n4207","to":"n336","length":904.52,"osmWay":552,"name":"SkyTrain Millennium Line","layer":1,"bridge":true},"geometry":{"type":"LineString","coordinates":[[-123.0264084,49.2624944],[-123.0267738,49.2624769],[-123.0271073,49.262444],[-123.0274262,49.2624014],[-123.0279073,49.2623203],[-123.0282704,49.2622423],[-123.0285577,49.2621554],[-123.0303395,49.2615587],[-123.0311545,49.2612893],[-123.0314285,49.2612085],[-123.0328813,49.2607932],[-123.0334992,49.2606185],[-123.0337824,49.2605442],[-123.0344406,49.2603658],[-123.0349616,49.2602703],[-123.0380974,49.259841]]}},{"type":"Feature","properties":{"type":"segment","id":"w553.0","kind":"main","lines":["millennium"],"from":"n2316","to":"n167","length":228.32,"osmWay":553,"name":"SkyTrain Millennium Line","layer":1,"bridge":true},"geometry":{"type":"LineString","coordinates":[[-122.972425,49.2619978],[-122.9730135,49.2622226],[-122.9734664,49.2624084],[-122.9740522,49.2626385],[-122.9744508,49.2627942],[-122.975139,49.2630355]]}},{"type":"Feature","properties":{"type":"segment","id":"w554.0","kind":"main","lines":["millennium"],"from":"n167","to":"n273","length":221.43,"osmWay":554,"name":"SkyTrain Millennium Line","layer":1,"bridge":true},"geometry":{"type":"LineString","coordinates":[[-122.975139,49.2630355],[-122.977814,49.2639938]]}},{"type":"Feature","properties":{"type":"segment","id":"w555.0","kind":"main","lines":["millennium"],"from":"n273","to":"n4244","length":947.2,"osmWay":555,"name":"SkyTrain Millennium Line","layer":1,"bridge":true},"geometry":{"type":"LineString","coordinates":[[-122.977814,49.2639938],[-122.978223,49.2641392],[-122.9787356,49.2643056],[-122.9793241,49.2644578],[-122.9797577,49.2645404],[-122.9802027,49.2646064],[-122.9804387,49.2646259],[-122.9807722,49.264656],[-122.9815153,49.2647091],[-122.982099,49.2647544],[-122.9830258,49.2648241],[-122.9832048,49.2648347],[-122.983655,49.2648683],[-122.9841892,49.2648931],[-122.9845933,49.2649055],[-122.9852685,49.2649126],[-122.9857811,49.2649108],[-122.9864021,49.2649144],[-122.9873784,49.2649144],[-122.9906517,49.2649144]]}},{"type":"Feature","properties":{"type":"segment","id":"w556.0","kind":"main","lines":["millennium"],"from":"n2613","to":"n168","length":944.14,"osmWay":556,"name":"SkyTrain Millennium Line","layer":1,"bridge":true},"geometry":{"type":"LineString","coordinates":[[-122.9906564,49.2648754],[-122.9889225,49.264875],[-122.9874672,49.2648723],[-122.9853226,49.2648684],[-122.9847607,49.2648697],[-122.9842311,49.2648512],[-122.9836025,49.2648196],[-122.9832225,49.2647945],[-122.98211,49.2647152],[-122.9815347,49.2646718],[-122.9806271,49.2645967],[-122.9802593,49.2645597],[-122.9799298,49.2645136],[-122.9797903,49.2644885],[-122.9795296,49.2644344],[-122.9789515,49.264288],[-122.9785331,49.2641535],[-122.977882,49.2639159]]}},{"type":"Feature","properties":{"type":"segment","id":"w557.0","kind":"main","lines":["millennium"],"from":"n168","to":"n274","length":221.54,"osmWay":557,"name":"SkyTrain Millennium Line","layer":1,"bridge":true},"geometry":{"type":"LineString","coordinates":[[-122.977882,49.2639159],[-122.976908,49.2635665],[-122.9757295,49.2631497],[-122.975205,49.2629581]]}},{"type":"Feature","properties":{"type":"segment","id":"w558.0","kind":"main","lines":["millennium"],"from":"n274","to":"n4264","length":228.74,"osmWay":558,"name":"SkyTrain Millennium Line","layer":1,"bridge":true},"geometry":{"type":"LineString","coordinates":[[-122.975205,49.2629581],[-122.9742075,49.2626088],[-122.9724531,49.2619552]]}},{"type":"Feature","properties":{"type":"segment","id":"w559.0","kind":"main","lines":["millennium"],"from":"n4244","to":"n178","length":1358.22,"osmWay":559,"name":"SkyTrain Millennium Line","layer":2,"bridge":true},"geometry":{"type":"LineString","coordinates":[[-122.9906517,49.2649144],[-122.9913079,49.2649267],[-122.9917879,49.2649568],[-122.9921785,49.2650064],[-122.9926802,49.2651019],[-122.9930571,49.265194],[-122.9937107,49.2653922],[-122.9941012,49.2655231],[-122.99479,49.2657532],[-122.9951859,49.2658664],[-122.9957636,49.2660098],[-122.9961188,49.2660859],[-122.9966585,49.2661867],[-122.9970978,49.2662522],[-122.9975332,49.2662875],[-122.9981265,49.2663201],[-122.9987513,49.2663341],[-123.0010312,49.2663893],[-123.0016717,49.2664189],[-123.0023859,49.2664469],[-123.0037745,49.2664858],[-123.0060254,49.2665424],[-123.0067874,49.2665424],[-123.0077583,49.2665141],[-123.008967,49.2664514]]}},{"type":"Feature","properties":{"type":"segment","id":"w560.0","kind":"main","lines":["millennium"],"from":"n178","to":"n177","length":14.42,"osmWay":560,"name":"SkyTrain Millennium Line","layer":2,"bridge":true},"geometry":{"type":"LineString","coordinates":[[-123.008967,49.2664514],[-123.009165,49.26644]]}},{"type":"Feature","properties":{"type":"segment","id":"w561.0","kind":"main","lines":["millennium"],"from":"n177","to":"n4207","length":1458.35,"osmWay":561,"name":"SkyTrain Millennium Line","layer":2,"bridge":true},"geometry":{"type":"LineString","coordinates":[[-123.009165,49.26644],[-123.0097732,49.2664079],[-123.0105271,49.2663619],[-123.0108661,49.2663124],[-123.0112512,49.2662027],[-123.0117014,49.2660381],[-123.0119834,49.2658877],[-123.013501,49.2649843],[-123.0140474,49.2646467],[-123.0143182,49.2644699],[-123.0144485,49.2643463],[-123.0146248,49.2641711],[-123.0147034,49.2640755],[-123.0147495,49.2639888],[-123.0149882,49.2635145],[-123.0151346,49.2632756],[-123.0152241,49.2631411],[-123.0153516,49.2629765],[-123.0154872,49.2628686],[-123.0155875,49.2627907],[-123.0157584,49.2626845],[-123.0159048,49.2626137],[-123.0162329,49.2624881],[-123.0167102,49.262396],[-123.0171008,49.262373],[-123.0176974,49.2623783],[-123.0246164,49.2624879],[-123.0257512,49.2624948],[-123.0264084,49.2624944]]}},{"type":"Feature","properties":{"type":"segment","id":"w562.0","kind":"main","lines":["millennium"],"from":"n4264","to":"n4361","length":2800.85,"osmWay":562,"name":"SkyTrain Millennium Line","layer":2,"bridge":true},"geometry":{"type":"LineString","coordinates":[[-122.9724531,49.2619552],[-122.9713676,49.2615325],[-122.9707552,49.2613108],[-122.969886,49.2610101],[-122.969413,49.2608465],[-122.9685904,49.2605576],[-122.9681538,49.2603848],[-122.9677919,49.2602318],[-122.9675049,49.2601012],[-122.9664811,49.2596358],[-122.9663124,49.2595635],[-122.9660543,49.2594765],[-122.9657666,49.2593918],[-122.9653263,49.2593038],[-122.9649649,49.2592596],[-122.9639466,49.2591619],[-122.96307,49.2590675],[-122.961629,49.2589103],[-122.9592419,49.258666],[-122.9580392,49.2585683],[-122.9571418,49.2585222],[-122.955836,49.2584971],[-122.9544878,49.2584852],[-122.9542473,49.2584786],[-122.9538292,49.2584611],[-122.95336,49.2584048],[-122.9530911,49.258348],[-122.9529153,49.2583098],[-122.9522927,49.2581647],[-122.9519956,49.2580829],[-122.9503038,49.2575697],[-122.9490223,49.2571476],[-122.9474214,49.2566212],[-122.9462958,49.2562564],[-122.9450565,49.2558362],[-122.9432259,49.2552468],[-122.9426074,49.255058],[-122.9422996,49.2549802],[-122.9418397,49.2548847],[-122.9414979,49.2548344],[-122.9410938,49.2547921],[-122.9397425,49.2546635],[-122.9390127,49.2545929],[-122.937839,49.254486],[-122.9375392,49.2544602],[-122.9371845,49.2544345],[-122.9368125,49.2544149],[-122.9363264,49.2543992]]}},{"type":"Feature","properties":{"type":"segment","id":"w563.0","kind":"main","lines":["millennium"],"from":"n2266","to":"n2267","length":120.1,"osmWay":563,"name":"SkyTrain Millennium Line"},"geometry":{"type":"LineString","coordinates":[[-122.9346707,49.2544081],[-122.9363248,49.2544377]]}},{"type":"Feature","properties":{"type":"segment","id":"w564.0","kind":"main","lines":["millennium"],"from":"n4361","to":"n2401","length":120.1,"osmWay":564,"name":"SkyTrain Millennium Line"},"geometry":{"type":"LineString","coordinates":[[-122.9363264,49.2543992],[-122.9346723,49.2543696]]}},{"type":"Feature","properties":{"type":"segment","id":"w565.0","kind":"yard","lines":[],"from":"n3241","to":"n3242","length":79.45,"osmWay":565,"trackRef":"VS1","tunnel":true},"geometry":{"type":"LineString","coordinates":[[-122.8162194,49.2768772],[-122.8173141,49.2768984]]}},{"type":"Feature","properties":{"type":"segment","id":"w566.0","kind":"main","lines":["millennium"],"from":"n3032","to":"n3037","length":239.97,"osmWay":566,"name":"SkyTrain Millennium Line"},"geometry":{"type":"LineString","coordinates":[[-122.812394,49.276535],[-122.8107411,49.2765021],[-122.8100139,49.2764902],[-122.8090871,49.2764956]]}},{"type":"Feature","properties":{"type":"segment","id":"w567.0","kind":"main","lines":["millennium"],"from":"n2858","to":"n2530","length":240.15,"osmWay":567,"name":"SkyTrain Millennium Line"},"geometry":{"type":"LineString","coordinates":[[-122.8090871,49.2765389],[-122.8097355,49.2765346],[-122.8105041,49.2765372],[-122.8123966,49.2765743]]}},{"type":"Feature","properties":{"type":"segment","id":"w568.0","kind":"main","lines":["millennium"],"from":"n3065","to":"n4384","length":1001.26,"osmWay":568,"name":"SkyTrain Millennium Line","layer":2,"bridge":true},"geometry":{"type":"LineString","coordinates":[[-122.7982226,49.2755319],[-122.7980728,49.2757202],[-122.7979125,49.2758914],[-122.79671,49.2771353],[-122.7963738,49.2775205],[-122.7948543,49.2794337],[-122.7944505,49.2798783],[-122.7940182,49.2803533],[-122.7934428,49.2809836],[-122.793235,49.2812376],[-122.793158,49.281352],[-122.793089,49.2814677],[-122.7929926,49.2816797],[-122.7929313,49.2819081],[-122.792902,49.2821458],[-122.7929055,49.2824022],[-122.792941,49.2829341],[-122.7929351,49.2831781],[-122.7928835,49.2833914],[-122.7927691,49.2836227]]}},{"type":"Feature","properties":{"type":"segment","id":"w569.0","kind":"main","lines":["millennium"],"from":"n3571","to":"n2859","length":142.38,"osmWay":569,"name":"SkyTrain Millennium Line","layer":1,"bridge":true},"geometry":{"type":"LineString","coordinates":[[-122.7982801,49.2755471],[-122.7985891,49.2750929],[-122.7986722,49.2749872],[-122.79878,49.2748876],[-122.7989608,49.2747772],[-122.7991618,49.2747006],[-122.7993369,49.2746592],[-122.7994994,49.2746395]]}},{"type":"Feature","properties":{"type":"segment","id":"w570.0","kind":"main","lines":["millennium"],"from":"n4384","to":"n249","length":72.11,"osmWay":570,"name":"SkyTrain Millennium Line","layer":1,"bridge":true},"geometry":{"type":"LineString","coordinates":[[-122.7927691,49.2836227],[-122.792419,49.2842297]]}},{"type":"Feature","properties":{"type":"segment","id":"w571.0","kind":"main","lines":["millennium"],"from":"n214","to":"n248","length":151.99,"osmWay":571,"name":"SkyTrain Millennium Line","layer":1,"bridge":true},"geometry":{"type":"LineString","coordinates":[[-122.791991,49.2851221],[-122.792704,49.2838368]]}},{"type":"Feature","properties":{"type":"segment","id":"w572.0","kind":"main","lines":["millennium"],"from":"n248","to":"n3553","length":24.46,"osmWay":572,"name":"SkyTrain Millennium Line","layer":1,"bridge":true},"geometry":{"type":"LineString","coordinates":[[-122.792704,49.2838368],[-122.7928206,49.2836304]]}},{"type":"Feature","properties":{"type":"segment","id":"w573.0","kind":"main","lines":["millennium"],"from":"n116","to":"n275","length":197.4,"osmWay":573,"name":"SkyTrain Millennium Line","layer":1,"bridge":true},"geometry":{"type":"LineString","coordinates":[[-122.898356,49.2491805],[-122.898027,49.2490865],[-122.8977639,49.2490104],[-122.8975114,49.2489084],[-122.8967683,49.2485007],[-122.896155,49.2481603]]}},{"type":"Feature","properties":{"type":"segment","id":"w574.0","kind":"main","lines":["millennium"],"from":"n275","to":"n2754","length":124.92,"osmWay":574,"name":"SkyTrain Millennium Line","layer":1,"bridge":true},"geometry":{"type":"LineString","coordinates":[[-122.896155,49.2481603],[-122.8948442,49.2474324]]}},{"type":"Feature","properties":{"type":"segment","id":"w575.0","kind":"main","lines":["expo"],"from":"n4395","to":"n129","length":325.44,"osmWay":575,"name":"SkyTrain Expo Line","maxspeed":90,"layer":3,"bridge":true},"geometry":{"type":"LineString","coordinates":[[-122.86893,49.2052515],[-122.8695147,49.2051101],[-122.8699264,49.2050231],[-122.8705327,49.2049136],[-122.8710143,49.2048393],[-122.8713985,49.2047906],[-122.8724026,49.2046758],[-122.873277,49.2045718]]}},{"type":"Feature","properties":{"type":"segment","id":"w576.0","kind":"main","lines":["expo"],"from":"n129","to":"n137","length":252.55,"osmWay":576,"name":"SkyTrain Expo Line","maxspeed":90,"layer":3,"bridge":true},"geometry":{"type":"LineString","coordinates":[[-122.873277,49.2045718],[-122.874137,49.2044712],[-122.8747389,49.2044009],[-122.8755973,49.2043006],[-122.8761881,49.2042279],[-122.876697,49.2041651]]}},{"type":"Feature","properties":{"type":"segment","id":"w577.0","kind":"main","lines":["expo"],"from":"n137","to":"n1704","length":1096.89,"osmWay":577,"name":"SkyTrain Expo Line","maxspeed":90,"layer":3,"bridge":true},"geometry":{"type":"LineString","coordinates":[[-122.876697,49.2041651],[-122.8776097,49.2040618],[-122.8787226,49.2039359],[-122.8793924,49.2038561],[-122.8804306,49.2037217],[-122.8812055,49.2036265],[-122.8819271,49.2035424],[-122.8826218,49.2034618],[-122.8835927,49.2033567],[-122.8841604,49.2033104],[-122.8847338,49.2032881],[-122.8855762,49.2032902],[-122.8865605,49.2033362],[-122.8878265,49.203472],[-122.8885723,49.2035915],[-122.8891137,49.2037025],[-122.8897222,49.203847],[-122.8905033,49.2040298],[-122.8914546,49.2042714]]}},{"type":"Feature","properties":{"type":"segment","id":"w578.0","kind":"main","lines":["expo"],"from":"n509","to":"n136","length":916.1,"osmWay":578,"name":"SkyTrain Expo Line","maxspeed":90,"layer":3,"bridge":true},"geometry":{"type":"LineString","coordinates":[[-122.8914795,49.2042261],[-122.8905202,49.2040011],[-122.8897436,49.2038146],[-122.8891237,49.2036692],[-122.8885845,49.2035629],[-122.8878431,49.2034448],[-122.8865661,49.203307],[-122.8855765,49.203261],[-122.8847258,49.2032589],[-122.8841468,49.203277],[-122.8835688,49.2033191],[-122.8829939,49.2033747],[-122.8821472,49.2034741],[-122.8811327,49.2035943],[-122.8804796,49.2036719],[-122.8798362,49.2037428],[-122.879153,49.203809]]}},{"type":"Feature","properties":{"type":"segment","id":"w579.0","kind":"main","lines":["expo"],"from":"n136","to":"n130","length":522.07,"osmWay":579,"name":"SkyTrain Expo Line","maxspeed":90,"layer":3,"bridge":true},"geometry":{"type":"LineString","coordinates":[[-122.879153,49.203809],[-122.8773424,49.2040208],[-122.8749265,49.204293],[-122.87412,49.2043891],[-122.872077,49.2046273]]}},{"type":"Feature","properties":{"type":"segment","id":"w580.0","kind":"main","lines":["expo"],"from":"n130","to":"n510","length":240.15,"osmWay":580,"name":"SkyTrain Expo Line","maxspeed":90,"layer":3,"bridge":true},"geometry":{"type":"LineString","coordinates":[[-122.872077,49.2046273],[-122.871431,49.2047021],[-122.8708792,49.2047853],[-122.870456,49.204862],[-122.8697328,49.2050153],[-122.8693869,49.2050976],[-122.8689062,49.2052194]]}},{"type":"Feature","properties":{"type":"segment","id":"w581.0","kind":"yard","lines":[],"from":"n232","to":"n260","length":19.95,"osmWay":581},"geometry":{"type":"LineString","coordinates":[[-122.8191252,49.2767694],[-122.8191937,49.2767744],[-122.8192442,49.2767799],[-122.8192912,49.2767863],[-122.8193935,49.2768064]]}},{"type":"Feature","properties":{"type":"segment","id":"w582.0","kind":"main","lines":["canada"],"from":"n4449","to":"n2449","length":44.01,"osmWay":582,"name":"SkyTrain Canada Line","layer":-3,"tunnel":true},"geometry":{"type":"LineString","coordinates":[[-123.1467825,49.1965973],[-123.146405,49.1966633],[-123.1461966,49.1966977]]}},{"type":"Feature","properties":{"type":"segment","id":"w583.0","kind":"main","lines":["canada"],"from":"n183","to":"n4449","length":258.29,"osmWay":583,"name":"SkyTrain Canada Line"},"geometry":{"type":"LineString","coordinates":[[-123.149843,49.1955101],[-123.1493073,49.1958128],[-123.1488869,49.1960503],[-123.1487305,49.1961316],[-123.1485755,49.1962005],[-123.1484223,49.1962622],[-123.1482655,49.1963157],[-123.1480975,49.1963631],[-123.1479071,49.1964062],[-123.1477199,49.1964409],[-123.1467825,49.1965973]]}},{"type":"Feature","properties":{"type":"segment","id":"w584.0","kind":"main","lines":["canada"],"from":"n4460","to":"n699","length":43.9,"osmWay":584,"name":"SkyTrain Canada Line","layer":-3,"tunnel":true},"geometry":{"type":"LineString","coordinates":[[-123.1462128,49.1967365],[-123.14642,49.1967024],[-123.146798,49.1966384]]}},{"type":"Feature","properties":{"type":"segment","id":"w585.0","kind":"main","lines":["canada"],"from":"n1685","to":"n185","length":169.47,"osmWay":585,"name":"SkyTrain Canada Line"},"geometry":{"type":"LineString","coordinates":[[-123.1417883,49.1965235],[-123.1440837,49.1967935]]}},{"type":"Feature","properties":{"type":"segment","id":"w586.0","kind":"main","lines":["canada"],"from":"n185","to":"n4460","length":157.08,"osmWay":586,"name":"SkyTrain Canada Line"},"geometry":{"type":"LineString","coordinates":[[-123.1440837,49.1967935],[-123.1443763,49.1968273],[-123.1445668,49.1968493],[-123.1447746,49.1968668],[-123.144967,49.1968738],[-123.1451421,49.1968742],[-123.1453087,49.1968673],[-123.1455022,49.1968501],[-123.1456643,49.1968284],[-123.1458489,49.1967992],[-123.1462128,49.1967365]]}},{"type":"Feature","properties":{"type":"segment","id":"w587.0","kind":"main","lines":["expo"],"from":"n1579","to":"n276","length":275.23,"osmWay":587,"name":"SkyTrain Expo Line","layer":1,"bridge":true},"geometry":{"type":"LineString","coordinates":[[-122.8928274,49.2454187],[-122.8928374,49.2456539],[-122.8928637,49.2458248],[-122.8928992,49.2459448],[-122.8929832,49.2461242],[-122.893127,49.2463124],[-122.8932765,49.2464524],[-122.8936468,49.2466712],[-122.8940534,49.246893],[-122.8947167,49.2472592],[-122.894873,49.2473526]]}},{"type":"Feature","properties":{"type":"segment","id":"w588.0","kind":"main","lines":["expo","millennium"],"from":"n1551","to":"n2716","length":747.28,"osmWay":588,"name":"SkyTrain Expo and Millennium Lines","layer":2,"bridge":true},"geometry":{"type":"LineString","coordinates":[[-122.9081029,49.2519294],[-122.9088163,49.2520712],[-122.9092598,49.2521558],[-122.9098168,49.2522463],[-122.9103354,49.2523203],[-122.9121593,49.2525917],[-122.9132858,49.2527458],[-122.9145812,49.2529185],[-122.9154939,49.2530538],[-122.9158998,49.2531206],[-122.9165609,49.2532443],[-122.9172889,49.2533526],[-122.918123,49.2534613]]}},{"type":"Feature","properties":{"type":"segment","id":"w589.0","kind":"main","lines":["expo","millennium"],"from":"n2744","to":"n2704","length":745.87,"osmWay":589,"name":"SkyTrain Expo and Millennium Lines","layer":2,"bridge":true},"geometry":{"type":"LineString","coordinates":[[-122.9181633,49.2533813],[-122.9172322,49.2532512],[-122.9156681,49.2530299],[-122.914591,49.2528741],[-122.9131067,49.2526791],[-122.9121753,49.2525422],[-122.9108694,49.2523466],[-122.9099843,49.2522212],[-122.9093314,49.2521127],[-122.9086,49.2519813],[-122.9081512,49.2518816]]}},{"type":"Feature","properties":{"type":"segment","id":"w590.0","kind":"yard","lines":[],"from":"n26","to":"n52","length":19.55,"osmWay":590,"trackRef":"YRA"},"geometry":{"type":"LineString","coordinates":[[-122.9575285,49.2059101],[-122.9576434,49.2057511]]}},{"type":"Feature","properties":{"type":"segment","id":"w591.0","kind":"main","lines":["millennium"],"from":"n2540","to":"n4500","length":95.85,"osmWay":591,"name":"SkyTrain Millennium Line"},"geometry":{"type":"LineString","coordinates":[[-122.8852385,49.2657647],[-122.8861079,49.2651157]]}},{"type":"Feature","properties":{"type":"segment","id":"w592.0","kind":"main","lines":["millennium"],"from":"n4501","to":"n2984","length":96.19,"osmWay":592,"name":"SkyTrain Millennium Line"},"geometry":{"type":"LineString","coordinates":[[-122.8860593,49.2650874],[-122.8851824,49.2657362]]}},{"type":"Feature","properties":{"type":"segment","id":"w593.0","kind":"main","lines":["millennium"],"from":"n4500","to":"n1367","length":39.45,"osmWay":593,"name":"SkyTrain Millennium Line"},"geometry":{"type":"LineString","coordinates":[[-122.8861079,49.2651157],[-122.8864552,49.2648427]]}},{"type":"Feature","properties":{"type":"segment","id":"w594.0","kind":"main","lines":["millennium"],"from":"n2983","to":"n4501","length":39.59,"osmWay":594,"name":"SkyTrain Millennium Line"},"geometry":{"type":"LineString","coordinates":[[-122.8864053,49.2648121],[-122.8862607,49.2649298],[-122.8860593,49.2650874]]}},{"type":"Feature","properties":{"type":"segment","id":"w595.0","kind":"siding","lines":["millennium"],"from":"n166","to":"n274","length":47.35,"osmWay":595,"layer":1,"bridge":true},"geometry":{"type":"LineString","coordinates":[[-122.975738,49.2632037],[-122.975205,49.2629581]]}},{"type":"Feature","properties":{"type":"segment","id":"w596.0","kind":"siding","lines":["millennium"],"from":"n273","to":"n165","length":41.8,"osmWay":596,"layer":1,"bridge":true},"geometry":{"type":"LineString","coordinates":[[-122.977814,49.2639938],[-122.977344,49.2637765]]}},{"type":"Feature","properties":{"type":"segment","id":"w597.0","kind":"crossover","lines":["expo","millennium"],"from":"n275","to":"n115","length":34.1,"osmWay":597,"layer":1,"bridge":true},"geometry":{"type":"LineString","coordinates":[[-122.896155,49.2481603],[-122.895833,49.247937]]}},{"type":"Feature","properties":{"type":"segment","id":"w598.0","kind":"yard","lines":[],"from":"n4503","to":"n68","length":20.96,"osmWay":598,"maxspeed":15},"geometry":{"type":"LineString","coordinates":[[-122.9550773,49.2064789],[-122.955052,49.2065603],[-122.9550174,49.2066633]]}},{"type":"Feature","properties":{"type":"segment","id":"w599.0","kind":"siding","lines":["expo"],"from":"n152","to":"n277","length":42.21,"osmWay":599},"geometry":{"type":"LineString","coordinates":[[-123.061347,49.2505647],[-123.06089,49.2503299]]}},{"type":"Feature","properties":{"type":"segment","id":"w600.0","kind":"siding","lines":["expo"],"from":"n278","to":"n151","length":41.52,"osmWay":600},"geometry":{"type":"LineString","coordinates":[[-123.063326,49.2514444],[-123.062878,49.2512122]]}},{"type":"Feature","properties":{"type":"segment","id":"w601.0","kind":"yard","lines":[],"from":"n64","to":"n851","length":42.09,"osmWay":601,"trackRef":"M4","maxspeed":15},"geometry":{"type":"LineString","coordinates":[[-122.9576746,49.2051657],[-122.9574182,49.2055051]]}},{"type":"Feature","properties":{"type":"segment","id":"w602.0","kind":"yard","lines":[],"from":"n804","to":"n57","length":41.3,"osmWay":602,"trackRef":"M2","maxspeed":15},"geometry":{"type":"LineString","coordinates":[[-122.9572374,49.2054472],[-122.957489,49.2051141]]}},{"type":"Feature","properties":{"type":"segment","id":"w603.0","kind":"yard","lines":[],"from":"n3271","to":"n46","length":0.93,"osmWay":603,"maxspeed":15},"geometry":{"type":"LineString","coordinates":[[-122.9561292,49.2050544],[-122.9561346,49.2050468]]}},{"type":"Feature","properties":{"type":"segment","id":"w604.0","kind":"yard","lines":[],"from":"n46","to":"n906","length":20,"osmWay":604,"maxspeed":15},"geometry":{"type":"LineString","coordinates":[[-122.9561346,49.2050468],[-122.9561676,49.2050116],[-122.9561896,49.20499],[-122.9562158,49.2049682],[-122.9563009,49.204904]]}},{"type":"Feature","properties":{"type":"segment","id":"w605.0","kind":"yard","lines":[],"from":"n47","to":"n4503","length":11.23,"osmWay":605,"maxspeed":15},"geometry":{"type":"LineString","coordinates":[[-122.9551279,49.2063836],[-122.9551023,49.2064241],[-122.9550872,49.2064538],[-122.9550773,49.2064789]]}},{"type":"Feature","properties":{"type":"segment","id":"w606.0","kind":"yard","lines":[],"from":"n23","to":"n45","length":24.76,"osmWay":606,"maxspeed":15},"geometry":{"type":"LineString","coordinates":[[-122.956177,49.2048954],[-122.9563982,49.204726]]}},{"type":"Feature","properties":{"type":"segment","id":"w607.0","kind":"yard","lines":[],"from":"n31","to":"n19","length":32.48,"osmWay":607,"maxspeed":15},"geometry":{"type":"LineString","coordinates":[[-122.9550093,49.2070516],[-122.9551328,49.2072189],[-122.955219,49.2073091]]}},{"type":"Feature","properties":{"type":"segment","id":"w608.0","kind":"siding","lines":["expo"],"from":"n108","to":"n148","length":40.26,"osmWay":608,"maxspeed":15,"layer":2,"bridge":true},"geometry":{"type":"LineString","coordinates":[[-123.002459,49.2250887],[-123.001992,49.2248935]]}},{"type":"Feature","properties":{"type":"segment","id":"w609.0","kind":"siding","lines":["expo"],"from":"n149","to":"n144","length":42.52,"osmWay":609,"maxspeed":15,"layer":2,"bridge":true},"geometry":{"type":"LineString","coordinates":[[-123.000479,49.2241337],[-122.999983,49.2239305]]}},{"type":"Feature","properties":{"type":"segment","id":"w610.0","kind":"main","lines":["expo"],"from":"n335","to":"n4515","length":87.45,"osmWay":610,"name":"SkyTrain Expo Line","maxspeed":60,"layer":-2,"tunnel":true},"geometry":{"type":"LineString","coordinates":[[-123.117876,49.2880462],[-123.1181613,49.2880823],[-123.1183933,49.2880971],[-123.1186408,49.2881042],[-123.1188565,49.2881016],[-123.1190749,49.2880962]]}},{"type":"Feature","properties":{"type":"segment","id":"w611.0","kind":"main","lines":["expo"],"from":"n4516","to":"n1587","length":87.07,"osmWay":611,"name":"SkyTrain Expo Line","maxspeed":60,"layer":-1,"tunnel":true},"geometry":{"type":"LineString","coordinates":[[-123.119072,49.2880823],[-123.1188557,49.2880894],[-123.1186387,49.2880925],[-123.1183978,49.2880838],[-123.1181596,49.2880682],[-123.1178808,49.288026]]}},{"type":"Feature","properties":{"type":"segment","id":"w612.0","kind":"yard","lines":[],"from":"n3450","to":"n56","length":24.54,"osmWay":612,"trackRef":"S12","maxspeed":15},"geometry":{"type":"LineString","coordinates":[[-122.9582458,49.2047747],[-122.958253,49.2048009],[-122.9582592,49.2048284],[-122.9582592,49.2048811],[-122.9582408,49.2049345],[-122.9582097,49.2049897]]}},{"type":"Feature","properties":{"type":"segment","id":"w613.0","kind":"yard","lines":[],"from":"n72","to":"n67","length":87.96,"osmWay":613,"maxspeed":15},"geometry":{"type":"LineString","coordinates":[[-122.9560485,49.2070286],[-122.9560213,49.207066],[-122.9559908,49.2071001],[-122.955961,49.2071262],[-122.9559253,49.2071506],[-122.9558829,49.2071742],[-122.9558418,49.2071941],[-122.9557901,49.2072114],[-122.9557347,49.2072264],[-122.9556822,49.2072346],[-122.9556243,49.2072396],[-122.9555628,49.2072395],[-122.9555158,49.2072354],[-122.9554608,49.2072275],[-122.9554073,49.2072155],[-122.9553519,49.2071981],[-122.9553086,49.2071792],[-122.9552658,49.2071564],[-122.9552253,49.2071288],[-122.955181,49.2070948],[-122.9551529,49.2070685],[-122.9551102,49.207023]]}},{"type":"Feature","properties":{"type":"segment","id":"w614.0","kind":"main","lines":["millennium"],"from":"n1404","to":"n4545","length":33.47,"osmWay":614,"name":"SkyTrain Millennium Line","layer":1,"bridge":true},"geometry":{"type":"LineString","coordinates":[[-122.8441818,49.2779863],[-122.8446431,49.2779919]]}},{"type":"Feature","properties":{"type":"segment","id":"w615.0","kind":"main","lines":["millennium"],"from":"n4545","to":"n3589","length":16.59,"osmWay":615,"name":"SkyTrain Millennium Line"},"geometry":{"type":"LineString","coordinates":[[-122.8446431,49.2779919],[-122.8448717,49.2779947]]}},{"type":"Feature","properties":{"type":"segment","id":"w616.0","kind":"main","lines":["millennium"],"from":"n3574","to":"n4546","length":16.8,"osmWay":616,"name":"SkyTrain Millennium Line"},"geometry":{"type":"LineString","coordinates":[[-122.8448746,49.2778863],[-122.8446431,49.2778833]]}},{"type":"Feature","properties":{"type":"segment","id":"w617.0","kind":"main","lines":["millennium"],"from":"n4546","to":"n3575","length":33.14,"osmWay":617,"name":"SkyTrain Millennium Line","layer":1,"bridge":true},"geometry":{"type":"LineString","coordinates":[[-122.8446431,49.2778833],[-122.8445895,49.2778826],[-122.8442687,49.2778784],[-122.8441864,49.2778779]]}},{"type":"Feature","properties":{"type":"segment","id":"w618.0","kind":"main","lines":["expo"],"from":"n4549","to":"n2006","length":22.35,"osmWay":618,"name":"SkyTrain Expo Line","maxspeed":90},"geometry":{"type":"LineString","coordinates":[[-123.0463078,49.2444097],[-123.0465683,49.2445169]]}},{"type":"Feature","properties":{"type":"segment","id":"w619.0","kind":"main","lines":["expo"],"from":"n2005","to":"n4549","length":23.21,"osmWay":619,"name":"SkyTrain Expo Line","maxspeed":90},"geometry":{"type":"LineString","coordinates":[[-123.0460383,49.2442974],[-123.0463078,49.2444097]]}},{"type":"Feature","properties":{"type":"segment","id":"w620.0","kind":"main","lines":["expo"],"from":"n1506","to":"n4550","length":22.13,"osmWay":620,"name":"SkyTrain Expo Line","maxspeed":90},"geometry":{"type":"LineString","coordinates":[[-123.0466378,49.2444437],[-123.0463805,49.244337]]}},{"type":"Feature","properties":{"type":"segment","id":"w621.0","kind":"main","lines":["expo"],"from":"n4550","to":"n1326","length":23.31,"osmWay":621,"name":"SkyTrain Expo Line","maxspeed":90},"geometry":{"type":"LineString","coordinates":[[-123.0463805,49.244337],[-123.0461076,49.2442265]]}},{"type":"Feature","properties":{"type":"segment","id":"w622.0","kind":"main","lines":["expo"],"from":"n1781","to":"n4395","length":1883.01,"osmWay":622,"name":"SkyTrain Expo Line","maxspeed":90,"layer":2,"bridge":true},"geometry":{"type":"LineString","coordinates":[[-122.8505509,49.1994036],[-122.8505452,49.2001845],[-122.850564,49.2007173],[-122.8505991,49.2011054],[-122.8506123,49.2013132],[-122.8506498,49.2014902],[-122.8507088,49.2017233],[-122.8507571,49.2018389],[-122.8508135,49.2019792],[-122.850902,49.2021491],[-122.8509985,49.2022876],[-122.8512292,49.202547],[-122.851417,49.20271],[-122.851948,49.2031323],[-122.8526266,49.2035845],[-122.8541879,49.2046017],[-122.8549926,49.2051414],[-122.8559097,49.2057452],[-122.8564303,49.2060737],[-122.8567063,49.2062464],[-122.8570952,49.2064637],[-122.8572913,49.2065539],[-122.8577231,49.2067151],[-122.8580018,49.2068159],[-122.8583561,49.2069201],[-122.8587126,49.2069894],[-122.8589293,49.2070374],[-122.8591911,49.2070804],[-122.8595467,49.2071226],[-122.8599142,49.2071454],[-122.8602567,49.2071625],[-122.8606303,49.2071646],[-122.8610434,49.2071489],[-122.8613787,49.2071068],[-122.8617264,49.2070601],[-122.8623094,49.2069425],[-122.8629639,49.2067914],[-122.863743,49.206588],[-122.8660927,49.2059861],[-122.8673415,49.2056603],[-122.86893,49.2052515]]}},{"type":"Feature","properties":{"type":"segment","id":"w623.0","kind":"main","lines":["expo"],"from":"n1879","to":"n1782","length":874.95,"osmWay":623,"name":"SkyTrain Expo Line","maxspeed":90,"layer":1,"bridge":true},"geometry":{"type":"LineString","coordinates":[[-122.9494404,49.199967],[-122.9501146,49.1998003],[-122.9503702,49.1997423],[-122.9506061,49.1996969],[-122.9507946,49.1996612],[-122.9510074,49.1996272],[-122.9515568,49.199566],[-122.9520293,49.1995361],[-122.9523351,49.1995238],[-122.9527785,49.1995203],[-122.9531977,49.1995333],[-122.9537459,49.1995799],[-122.9541161,49.1996219],[-122.9545533,49.1997043],[-122.9551702,49.1998463],[-122.9555057,49.1999487],[-122.9557417,49.2000381],[-122.9560529,49.2001538],[-122.9563235,49.2002757],[-122.9566108,49.2004026],[-122.9568361,49.2005165],[-122.9570772,49.2006735],[-122.9573106,49.200826],[-122.957501,49.2009697],[-122.9576837,49.2011212],[-122.9580592,49.201484],[-122.9582547,49.2017145],[-122.9583943,49.2019234],[-122.958496,49.2021131],[-122.9585524,49.2022525],[-122.9586114,49.2024085],[-122.958668,49.2027037],[-122.9586903,49.2028863]]}},{"type":"Feature","properties":{"type":"segment","id":"w624.0","kind":"main","lines":["expo"],"from":"n656","to":"n568","length":546.13,"osmWay":624,"name":"SkyTrain Expo Line","maxspeed":85,"layer":1,"bridge":true},"geometry":{"type":"LineString","coordinates":[[-122.9494224,49.1999376],[-122.9488781,49.200076],[-122.9481213,49.2002676],[-122.9474457,49.2004337],[-122.9460667,49.2007833],[-122.9455691,49.2008745],[-122.9450285,49.2009611],[-122.9444927,49.2010237],[-122.9423868,49.2012294],[-122.9422167,49.20125]]}},{"type":"Feature","properties":{"type":"segment","id":"w625.0","kind":"main","lines":["expo"],"from":"n1612","to":"n4516","length":312.08,"osmWay":625,"name":"SkyTrain Expo Line","maxspeed":60,"layer":-2,"tunnel":true},"geometry":{"type":"LineString","coordinates":[[-123.1201079,49.2859608],[-123.1203557,49.2861211],[-123.1204915,49.2862614],[-123.120592,49.2864039],[-123.1206523,49.2865478],[-123.1206742,49.2866636],[-123.1206854,49.2867824],[-123.1206874,49.2868971],[-123.1206718,49.2870232],[-123.1206462,49.2871388],[-123.1206059,49.287244],[-123.1205095,49.287416],[-123.1203666,49.287591],[-123.1201468,49.2877632],[-123.1199876,49.2878716],[-123.1198176,49.2879576],[-123.1196289,49.2880192],[-123.1194351,49.2880582],[-123.1192387,49.2880821],[-123.119072,49.2880823]]}},{"type":"Feature","properties":{"type":"segment","id":"w626.0","kind":"main","lines":["expo"],"from":"n4515","to":"n3146","length":313.8,"osmWay":626,"name":"SkyTrain Expo Line","maxspeed":60,"layer":-3,"tunnel":true},"geometry":{"type":"LineString","coordinates":[[-123.1190749,49.2880962],[-123.1192403,49.2880871],[-123.119438,49.2880651],[-123.1196328,49.288022],[-123.1198231,49.2879598],[-123.1199904,49.2878762],[-123.1201605,49.2877722],[-123.1203829,49.2875978],[-123.1205259,49.2874216],[-123.1206211,49.2872457],[-123.1206586,49.287142],[-123.1206872,49.2870268],[-123.120701,49.2869005],[-123.1207006,49.2867742],[-123.1206873,49.2866619],[-123.1206648,49.2865515],[-123.120606,49.2864051],[-123.120502,49.2862628],[-123.1203609,49.2861193],[-123.1201135,49.2859582]]}},{"type":"Feature","properties":{"type":"segment","id":"w627.0","kind":"main","lines":["expo"],"from":"n4120","to":"n4070","length":107.32,"osmWay":627,"name":"SkyTrain Expo Line","maxspeed":35,"layer":1,"bridge":true},"geometry":{"type":"LineString","coordinates":[[-123.1022689,49.2740223],[-123.1022578,49.2739603],[-123.1022457,49.2739012],[-123.1022376,49.2738693],[-123.10223,49.2738413],[-123.1022189,49.2738054],[-123.1022099,49.2737788],[-123.1021972,49.2737503],[-123.1021808,49.2737173],[-123.1021616,49.2736868],[-123.1021426,49.2736557],[-123.1021237,49.2736292],[-123.102101,49.2736029],[-123.1020764,49.2735735],[-123.1020464,49.2735455],[-123.1020177,49.2735216],[-123.1019786,49.2734923],[-123.1019112,49.2734494],[-123.1018768,49.2734288],[-123.10182,49.2734001],[-123.1017481,49.2733707],[-123.1016684,49.2733422],[-123.1015802,49.2733165],[-123.1014919,49.2732965],[-123.1014715,49.2732923]]}},{"type":"Feature","properties":{"type":"segment","id":"w628.0","kind":"main","lines":["expo"],"from":"n4069","to":"n4023","length":98.19,"osmWay":628,"name":"SkyTrain Expo Line","maxspeed":35,"layer":1,"bridge":true},"geometry":{"type":"LineString","coordinates":[[-123.1014663,49.2733798],[-123.1014808,49.2733829],[-123.101562,49.2734021],[-123.101615,49.2734173],[-123.1016508,49.2734284],[-123.1016913,49.2734433],[-123.1017276,49.2734575],[-123.1017707,49.2734767],[-123.1018161,49.273499],[-123.1018628,49.2735248],[-123.1018983,49.2735474],[-123.1019284,49.2735677],[-123.1019676,49.2735973],[-123.1020039,49.2736276],[-123.1020366,49.2736576],[-123.1020547,49.2736781],[-123.1020748,49.2737015],[-123.102093,49.2737271],[-123.1021208,49.2737658],[-123.1021367,49.2737926],[-123.1021504,49.2738203],[-123.1021618,49.273846],[-123.1021739,49.273878],[-123.1021884,49.2739253],[-123.1022045,49.2739812],[-123.1022171,49.2740457]]}},{"type":"Feature","properties":{"type":"segment","id":"w629.0","kind":"main","lines":["expo"],"from":"n2175","to":"n3995","length":135.99,"osmWay":629,"name":"SkyTrain Expo Line","maxspeed":45,"layer":2,"bridge":true},"geometry":{"type":"LineString","coordinates":[[-123.0705385,49.2638723],[-123.0703327,49.2638063],[-123.0702003,49.2637615],[-123.0700699,49.2637157],[-123.0699621,49.2636744],[-123.0698618,49.2636305],[-123.0697895,49.2635931],[-123.0697011,49.2635443],[-123.0696521,49.2635133],[-123.0695952,49.2634755],[-123.0695201,49.2634161],[-123.0694554,49.2633583],[-123.0694063,49.2633018],[-123.0693482,49.263222],[-123.0693063,49.2631519],[-123.069278,49.2630915],[-123.0692589,49.2630478]]}},{"type":"Feature","properties":{"type":"segment","id":"w630.0","kind":"main","lines":["expo"],"from":"n3912","to":"n2014","length":185.58,"osmWay":630,"name":"SkyTrain Expo Line","maxspeed":45,"layer":2,"bridge":true},"geometry":{"type":"LineString","coordinates":[[-123.0690353,49.2626539],[-123.0690455,49.2628222],[-123.0690659,49.2629744],[-123.0691169,49.2631275],[-123.0692073,49.263275],[-123.0693632,49.2634385],[-123.0696154,49.2636059],[-123.0697174,49.2636507],[-123.0704257,49.2638989]]}},{"type":"Feature","properties":{"type":"segment","id":"w631.0","kind":"main","lines":["expo"],"from":"n1442","to":"n145","length":167.35,"osmWay":631,"name":"SkyTrain Expo Line","maxspeed":60,"layer":2,"bridge":true},"geometry":{"type":"LineString","coordinates":[[-123.0018739,49.2247871],[-123.000052,49.2238656]]}},{"type":"Feature","properties":{"type":"segment","id":"w632.0","kind":"main","lines":["expo"],"from":"n144","to":"n150","length":221.34,"osmWay":632,"name":"SkyTrain Expo Line","maxspeed":60,"layer":2,"bridge":true},"geometry":{"type":"LineString","coordinates":[[-122.999983,49.2239305],[-123.0018103,49.2248448],[-123.002394,49.2251481]]}},{"type":"Feature","properties":{"type":"segment","id":"w633.0","kind":"main","lines":["expo"],"from":"n150","to":"n4735","length":12.14,"osmWay":633,"name":"SkyTrain Expo Line","maxspeed":60,"layer":2,"bridge":true},"geometry":{"type":"LineString","coordinates":[[-123.002394,49.2251481],[-123.0025241,49.2252166]]}},{"type":"Feature","properties":{"type":"segment","id":"w634.0","kind":"main","lines":["expo"],"from":"n4735","to":"n3928","length":352.32,"osmWay":634,"name":"SkyTrain Expo Line","maxspeed":60,"layer":2,"bridge":true},"geometry":{"type":"LineString","coordinates":[[-123.0025241,49.2252166],[-123.0027888,49.225351],[-123.0030306,49.225472],[-123.003227,49.2255655],[-123.0037443,49.2258061],[-123.0038325,49.2258471],[-123.0040605,49.2259503],[-123.0045997,49.2261906],[-123.0049876,49.2263662],[-123.0059654,49.2267628],[-123.0065246,49.2270064]]}},{"type":"Feature","properties":{"type":"segment","id":"w635.0","kind":"main","lines":["expo"],"from":"n4745","to":"n4751","length":370.08,"osmWay":635,"name":"SkyTrain Expo Line","maxspeed":90,"layer":2,"bridge":true},"geometry":{"type":"LineString","coordinates":[[-123.0559013,49.2483401],[-123.0563077,49.2485094],[-123.0570898,49.2488343],[-123.0585215,49.2494316],[-123.0591789,49.2497058],[-123.0596772,49.249905],[-123.0602024,49.2501272]]}},{"type":"Feature","properties":{"type":"segment","id":"w636.0","kind":"main","lines":["expo"],"from":"n4752","to":"n4757","length":370.33,"osmWay":636,"name":"SkyTrain Expo Line","maxspeed":90,"layer":2,"bridge":true},"geometry":{"type":"LineString","coordinates":[[-123.0602548,49.2500732],[-123.0594556,49.2497628],[-123.0586558,49.2494475],[-123.0566149,49.2485939],[-123.0559883,49.2483339],[-123.0559279,49.2483091]]}},{"type":"Feature","properties":{"type":"segment","id":"w637.0","kind":"main","lines":["expo"],"from":"n328","to":"n154","length":10.04,"osmWay":637,"name":"SkyTrain Expo Line","maxspeed":90},"geometry":{"type":"LineString","coordinates":[[-123.0634974,49.25143],[-123.063381,49.2513813]]}},{"type":"Feature","properties":{"type":"segment","id":"w638.0","kind":"main","lines":["expo"],"from":"n154","to":"n277","length":215.31,"osmWay":638,"name":"SkyTrain Expo Line","maxspeed":90},"geometry":{"type":"LineString","coordinates":[[-123.063381,49.2513813],[-123.0624499,49.2509897],[-123.0617303,49.2506855],[-123.06089,49.2503299]]}},{"type":"Feature","properties":{"type":"segment","id":"w639.0","kind":"main","lines":["expo"],"from":"n277","to":"n4752","length":54.23,"osmWay":639,"name":"SkyTrain Expo Line","maxspeed":90},"geometry":{"type":"LineString","coordinates":[[-123.06089,49.2503299],[-123.0602548,49.2500732]]}},{"type":"Feature","properties":{"type":"segment","id":"w640.0","kind":"main","lines":["expo"],"from":"n4751","to":"n153","length":54.63,"osmWay":640,"name":"SkyTrain Expo Line","maxspeed":90},"geometry":{"type":"LineString","coordinates":[[-123.0602024,49.2501272],[-123.060834,49.2503944]]}},{"type":"Feature","properties":{"type":"segment","id":"w641.0","kind":"main","lines":["expo"],"from":"n153","to":"n278","length":215.29,"osmWay":641,"name":"SkyTrain Expo Line","maxspeed":90},"geometry":{"type":"LineString","coordinates":[[-123.060834,49.2503944],[-123.062406,49.2510664],[-123.063326,49.2514444]]}},{"type":"Feature","properties":{"type":"segment","id":"w642.0","kind":"main","lines":["expo"],"from":"n278","to":"n4000","length":9.63,"osmWay":642,"name":"SkyTrain Expo Line","maxspeed":90},"geometry":{"type":"LineString","coordinates":[[-123.063326,49.2514444],[-123.0634378,49.251491]]}},{"type":"Feature","properties":{"type":"segment","id":"w643.0","kind":"yard","lines":[],"from":"n94","to":"n78","length":15.55,"osmWay":643},"geometry":{"type":"LineString","coordinates":[[-123.1233879,49.1979252],[-123.1235705,49.1978522]]}},{"type":"Feature","properties":{"type":"segment","id":"w644.0","kind":"yard","lines":[],"from":"n78","to":"n90","length":20.38,"osmWay":644},"geometry":{"type":"LineString","coordinates":[[-123.1235705,49.1978522],[-123.1238093,49.1977561]]}},{"type":"Feature","properties":{"type":"segment","id":"w645.0","kind":"yard","lines":[],"from":"n279","to":"n4765","length":217.27,"osmWay":645,"trackRef":"SL3"},"geometry":{"type":"LineString","coordinates":[[-123.1226507,49.1980242],[-123.1221341,49.1980556],[-123.1220598,49.1980606],[-123.1219784,49.1980703],[-123.1219059,49.1980818],[-123.11974,49.1984535]]}},{"type":"Feature","properties":{"type":"segment","id":"w646.0","kind":"yard","lines":[],"from":"n4765","to":"n4766","length":5.61,"osmWay":646,"trackRef":"SL3"},"geometry":{"type":"LineString","coordinates":[[-123.11974,49.1984535],[-123.1196655,49.1984666]]}},{"type":"Feature","properties":{"type":"segment","id":"w647.0","kind":"yard","lines":[],"from":"n4767","to":"n4768","length":5.8,"osmWay":647,"trackRef":"SL1"},"geometry":{"type":"LineString","coordinates":[[-123.1199901,49.1985044],[-123.1200671,49.1984906]]}},{"type":"Feature","properties":{"type":"segment","id":"w648.0","kind":"yard","lines":[],"from":"n4768","to":"n280","length":228.25,"osmWay":648,"trackRef":"SL1"},"geometry":{"type":"LineString","coordinates":[[-123.1200671,49.1984906],[-123.1216449,49.1982201],[-123.121783,49.1982005],[-123.1220331,49.198167],[-123.1221972,49.1981425],[-123.1227418,49.1980498],[-123.1231115,49.1979857]]}},{"type":"Feature","properties":{"type":"segment","id":"w649.0","kind":"yard","lines":[],"from":"n80","to":"n4782","length":238.16,"osmWay":649,"trackRef":"SL4"},"geometry":{"type":"LineString","coordinates":[[-123.1231681,49.1979167],[-123.1230015,49.1979468],[-123.1229137,49.1979609],[-123.1228379,49.1979704],[-123.1227661,49.1979761],[-123.1222358,49.1980066],[-123.122159,49.1980114],[-123.1220821,49.1980192],[-123.1220005,49.1980315],[-123.119975,49.1983785]]}},{"type":"Feature","properties":{"type":"segment","id":"w650.0","kind":"yard","lines":[],"from":"n4782","to":"n4783","length":5.08,"osmWay":650,"trackRef":"SL4"},"geometry":{"type":"LineString","coordinates":[[-123.119975,49.1983785],[-123.1199072,49.1983896]]}},{"type":"Feature","properties":{"type":"segment","id":"w651.0","kind":"yard","lines":[],"from":"n4784","to":"n4785","length":5.4,"osmWay":651,"trackRef":"SL2"},"geometry":{"type":"LineString","coordinates":[[-123.1197215,49.198514],[-123.1197933,49.1985013]]}},{"type":"Feature","properties":{"type":"segment","id":"w652.0","kind":"yard","lines":[],"from":"n4785","to":"n279","length":214.33,"osmWay":652,"trackRef":"SL2"},"geometry":{"type":"LineString","coordinates":[[-123.1197933,49.1985013],[-123.1224156,49.1980541],[-123.1225199,49.1980385],[-123.1226507,49.1980242]]}},{"type":"Feature","properties":{"type":"segment","id":"w653.0","kind":"yard","lines":[],"from":"n3880","to":"n1132","length":49.73,"osmWay":653,"trackRef":"M1","tunnel":true},"geometry":{"type":"LineString","coordinates":[[-122.9566875,49.2060278],[-122.9563881,49.20643]]}},{"type":"Feature","properties":{"type":"segment","id":"w654.0","kind":"yard","lines":[],"from":"n4788","to":"n3757","length":40.16,"osmWay":654},"geometry":{"type":"LineString","coordinates":[[-123.1208903,49.1971297],[-123.1204092,49.1973075]]}},{"type":"Feature","properties":{"type":"segment","id":"w655.0","kind":"yard","lines":[],"from":"n1153","to":"n281","length":21.76,"osmWay":655},"geometry":{"type":"LineString","coordinates":[[-123.121253,49.1970978],[-123.1214845,49.1969737]]}},{"type":"Feature","properties":{"type":"segment","id":"w656.0","kind":"yard","lines":[],"from":"n281","to":"n100","length":24.85,"osmWay":656},"geometry":{"type":"LineString","coordinates":[[-123.1214845,49.1969737],[-123.1217521,49.1968346]]}},{"type":"Feature","properties":{"type":"segment","id":"w657.0","kind":"yard","lines":[],"from":"n100","to":"n282","length":20.28,"osmWay":657},"geometry":{"type":"LineString","coordinates":[[-123.1217521,49.1968346],[-123.1218515,49.1967814],[-123.1219757,49.1967258]]}},{"type":"Feature","properties":{"type":"segment","id":"w658.0","kind":"yard","lines":[],"from":"n281","to":"n1283","length":21.04,"osmWay":658},"geometry":{"type":"LineString","coordinates":[[-123.1214845,49.1969737],[-123.1213506,49.197036],[-123.1212423,49.1970771]]}},{"type":"Feature","properties":{"type":"segment","id":"w659.0","kind":"yard","lines":[],"from":"n86","to":"n223","length":39.55,"osmWay":659},"geometry":{"type":"LineString","coordinates":[[-123.121641,49.1978125],[-123.1215123,49.1978191],[-123.1213125,49.1978269],[-123.1210975,49.1978297]]}},{"type":"Feature","properties":{"type":"segment","id":"w660.0","kind":"yard","lines":[],"from":"n223","to":"n83","length":30.96,"osmWay":660},"geometry":{"type":"LineString","coordinates":[[-123.1210975,49.1978297],[-123.1206715,49.1978365]]}},{"type":"Feature","properties":{"type":"segment","id":"w661.0","kind":"yard","lines":[],"from":"n83","to":"n283","length":76.24,"osmWay":661},"geometry":{"type":"LineString","coordinates":[[-123.1206715,49.1978365],[-123.12052,49.1978444],[-123.120422,49.1978529],[-123.12033,49.197865],[-123.1202493,49.1978816],[-123.1201763,49.1978994],[-123.1201071,49.1979205],[-123.1200319,49.1979484],[-123.119951,49.1979859],[-123.1198964,49.1980146],[-123.1198126,49.1980623],[-123.1197408,49.1981067]]}},{"type":"Feature","properties":{"type":"segment","id":"w662.0","kind":"yard","lines":[],"from":"n1234","to":"n280","length":12.35,"osmWay":662},"geometry":{"type":"LineString","coordinates":[[-123.1232752,49.1979559],[-123.1231918,49.1979723],[-123.1231115,49.1979857]]}},{"type":"Feature","properties":{"type":"segment","id":"w663.0","kind":"yard","lines":[],"from":"n280","to":"n279","length":33.8,"osmWay":663},"geometry":{"type":"LineString","coordinates":[[-123.1231115,49.1979857],[-123.1229693,49.1980046],[-123.1228745,49.1980119],[-123.1227821,49.1980175],[-123.1226507,49.1980242]]}},{"type":"Feature","properties":{"type":"segment","id":"w664.0","kind":"yard","lines":[],"from":"n81","to":"n75","length":28.06,"osmWay":664},"geometry":{"type":"LineString","coordinates":[[-123.1226691,49.1979286],[-123.1225015,49.1979261],[-123.1223845,49.1979295],[-123.1222835,49.1979359]]}},{"type":"Feature","properties":{"type":"segment","id":"w665.0","kind":"yard","lines":[],"from":"n4809","to":"n4813","length":78.73,"osmWay":665,"name":"Washtrack","trackRef":"WT","tunnel":true},"geometry":{"type":"LineString","coordinates":[[-123.1213984,49.1973716],[-123.121007,49.1975192],[-123.1206614,49.1976462],[-123.1205671,49.1976798],[-123.1204518,49.1977158]]}},{"type":"Feature","properties":{"type":"segment","id":"w666.0","kind":"yard","lines":[],"from":"n95","to":"n88","length":3.01,"osmWay":666},"geometry":{"type":"LineString","coordinates":[[-123.122455,49.1965514],[-123.1224187,49.1965645]]}},{"type":"Feature","properties":{"type":"segment","id":"w667.0","kind":"yard","lines":[],"from":"n88","to":"n282","length":36.85,"osmWay":667},"geometry":{"type":"LineString","coordinates":[[-123.1224187,49.1965645],[-123.1219757,49.1967258]]}},{"type":"Feature","properties":{"type":"segment","id":"w668.0","kind":"yard","lines":[],"from":"n282","to":"n4814","length":45.57,"osmWay":668},"geometry":{"type":"LineString","coordinates":[[-123.1219757,49.1967258],[-123.1214318,49.1969299]]}},{"type":"Feature","properties":{"type":"segment","id":"w669.0","kind":"tail","lines":["canada"],"from":"n283","to":"n4823","length":68.22,"osmWay":669,"name":"North tail track"},"geometry":{"type":"LineString","coordinates":[[-123.1197408,49.1981067],[-123.1196348,49.1981874],[-123.119568,49.1982419],[-123.1195015,49.1982971],[-123.119448,49.1983522],[-123.1193976,49.1984192],[-123.11936,49.1984769],[-123.1193365,49.1985318],[-123.1193255,49.1985727],[-123.119312,49.198638]]}},{"type":"Feature","properties":{"type":"segment","id":"w670.0","kind":"tail","lines":["canada"],"from":"n4823","to":"n4824","length":1.82,"osmWay":670,"name":"North tail track"},"geometry":{"type":"LineString","coordinates":[[-123.119312,49.198638],[-123.1193115,49.1986544]]}},{"type":"Feature","properties":{"type":"segment","id":"w671.0","kind":"yard","lines":[],"from":"n4814","to":"n4825","length":27.66,"osmWay":671},"geometry":{"type":"LineString","coordinates":[[-123.1214318,49.1969299],[-123.1211002,49.1970521]]}},{"type":"Feature","properties":{"type":"segment","id":"w672.0","kind":"yard","lines":[],"from":"n4825","to":"n4788","length":17.52,"osmWay":672},"geometry":{"type":"LineString","coordinates":[[-123.1211002,49.1970521],[-123.1208903,49.1971297]]}},{"type":"Feature","properties":{"type":"segment","id":"w673.0","kind":"yard","lines":[],"from":"n4826","to":"n284","length":33.24,"osmWay":673},"geometry":{"type":"LineString","coordinates":[[-123.1204444,49.197601],[-123.1203741,49.1976445],[-123.1203159,49.1976853],[-123.120259,49.1977249],[-123.1201355,49.1978211]]}},{"type":"Feature","properties":{"type":"segment","id":"w674.0","kind":"yard","lines":[],"from":"n284","to":"n285","length":19.02,"osmWay":674},"geometry":{"type":"LineString","coordinates":[[-123.1201355,49.1978211],[-123.1199588,49.1979473]]}},{"type":"Feature","properties":{"type":"segment","id":"w675.0","kind":"yard","lines":[],"from":"n285","to":"n283","length":23.77,"osmWay":675},"geometry":{"type":"LineString","coordinates":[[-123.1199588,49.1979473],[-123.1197408,49.1981067]]}},{"type":"Feature","properties":{"type":"segment","id":"w676.0","kind":"yard","lines":[],"from":"n284","to":"n4833","length":32.09,"osmWay":676},"geometry":{"type":"LineString","coordinates":[[-123.1201355,49.1978211],[-123.1202325,49.1977563],[-123.120296,49.197722],[-123.1204029,49.1976698],[-123.1204764,49.1976392]]}},{"type":"Feature","properties":{"type":"segment","id":"w677.0","kind":"yard","lines":[],"from":"n4833","to":"n1228","length":43.73,"osmWay":677,"tunnel":true},"geometry":{"type":"LineString","coordinates":[[-123.1204764,49.1976392],[-123.1207223,49.1975469],[-123.1210005,49.1974459]]}},{"type":"Feature","properties":{"type":"segment","id":"w678.0","kind":"yard","lines":[],"from":"n1278","to":"n4826","length":43.77,"osmWay":678,"tunnel":true},"geometry":{"type":"LineString","coordinates":[[-123.1209584,49.1973965],[-123.1206884,49.197499],[-123.1205403,49.1975556],[-123.1204803,49.1975823],[-123.1204444,49.197601]]}},{"type":"Feature","properties":{"type":"segment","id":"w679.0","kind":"yard","lines":[],"from":"n93","to":"n4809","length":53.86,"osmWay":679,"name":"Washtrack","trackRef":"WT"},"geometry":{"type":"LineString","coordinates":[[-123.12194,49.1970451],[-123.1217951,49.1971506],[-123.1217066,49.1972141],[-123.121627,49.1972663],[-123.121558,49.197303],[-123.1214931,49.1973334],[-123.121429,49.1973593],[-123.1213984,49.1973716]]}},{"type":"Feature","properties":{"type":"segment","id":"w680.0","kind":"yard","lines":[],"from":"n4813","to":"n285","length":44.41,"osmWay":680,"name":"Washtrack","trackRef":"WT"},"geometry":{"type":"LineString","coordinates":[[-123.1204518,49.1977158],[-123.1203954,49.1977326],[-123.1203352,49.1977521],[-123.120264,49.1977798],[-123.1201835,49.1978175],[-123.1201105,49.1978557],[-123.120044,49.1978949],[-123.1199588,49.1979473]]}},{"type":"Feature","properties":{"type":"segment","id":"w681.0","kind":"yard","lines":[],"from":"n3876","to":"n980","length":30.84,"osmWay":681,"trackRef":"C1","maxspeed":15,"tunnel":true},"geometry":{"type":"LineString","coordinates":[[-122.9567237,49.2066421],[-122.9565357,49.2068908]]}},{"type":"Feature","properties":{"type":"segment","id":"w682.0","kind":"yard","lines":[],"from":"n3886","to":"n3877","length":31,"osmWay":682,"trackRef":"C2","maxspeed":15,"tunnel":true},"geometry":{"type":"LineString","coordinates":[[-122.956623,49.2069218],[-122.9568113,49.2066716]]}},{"type":"Feature","properties":{"type":"segment","id":"w683.0","kind":"main","lines":["expo"],"from":"n3943","to":"n4851","length":82.49,"osmWay":683,"name":"SkyTrain Expo Line","maxspeed":70,"layer":2,"bridge":true},"geometry":{"type":"LineString","coordinates":[[-122.9122679,49.2016452],[-122.9127069,49.2014068],[-122.9131434,49.2011729]]}},{"type":"Feature","properties":{"type":"segment","id":"w684.0","kind":"main","lines":["expo"],"from":"n4851","to":"n272","length":84.03,"osmWay":684,"name":"SkyTrain Expo Line","maxspeed":70,"layer":3,"bridge":true},"geometry":{"type":"LineString","coordinates":[[-122.9131434,49.2011729],[-122.9134256,49.2010217],[-122.914039,49.2006948]]}},{"type":"Feature","properties":{"type":"segment","id":"w685.0","kind":"main","lines":["expo"],"from":"n272","to":"n1813","length":46.78,"osmWay":685,"name":"SkyTrain Expo Line","maxspeed":70,"layer":3,"bridge":true},"geometry":{"type":"LineString","coordinates":[[-122.914039,49.2006948],[-122.9142761,49.2005685],[-122.9145479,49.2004372]]}},{"type":"Feature","properties":{"type":"segment","id":"w686.0","kind":"main","lines":["expo"],"from":"n4854","to":"n3936","length":82.49,"osmWay":686,"name":"SkyTrain Expo Line","maxspeed":70,"layer":2,"bridge":true},"geometry":{"type":"LineString","coordinates":[[-122.9131153,49.2011509],[-122.9126807,49.2013864],[-122.9122392,49.2016227]]}},{"type":"Feature","properties":{"type":"segment","id":"w687.0","kind":"main","lines":["expo"],"from":"n621","to":"n271","length":86.45,"osmWay":687,"name":"SkyTrain Expo Line","maxspeed":70,"layer":3,"bridge":true},"geometry":{"type":"LineString","coordinates":[[-122.9145174,49.2004079],[-122.9142393,49.2005422],[-122.913589,49.2008938]]}},{"type":"Feature","properties":{"type":"segment","id":"w688.0","kind":"main","lines":["expo"],"from":"n271","to":"n4854","length":44.74,"osmWay":688,"name":"SkyTrain Expo Line","maxspeed":70,"layer":3,"bridge":true},"geometry":{"type":"LineString","coordinates":[[-122.913589,49.2008938],[-122.9133928,49.2010006],[-122.9131153,49.2011509]]}},{"type":"Feature","properties":{"type":"segment","id":"w689.0","kind":"main","lines":["expo"],"from":"n276","to":"n104","length":33.73,"osmWay":689,"name":"SkyTrain Expo Line","layer":1,"bridge":true},"geometry":{"type":"LineString","coordinates":[[-122.894873,49.2473526],[-122.8951017,49.2475152],[-122.8951814,49.2475794]]}},{"type":"Feature","properties":{"type":"segment","id":"w690.0","kind":"yard","lines":[],"from":"n286","to":"n4864","length":80.77,"osmWay":690,"trackRef":"RM4"},"geometry":{"type":"LineString","coordinates":[[-122.9549,49.2054767],[-122.9548243,49.2055157],[-122.95477,49.2055481],[-122.9547257,49.2055788],[-122.9546828,49.2056138],[-122.9546425,49.2056594],[-122.9543193,49.2060856]]}},{"type":"Feature","properties":{"type":"segment","id":"w691.0","kind":"yard","lines":[],"from":"n286","to":"n4870","length":76.93,"osmWay":691,"trackRef":"RM3"},"geometry":{"type":"LineString","coordinates":[[-122.9549,49.2054767],[-122.9547653,49.2055266],[-122.9547063,49.2055507],[-122.9546526,49.2055783],[-122.9545976,49.2056182],[-122.9545601,49.2056589],[-122.9542892,49.2060169]]}},{"type":"Feature","properties":{"type":"segment","id":"w692.0","kind":"yard","lines":[],"from":"n27","to":"n286","length":23.58,"osmWay":692},"geometry":{"type":"LineString","coordinates":[[-122.9551844,49.2053746],[-122.9549,49.2054767]]}},{"type":"Feature","properties":{"type":"segment","id":"w693.0","kind":"yard","lines":[],"from":"n27","to":"n197","length":18.79,"osmWay":693},"geometry":{"type":"LineString","coordinates":[[-122.9551844,49.2053746],[-122.9554121,49.2052944]]}},{"type":"Feature","properties":{"type":"segment","id":"w694.0","kind":"yard","lines":[],"from":"n197","to":"n872","length":29.5,"osmWay":694},"geometry":{"type":"LineString","coordinates":[[-122.9554121,49.2052944],[-122.9556209,49.2052182],[-122.9556883,49.2051937],[-122.9557656,49.2051638]]}},{"type":"Feature","properties":{"type":"segment","id":"w695.0","kind":"main","lines":["millennium"],"from":"n3552","to":"n287","length":130.05,"osmWay":695,"name":"SkyTrain Millennium Line","layer":1,"bridge":true},"geometry":{"type":"LineString","coordinates":[[-122.791709,49.2853142],[-122.791307,49.2860372],[-122.7910982,49.2864138]]}},{"type":"Feature","properties":{"type":"segment","id":"w696.0","kind":"main","lines":["millennium"],"from":"n1430","to":"n214","length":26.54,"osmWay":696,"name":"SkyTrain Millennium Line","layer":1,"bridge":true},"geometry":{"type":"LineString","coordinates":[[-122.791866,49.2853464],[-122.791991,49.2851221]]}},{"type":"Feature","properties":{"type":"segment","id":"w697.0","kind":"main","lines":["millennium"],"from":"n3548","to":"n2924","length":44.41,"osmWay":697,"name":"SkyTrain Millennium Line","layer":1,"bridge":true},"geometry":{"type":"LineString","coordinates":[[-123.0795788,49.2658773],[-123.078985,49.2657805]]}},{"type":"Feature","properties":{"type":"segment","id":"w698.0","kind":"main","lines":["millennium"],"from":"n2928","to":"n1330","length":43.89,"osmWay":698,"name":"SkyTrain Millennium Line","layer":1,"bridge":true},"geometry":{"type":"LineString","coordinates":[[-123.078967,49.2658194],[-123.0795545,49.2659134]]}},{"type":"Feature","properties":{"type":"segment","id":"w699.0","kind":"siding","lines":["millennium"],"from":"n2734","to":"n288","length":48.15,"osmWay":699,"layer":1,"bridge":true},"geometry":{"type":"LineString","coordinates":[[-123.0820307,49.2663722],[-123.0826609,49.2665078]]}},{"type":"Feature","properties":{"type":"segment","id":"w700.0","kind":"main","lines":["expo"],"from":"n2013","to":"n4745","length":226.98,"osmWay":700,"name":"SkyTrain Expo Line","maxspeed":90,"layer":-1},"geometry":{"type":"LineString","coordinates":[[-123.0532623,49.2472451],[-123.0540006,49.2475516],[-123.0549788,49.2479576],[-123.0559013,49.2483401]]}},{"type":"Feature","properties":{"type":"segment","id":"w701.0","kind":"main","lines":["expo"],"from":"n4757","to":"n1507","length":226.6,"osmWay":701,"name":"SkyTrain Expo Line","maxspeed":90,"layer":-1},"geometry":{"type":"LineString","coordinates":[[-123.0559279,49.2483091],[-123.0532957,49.2472134]]}},{"type":"Feature","properties":{"type":"segment","id":"w702.0","kind":"yard","lines":[],"from":"n2529","to":"n56","length":28.56,"osmWay":702,"trackRef":"CATS","maxspeed":15,"layer":1},"geometry":{"type":"LineString","coordinates":[[-122.9583797,49.2047581],[-122.9582097,49.2049897]]}},{"type":"Feature","properties":{"type":"segment","id":"w703.0","kind":"tail","lines":["canada"],"from":"n4876","to":"n4877","length":5.89,"osmWay":703,"name":"South tail track"},"geometry":{"type":"LineString","coordinates":[[-123.12357,49.1962492],[-123.123489,49.1962472]]}},{"type":"Feature","properties":{"type":"segment","id":"w704.0","kind":"tail","lines":["canada"],"from":"n4877","to":"n1279","length":51.3,"osmWay":704,"name":"South tail track"},"geometry":{"type":"LineString","coordinates":[[-123.123489,49.1962472],[-123.1234261,49.1962474],[-123.123357,49.1962476],[-123.1232724,49.1962547],[-123.1231895,49.1962654],[-123.1230918,49.1962848],[-123.1229936,49.1963088],[-123.1229209,49.1963325],[-123.1228224,49.1963726]]}},{"type":"Feature","properties":{"type":"segment","id":"w705.0","kind":"spur","lines":["millennium"],"from":"n2751","to":"n4885","length":24.1,"osmWay":705,"layer":1,"bridge":true},"geometry":{"type":"LineString","coordinates":[[-122.8015675,49.2749851],[-122.8012908,49.2748651]]}},{"type":"Feature","properties":{"type":"segment","id":"w706.0","kind":"spur","lines":["millennium"],"from":"n2753","to":"n4886","length":12.24,"osmWay":706,"layer":1,"bridge":true},"geometry":{"type":"LineString","coordinates":[[-122.8015119,49.2750193],[-122.8013692,49.2749606]]}},{"type":"Feature","properties":{"type":"segment","id":"w707.0","kind":"yard","lines":[],"from":"n3384","to":"n4891","length":76.54,"osmWay":707},"geometry":{"type":"LineString","coordinates":[[-122.8157702,49.2768803],[-122.8159214,49.2769083],[-122.815976,49.2769179],[-122.8160293,49.2769227],[-122.8160887,49.2769249],[-122.8168166,49.2769361]]}},{"type":"Feature","properties":{"type":"segment","id":"w708.0","kind":"yard","lines":[],"from":"n196","to":"n30","length":33.74,"osmWay":708},"geometry":{"type":"LineString","coordinates":[[-122.9556594,49.2052845],[-122.9559665,49.2050569]]}},{"type":"Feature","properties":{"type":"segment","id":"w709.0","kind":"crossover","lines":["expo"],"from":"n4892","to":"n760","length":43.57,"osmWay":709,"name":"Braid south crossover (provisional)"},"geometry":{"type":"LineString","coordinates":[[-122.8825347,49.2322],[-122.8825079,49.2318086]]}},{"type":"Feature","properties":{"type":"segment","id":"w710.0","kind":"crossover","lines":["expo"],"from":"n2258","to":"n728","length":51.91,"osmWay":710,"name":"Braid north crossover to single track (provisional)"},"geometry":{"type":"LineString","coordinates":[[-122.8844735,49.2369036],[-122.8840867,49.236511]]}},{"type":"Feature","properties":{"type":"node","id":"n289","kind":"link","turns":[["w1.0:0","w23.0:1"]],"osmNode":289},"geometry":{"type":"Point","coordinates":[-122.8972903,49.2111236]}},{"type":"Feature","properties":{"type":"node","id":"n298","kind":"link","turns":[["w1.0:1","w2.0:0"]],"osmNode":298},"geometry":{"type":"Point","coordinates":[-122.9021434,49.2067208]}},{"type":"Feature","properties":{"type":"node","id":"n1","kind":"switch","turns":[["w2.0:1","w189.0:0"],["w189.0:0","w461.0:1"]],"osmNode":1},"geometry":{"type":"Point","coordinates":[-122.904073,49.2058171]}},{"type":"Feature","properties":{"type":"node","id":"n2","kind":"switch","turns":[["w3.0:0","w36.0:1"],["w36.0:1","w220.0:0"]],"osmNode":2},"geometry":{"type":"Point","coordinates":[-122.904045,49.2057921]}},{"type":"Feature","properties":{"type":"node","id":"n305","kind":"link","turns":[["w3.0:1","w460.0:0"]],"osmNode":305},"geometry":{"type":"Point","coordinates":[-122.9030896,49.2062598]}},{"type":"Feature","properties":{"type":"node","id":"n306","kind":"link","turns":[["w4.0:0","w524.0:1"]],"osmNode":306},"geometry":{"type":"Point","coordinates":[-123.0691635,49.2568229]}},{"type":"Feature","properties":{"type":"node","id":"n328","kind":"link","turns":[["w4.0:1","w637.0:0"]],"osmNode":328},"geometry":{"type":"Point","coordinates":[-123.0634974,49.25143]}},{"type":"Feature","properties":{"type":"node","id":"n329","kind":"link","turns":[["w5.0:0","w167.0:1"]],"osmNode":329},"geometry":{"type":"Point","coordinates":[-123.1122005,49.2862207]}},{"type":"Feature","properties":{"type":"node","id":"n3","kind":"switch","turns":[["w5.0:1","w6.0:0"],["w5.0:1","w506.0:1"]],"osmNode":3},"geometry":{"type":"Point","coordinates":[-123.115285,49.2873844]}},{"type":"Feature","properties":{"type":"node","id":"n4","kind":"switch","turns":[["w6.0:1","w7.0:0"],["w7.0:0","w166.0:0"]],"osmNode":4},"geometry":{"type":"Point","coordinates":[-123.1170394,49.2878921]}},{"type":"Feature","properties":{"type":"node","id":"n335","kind":"link","turns":[["w7.0:1","w610.0:0"]],"osmNode":335},"geometry":{"type":"Point","coordinates":[-123.117876,49.2880462]}},{"type":"Feature","properties":{"type":"node","id":"n336","kind":"link","turns":[["w8.0:0","w552.0:1"]],"osmNode":336},"geometry":{"type":"Point","coordinates":[-123.0380974,49.259841]}},{"type":"Feature","properties":{"type":"node","id":"n5","kind":"switch","turns":[["w8.0:1","w9.0:0"],["w8.0:1","w243.0:1"]],"osmNode":5},"geometry":{"type":"Point","coordinates":[-123.038682,49.2597612]}},{"type":"Feature","properties":{"type":"node","id":"n6","kind":"switch","turns":[["w9.0:1","w10.0:0"],["w10.0:0","w242.0:0"]],"osmNode":6},"geometry":{"type":"Point","coordinates":[-123.04034,49.2595465]}},{"type":"Feature","properties":{"type":"node","id":"n363","kind":"link","turns":[["w10.0:1","w40.0:0"]],"osmNode":363},"geometry":{"type":"Point","coordinates":[-123.0546192,49.2579135]}},{"type":"Feature","properties":{"type":"node","id":"n364","kind":"link","turns":[["w11.0:0","w497.0:1"]],"osmNode":364},"geometry":{"type":"Point","coordinates":[-123.1168903,49.2832558]}},{"type":"Feature","properties":{"type":"node","id":"n7","kind":"switch","turns":[["w11.0:1","w12.0:0"],["w11.0:1","w479.0:0"]],"osmNode":7},"geometry":{"type":"Point","coordinates":[-123.114719,49.2637613]}},{"type":"Feature","properties":{"type":"node","id":"n8","kind":"switch","turns":[["w12.0:1","w13.0:0"],["w13.0:0","w481.0:0"]],"osmNode":8},"geometry":{"type":"Point","coordinates":[-123.1147377,49.263435]}},{"type":"Feature","properties":{"type":"node","id":"n410","kind":"link","turns":[["w13.0:1","w489.0:1"]],"osmNode":410},"geometry":{"type":"Point","coordinates":[-123.1152338,49.2478216]}},{"type":"Feature","properties":{"type":"node","id":"n411","kind":"link","turns":[["w14.0:0","w495.0:1"]],"osmNode":411},"geometry":{"type":"Point","coordinates":[-123.1168695,49.2121362]}},{"type":"Feature","properties":{"type":"node","id":"n412","kind":"link","turns":[["w14.0:1","w439.0:0"]],"osmNode":412},"geometry":{"type":"Point","coordinates":[-123.1169145,49.2108555]}},{"type":"Feature","properties":{"type":"node","id":"n413","kind":"link","turns":[["w15.0:0","w441.0:1"]],"osmNode":413},"geometry":{"type":"Point","coordinates":[-123.1175125,49.2044873]}},{"type":"Feature","properties":{"type":"node","id":"n418","kind":"link","turns":[["w15.0:1","w16.0:0"]],"osmNode":418},"geometry":{"type":"Point","coordinates":[-123.1178992,49.2004376]}},{"type":"Feature","properties":{"type":"node","id":"n9","kind":"switch","turns":[["w16.0:1","w17.0:0"],["w16.0:1","w435.0:1"]],"osmNode":9},"geometry":{"type":"Point","coordinates":[-123.1187929,49.1991748]}},{"type":"Feature","properties":{"type":"node","id":"n436","kind":"link","turns":[["w17.0:1","w170.0:0"]],"osmNode":436},"geometry":{"type":"Point","coordinates":[-123.1203281,49.1979237]}},{"type":"Feature","properties":{"type":"node","id":"n10","kind":"switch","turns":[["w18.0:0","w345.0:1"],["w345.0:1","w478.0:0"]],"osmNode":10},"geometry":{"type":"Point","coordinates":[-123.1278301,49.1948099]}},{"type":"Feature","properties":{"type":"node","id":"n456","kind":"link","turns":[["w18.0:1","w173.0:0"]],"osmNode":456},"geometry":{"type":"Point","coordinates":[-123.1310742,49.1946805]}},{"type":"Feature","properties":{"type":"node","id":"n457","kind":"link","turns":[["w19.0:0","w20.0:1"]],"osmNode":457},"geometry":{"type":"Point","coordinates":[-123.1514003,49.1946837]}},{"type":"Feature","properties":{"type":"node","id":"n488","kind":"link","turns":[["w19.0:1","w389.0:0"]],"osmNode":488},"geometry":{"type":"Point","coordinates":[-123.1649185,49.1930878]}},{"type":"Feature","properties":{"type":"node","id":"n489","kind":"link","turns":[["w20.0:0","w35.0:1"]],"osmNode":489},"geometry":{"type":"Point","coordinates":[-123.1507647,49.1950428]}},{"type":"Feature","properties":{"type":"node","id":"n490","kind":"link","turns":[["w21.0:0","w39.0:1"]],"osmNode":490},"geometry":{"type":"Point","coordinates":[-122.9588449,49.211555]}},{"type":"Feature","properties":{"type":"node","id":"n491","kind":"link","turns":[["w21.0:1","w26.0:0"]],"osmNode":491},"geometry":{"type":"Point","coordinates":[-122.9579474,49.210321]}},{"type":"Feature","properties":{"type":"node","id":"n492","kind":"link","turns":[["w22.0:0","w27.0:1"]],"osmNode":492},"geometry":{"type":"Point","coordinates":[-122.9584955,49.2048686]}},{"type":"Feature","properties":{"type":"node","id":"n496","kind":"link","turns":[["w22.0:1","w41.0:0"]],"osmNode":496},"geometry":{"type":"Point","coordinates":[-122.9587751,49.2043928]}},{"type":"Feature","properties":{"type":"node","id":"n497","kind":"link","turns":[["w23.0:0","w550.0:1"]],"osmNode":497},"geometry":{"type":"Point","coordinates":[-122.8947319,49.2133175]}},{"type":"Feature","properties":{"type":"node","id":"n502","kind":"link","turns":[["w24.0:0","w460.0:1"]],"osmNode":502},"geometry":{"type":"Point","coordinates":[-122.901245,49.2065317]}},{"type":"Feature","properties":{"type":"node","id":"n509","kind":"link","turns":[["w24.0:1","w578.0:0"]],"osmNode":509},"geometry":{"type":"Point","coordinates":[-122.8914795,49.2042261]}},{"type":"Feature","properties":{"type":"node","id":"n510","kind":"link","turns":[["w25.0:0","w580.0:1"]],"osmNode":510},"geometry":{"type":"Point","coordinates":[-122.8689062,49.2052194]}},{"type":"Feature","properties":{"type":"node","id":"n11","kind":"switch","turns":[["w25.0:1","w178.0:1"],["w25.0:1","w315.0:0"]],"osmNode":11},"geometry":{"type":"Point","coordinates":[-122.850681,49.1983759]}},{"type":"Feature","properties":{"type":"node","id":"n12","kind":"switch","turns":[["w26.0:1","w27.0:0"],["w26.0:1","w267.0:0"]],"osmNode":12},"geometry":{"type":"Point","coordinates":[-122.957238,49.2093406]}},{"type":"Feature","properties":{"type":"node","id":"n568","kind":"link","turns":[["w28.0:0","w624.0:1"]],"osmNode":568},"geometry":{"type":"Point","coordinates":[-122.9422167,49.20125]}},{"type":"Feature","properties":{"type":"node","id":"n621","kind":"link","turns":[["w28.0:1","w687.0:0"]],"osmNode":621},"geometry":{"type":"Point","coordinates":[-122.9145174,49.2004079]}},{"type":"Feature","properties":{"type":"node","id":"n622","kind":"link","turns":[["w29.0:0","w42.0:1"]],"osmNode":622},"geometry":{"type":"Point","coordinates":[-122.9588269,49.2028699]}},{"type":"Feature","properties":{"type":"node","id":"n656","kind":"link","turns":[["w29.0:1","w624.0:0"]],"osmNode":656},"geometry":{"type":"Point","coordinates":[-122.9494224,49.1999376]}},{"type":"Feature","properties":{"type":"node","id":"n657","kind":"link","turns":[["w30.0:0","w202.0:1"]],"osmNode":657},"geometry":{"type":"Point","coordinates":[-122.9732983,49.2155175]}},{"type":"Feature","properties":{"type":"node","id":"n681","kind":"link","turns":[["w30.0:1","w39.0:0"]],"osmNode":681},"geometry":{"type":"Point","coordinates":[-122.9598556,49.2129255]}},{"type":"Feature","properties":{"type":"node","id":"n682","kind":"link","turns":[["w31.0:0","w127.0:1"]],"osmNode":682},"geometry":{"type":"Point","coordinates":[-123.0384727,49.2411099]}},{"type":"Feature","properties":{"type":"node","id":"n13","kind":"switch","turns":[["w31.0:1","w32.0:0"],["w31.0:1","w210.0:1"]],"osmNode":13},"geometry":{"type":"Point","coordinates":[-123.026661,49.236022]}},{"type":"Feature","properties":{"type":"node","id":"n14","kind":"switch","turns":[["w32.0:1","w33.0:0"],["w33.0:0","w209.0:0"]],"osmNode":14},"geometry":{"type":"Point","coordinates":[-123.025526,49.2354937]}},{"type":"Feature","properties":{"type":"node","id":"n698","kind":"link","turns":[["w33.0:1","w525.0:0"]],"osmNode":698},"geometry":{"type":"Point","coordinates":[-123.0155451,49.2311085]}},{"type":"Feature","properties":{"type":"node","id":"n699","kind":"link","turns":[["w34.0:0","w584.0:1"]],"osmNode":699},"geometry":{"type":"Point","coordinates":[-123.146798,49.1966384]}},{"type":"Feature","properties":{"type":"node","id":"n15","kind":"switch","turns":[["w34.0:1","w35.0:0"],["w34.0:1","w325.0:1"]],"osmNode":15},"geometry":{"type":"Point","coordinates":[-123.1492704,49.1958905]}},{"type":"Feature","properties":{"type":"node","id":"n709","kind":"link","turns":[["w36.0:0","w38.0:1"]],"osmNode":709},"geometry":{"type":"Point","coordinates":[-122.9042796,49.2056717]}},{"type":"Feature","properties":{"type":"node","id":"n710","kind":"link","turns":[["w37.0:0","w188.0:1"]],"osmNode":710},"geometry":{"type":"Point","coordinates":[-122.9093219,49.2032018]}},{"type":"Feature","properties":{"type":"node","id":"n16","kind":"switch","turns":[["w37.0:1","w38.0:0"],["w37.0:1","w530.0:1"]],"osmNode":16},"geometry":{"type":"Point","coordinates":[-122.907732,49.2040022]}},{"type":"Feature","properties":{"type":"node","id":"n716","kind":"link","turns":[["w40.0:1","w232.0:0"]],"osmNode":716},"geometry":{"type":"Point","coordinates":[-123.055304,49.2579959]}},{"type":"Feature","properties":{"type":"node","id":"n17","kind":"switch","turns":[["w41.0:1","w42.0:0"],["w42.0:0","w265.0:1"]],"osmNode":17},"geometry":{"type":"Point","coordinates":[-122.9588662,49.2034019]}},{"type":"Feature","properties":{"type":"node","id":"n721","kind":"end","turns":[],"osmNode":721},"geometry":{"type":"Point","coordinates":[-122.8846651,49.2369769]}},{"type":"Feature","properties":{"type":"node","id":"n728","kind":"switch","turns":[["w43.0:1","w43.1:0"],["w43.1:0","w710.0:1"]],"osmNode":728},"geometry":{"type":"Point","coordinates":[-122.8840867,49.236511]}},{"type":"Feature","properties":{"type":"node","id":"n760","kind":"switch","turns":[["w43.1:1","w43.2:0"],["w43.2:0","w709.0:1"]],"osmNode":760},"geometry":{"type":"Point","coordinates":[-122.8825079,49.2318086]}},{"type":"Feature","properties":{"type":"node","id":"n792","kind":"link","turns":[["w43.2:1","w548.0:0"]],"osmNode":792},"geometry":{"type":"Point","coordinates":[-122.8835634,49.2295195]}},{"type":"Feature","properties":{"type":"node","id":"n793","kind":"link","turns":[["w44.0:0","w233.0:1"]],"osmNode":793},"geometry":{"type":"Point","coordinates":[-123.0700859,49.2635294]}},{"type":"Feature","properties":{"type":"node","id":"n802","kind":"link","turns":[["w44.0:1","w457.0:0"]],"osmNode":802},"geometry":{"type":"Point","coordinates":[-123.0723362,49.2640849]}},{"type":"Feature","properties":{"type":"node","id":"n18","kind":"switch","turns":[["w45.0:0","w400.0:0"],["w45.0:0","w418.0:1"]],"osmNode":18},"geometry":{"type":"Point","coordinates":[-122.9549328,49.2070927]}},{"type":"Feature","properties":{"type":"node","id":"n19","kind":"switch","turns":[["w45.0:1","w46.0:0"],["w46.0:0","w607.0:1"]],"osmNode":19},"geometry":{"type":"Point","coordinates":[-122.955219,49.2073091]}},{"type":"Feature","properties":{"type":"node","id":"n20","kind":"switch","turns":[["w46.0:1","w47.0:0"],["w46.0:1","w49.0:1"]],"osmNode":20},"geometry":{"type":"Point","coordinates":[-122.955307,49.2073788]}},{"type":"Feature","properties":{"type":"node","id":"n21","kind":"switch","turns":[["w47.0:1","w52.0:1"],["w47.0:1","w378.0:0"]],"osmNode":21},"geometry":{"type":"Point","coordinates":[-122.955457,49.2074968]}},{"type":"Feature","properties":{"type":"node","id":"n804","kind":"link","turns":[["w48.0:0","w602.0:0"]],"osmNode":804},"geometry":{"type":"Point","coordinates":[-122.9572374,49.2054472]}},{"type":"Feature","properties":{"type":"node","id":"n805","kind":"link","turns":[["w48.0:1","w511.0:0"]],"osmNode":805},"geometry":{"type":"Point","coordinates":[-122.9564039,49.2065568]}},{"type":"Feature","properties":{"type":"node","id":"n22","kind":"switch","turns":[["w49.0:0","w70.0:1"],["w49.0:0","w515.0:0"]],"osmNode":22},"geometry":{"type":"Point","coordinates":[-122.9562835,49.2073743]}},{"type":"Feature","properties":{"type":"node","id":"n821","kind":"link","turns":[["w50.0:0","w383.0:1"]],"osmNode":821},"geometry":{"type":"Point","coordinates":[-122.9559645,49.2051448]}},{"type":"Feature","properties":{"type":"node","id":"n23","kind":"switch","turns":[["w50.0:1","w606.0:0"],["w65.0:1","w606.0:0"]],"osmNode":23},"geometry":{"type":"Point","coordinates":[-122.956177,49.2048954]}},{"type":"Feature","properties":{"type":"node","id":"n24","kind":"switch","turns":[["w51.0:0","w269.0:0"],["w268.0:1","w269.0:0"]],"osmNode":24},"geometry":{"type":"Point","coordinates":[-122.9584096,49.2048986]}},{"type":"Feature","properties":{"type":"node","id":"n25","kind":"switch","turns":[["w51.0:1","w288.0:0"],["w179.0:1","w288.0:0"]],"osmNode":25},"geometry":{"type":"Point","coordinates":[-122.958094,49.205234]}},{"type":"Feature","properties":{"type":"node","id":"n26","kind":"switch","turns":[["w52.0:0","w590.0:0"],["w286.0:1","w590.0:0"]],"osmNode":26},"geometry":{"type":"Point","coordinates":[-122.9575285,49.2059101]}},{"type":"Feature","properties":{"type":"node","id":"n847","kind":"link","turns":[["w53.0:0","w516.0:1"]],"osmNode":847},"geometry":{"type":"Point","coordinates":[-122.9549138,49.2055815]}},{"type":"Feature","properties":{"type":"node","id":"n27","kind":"switch","turns":[["w53.0:1","w693.0:0"],["w692.0:0","w693.0:0"]],"osmNode":27},"geometry":{"type":"Point","coordinates":[-122.9551844,49.2053746]}},{"type":"Feature","properties":{"type":"node","id":"n851","kind":"link","turns":[["w54.0:0","w601.0:1"]],"osmNode":851},"geometry":{"type":"Point","coordinates":[-122.9574182,49.2055051]}},{"type":"Feature","properties":{"type":"node","id":"n852","kind":"link","turns":[["w54.0:1","w513.0:0"]],"osmNode":852},"geometry":{"type":"Point","coordinates":[-122.9566546,49.2065166]}},{"type":"Feature","properties":{"type":"node","id":"n28","kind":"switch","turns":[["w55.0:0","w417.0:0"],["w416.0:1","w417.0:0"]],"osmNode":28},"geometry":{"type":"Point","coordinates":[-122.954475,49.2068613]}},{"type":"Feature","properties":{"type":"node","id":"n29","kind":"switch","turns":[["w55.0:1","w412.0:1"],["w412.0:1","w413.0:0"]],"osmNode":29},"geometry":{"type":"Point","coordinates":[-122.9559692,49.2045121]}},{"type":"Feature","properties":{"type":"node","id":"n872","kind":"link","turns":[["w56.0:0","w694.0:1"]],"osmNode":872},"geometry":{"type":"Point","coordinates":[-122.9557656,49.2051638]}},{"type":"Feature","properties":{"type":"node","id":"n30","kind":"switch","turns":[["w56.0:1","w65.0:0"],["w65.0:0","w708.0:1"]],"osmNode":30},"geometry":{"type":"Point","coordinates":[-122.9559665,49.2050569]}},{"type":"Feature","properties":{"type":"node","id":"n875","kind":"link","turns":[["w57.0:0","w383.0:0"]],"osmNode":875},"geometry":{"type":"Point","coordinates":[-122.9549398,49.2065109]}},{"type":"Feature","properties":{"type":"node","id":"n31","kind":"switch","turns":[["w57.0:1","w607.0:0"],["w72.0:1","w607.0:0"]],"osmNode":31},"geometry":{"type":"Point","coordinates":[-122.9550093,49.2070516]}},{"type":"Feature","properties":{"type":"node","id":"n32","kind":"switch","turns":[["w58.0:0","w418.0:0"],["w417.0:1","w418.0:0"]],"osmNode":32},"geometry":{"type":"Point","coordinates":[-122.9546576,49.2069455]}},{"type":"Feature","properties":{"type":"node","id":"n33","kind":"switch","turns":[["w58.0:1","w59.0:0"],["w59.0:0","w402.0:1"]],"osmNode":33},"geometry":{"type":"Point","coordinates":[-122.9562727,49.2044893]}},{"type":"Feature","properties":{"type":"node","id":"n34","kind":"switch","turns":[["w59.0:1","w411.0:1"],["w411.0:1","w412.0:0"]],"osmNode":34},"geometry":{"type":"Point","coordinates":[-122.956512,49.2044538]}},{"type":"Feature","properties":{"type":"node","id":"n906","kind":"link","turns":[["w60.0:0","w604.0:1"]],"osmNode":906},"geometry":{"type":"Point","coordinates":[-122.9563009,49.204904]}},{"type":"Feature","properties":{"type":"node","id":"n35","kind":"switch","turns":[["w60.0:1","w61.0:0"],["w61.0:0","w63.0:1"]],"osmNode":35},"geometry":{"type":"Point","coordinates":[-122.9563974,49.2048283]}},{"type":"Feature","properties":{"type":"node","id":"n36","kind":"switch","turns":[["w61.0:1","w393.0:0"],["w73.0:0","w393.0:0"]],"osmNode":36},"geometry":{"type":"Point","coordinates":[-122.9565597,49.2047047]}},{"type":"Feature","properties":{"type":"node","id":"n37","kind":"switch","turns":[["w62.0:0","w267.0:1"],["w267.0:1","w268.0:0"]],"osmNode":37},"geometry":{"type":"Point","coordinates":[-122.9570162,49.20675]}},{"type":"Feature","properties":{"type":"node","id":"n38","kind":"switch","turns":[["w62.0:1","w266.0:1"],["w94.0:0","w266.0:1"]],"osmNode":38},"geometry":{"type":"Point","coordinates":[-122.957237,49.2063732]}},{"type":"Feature","properties":{"type":"node","id":"n911","kind":"link","turns":[["w63.0:0","w521.0:1"]],"osmNode":911},"geometry":{"type":"Point","coordinates":[-122.9561937,49.2050741]}},{"type":"Feature","properties":{"type":"node","id":"n39","kind":"switch","turns":[["w64.0:0","w416.0:0"],["w415.0:1","w416.0:0"]],"osmNode":39},"geometry":{"type":"Point","coordinates":[-122.9542208,49.206742]}},{"type":"Feature","properties":{"type":"node","id":"n40","kind":"switch","turns":[["w64.0:1","w413.0:1"],["w413.0:1","w414.0:0"]],"osmNode":40},"geometry":{"type":"Point","coordinates":[-122.9556678,49.2045905]}},{"type":"Feature","properties":{"type":"node","id":"n41","kind":"switch","turns":[["w66.0:0","w410.0:1"],["w410.0:1","w411.0:0"]],"osmNode":41},"geometry":{"type":"Point","coordinates":[-122.9567691,49.2044412]}},{"type":"Feature","properties":{"type":"node","id":"n42","kind":"switch","turns":[["w66.0:1","w67.0:0"],["w66.0:1","w419.0:0"]],"osmNode":42},"geometry":{"type":"Point","coordinates":[-122.9565265,49.2044755]}},{"type":"Feature","properties":{"type":"node","id":"n43","kind":"switch","turns":[["w67.0:1","w401.0:1"],["w401.0:1","w402.0:0"]],"osmNode":43},"geometry":{"type":"Point","coordinates":[-122.9546089,49.206845]}},{"type":"Feature","properties":{"type":"node","id":"n44","kind":"switch","turns":[["w68.0:0","w409.0:1"],["w409.0:1","w410.0:0"]],"osmNode":44},"geometry":{"type":"Point","coordinates":[-122.9573289,49.2045322]}},{"type":"Feature","properties":{"type":"node","id":"n45","kind":"switch","turns":[["w68.0:1","w69.0:0"],["w68.0:1","w606.0:1"]],"osmNode":45},"geometry":{"type":"Point","coordinates":[-122.9563982,49.204726]}},{"type":"Feature","properties":{"type":"node","id":"n46","kind":"switch","turns":[["w69.0:1","w603.0:1"],["w603.0:1","w604.0:0"]],"osmNode":46},"geometry":{"type":"Point","coordinates":[-122.9561346,49.2050468]}},{"type":"Feature","properties":{"type":"node","id":"n980","kind":"link","turns":[["w70.0:0","w681.0:1"]],"osmNode":980},"geometry":{"type":"Point","coordinates":[-122.9565357,49.2068908]}},{"type":"Feature","properties":{"type":"node","id":"n987","kind":"link","turns":[["w71.0:0","w379.0:0"]],"osmNode":987},"geometry":{"type":"Point","coordinates":[-122.9553786,49.2060508]}},{"type":"Feature","properties":{"type":"node","id":"n47","kind":"switch","turns":[["w71.0:1","w72.0:0"],["w71.0:1","w605.0:0"]],"osmNode":47},"geometry":{"type":"Point","coordinates":[-122.9551279,49.2063836]}},{"type":"Feature","properties":{"type":"node","id":"n1006","kind":"link","turns":[["w73.0:1","w520.0:0"]],"osmNode":1006},"geometry":{"type":"Point","coordinates":[-122.9562653,49.2050963]}},{"type":"Feature","properties":{"type":"node","id":"n1007","kind":"link","turns":[["w74.0:0","w509.0:1"]],"osmNode":1007},"geometry":{"type":"Point","coordinates":[-122.9572084,49.2061458]}},{"type":"Feature","properties":{"type":"node","id":"n48","kind":"switch","turns":[["w74.0:1","w75.0:0"],["w74.0:1","w391.0:0"]],"osmNode":48},"geometry":{"type":"Point","coordinates":[-122.9572503,49.2060908]}},{"type":"Feature","properties":{"type":"node","id":"n49","kind":"switch","turns":[["w75.0:1","w82.0:0"],["w82.0:0","w514.0:1"]],"osmNode":49},"geometry":{"type":"Point","coordinates":[-122.9579015,49.205052]}},{"type":"Feature","properties":{"type":"node","id":"n50","kind":"switch","turns":[["w76.0:0","w85.0:1"],["w85.0:1","w86.0:0"]],"osmNode":50},"geometry":{"type":"Point","coordinates":[-122.9543728,49.2064643]}},{"type":"Feature","properties":{"type":"node","id":"n51","kind":"switch","turns":[["w76.0:1","w405.0:1"],["w405.0:1","w406.0:0"]],"osmNode":51},"geometry":{"type":"Point","coordinates":[-122.9561014,49.2047009]}},{"type":"Feature","properties":{"type":"node","id":"n52","kind":"switch","turns":[["w77.0:0","w391.0:1"],["w77.0:0","w590.0:1"]],"osmNode":52},"geometry":{"type":"Point","coordinates":[-122.9576434,49.2057511]}},{"type":"Feature","properties":{"type":"node","id":"n53","kind":"switch","turns":[["w77.0:1","w78.0:0"],["w77.0:1","w287.0:1"]],"osmNode":53},"geometry":{"type":"Point","coordinates":[-122.957727,49.2056405]}},{"type":"Feature","properties":{"type":"node","id":"n54","kind":"switch","turns":[["w78.0:1","w79.0:0"],["w78.0:1","w408.0:0"]],"osmNode":54},"geometry":{"type":"Point","coordinates":[-122.9580667,49.2051867]}},{"type":"Feature","properties":{"type":"node","id":"n55","kind":"switch","turns":[["w79.0:1","w80.0:0"],["w79.0:1","w282.0:0"]],"osmNode":55},"geometry":{"type":"Point","coordinates":[-122.9581762,49.2050355]}},{"type":"Feature","properties":{"type":"node","id":"n56","kind":"switch","turns":[["w80.0:1","w612.0:1"],["w80.0:1","w702.0:1"]],"osmNode":56},"geometry":{"type":"Point","coordinates":[-122.9582097,49.2049897]}},{"type":"Feature","properties":{"type":"node","id":"n57","kind":"switch","turns":[["w81.0:0","w281.0:0"],["w81.0:0","w602.0:1"]],"osmNode":57},"geometry":{"type":"Point","coordinates":[-122.957489,49.2051141]}},{"type":"Feature","properties":{"type":"node","id":"n58","kind":"switch","turns":[["w81.0:1","w393.0:1"],["w393.0:1","w394.0:0"]],"osmNode":58},"geometry":{"type":"Point","coordinates":[-122.957235,49.2046038]}},{"type":"Feature","properties":{"type":"node","id":"n59","kind":"switch","turns":[["w82.0:1","w409.0:0"],["w408.0:1","w409.0:0"]],"osmNode":59},"geometry":{"type":"Point","coordinates":[-122.9575629,49.2046038]}},{"type":"Feature","properties":{"type":"node","id":"n60","kind":"switch","turns":[["w83.0:0","w400.0:1"],["w400.0:1","w401.0:0"]],"osmNode":60},"geometry":{"type":"Point","coordinates":[-122.9547712,49.2069695]}},{"type":"Feature","properties":{"type":"node","id":"n61","kind":"switch","turns":[["w83.0:1","w84.0:0"],["w83.0:1","w407.0:1"]],"osmNode":61},"geometry":{"type":"Point","coordinates":[-122.9546223,49.2068021]}},{"type":"Feature","properties":{"type":"node","id":"n62","kind":"switch","turns":[["w84.0:1","w85.0:0"],["w84.0:1","w420.0:1"]],"osmNode":62},"geometry":{"type":"Point","coordinates":[-122.9545069,49.2066453]}},{"type":"Feature","properties":{"type":"node","id":"n63","kind":"switch","turns":[["w86.0:1","w406.0:1"],["w406.0:1","w407.0:0"]],"osmNode":63},"geometry":{"type":"Point","coordinates":[-122.9559474,49.2048233]}},{"type":"Feature","properties":{"type":"node","id":"n1074","kind":"link","turns":[["w87.0:0","w512.0:0"]],"osmNode":1074},"geometry":{"type":"Point","coordinates":[-122.957323,49.2054784]}},{"type":"Feature","properties":{"type":"node","id":"n64","kind":"switch","turns":[["w87.0:1","w394.0:1"],["w394.0:1","w601.0:0"]],"osmNode":64},"geometry":{"type":"Point","coordinates":[-122.9576746,49.2051657]}},{"type":"Feature","properties":{"type":"node","id":"n65","kind":"buffer","turns":[],"osmNode":65},"geometry":{"type":"Point","coordinates":[-122.9586481,49.2030713]}},{"type":"Feature","properties":{"type":"node","id":"n66","kind":"switch","turns":[["w88.0:1","w89.0:0"],["w88.0:1","w261.0:1"]],"osmNode":66},"geometry":{"type":"Point","coordinates":[-122.9586658,49.2034539]}},{"type":"Feature","properties":{"type":"node","id":"n1088","kind":"link","turns":[["w89.0:1","w271.0:0"]],"osmNode":1088},"geometry":{"type":"Point","coordinates":[-122.9585785,49.2043519]}},{"type":"Feature","properties":{"type":"node","id":"n67","kind":"switch","turns":[["w90.0:0","w392.0:1"],["w90.0:0","w613.0:1"]],"osmNode":67},"geometry":{"type":"Point","coordinates":[-122.9551102,49.207023]}},{"type":"Feature","properties":{"type":"node","id":"n68","kind":"switch","turns":[["w90.0:1","w91.0:0"],["w90.0:1","w598.0:1"]],"osmNode":68},"geometry":{"type":"Point","coordinates":[-122.9550174,49.2066633]}},{"type":"Feature","properties":{"type":"node","id":"n69","kind":"switch","turns":[["w91.0:1","w92.0:0"],["w91.0:1","w522.0:1"]],"osmNode":69},"geometry":{"type":"Point","coordinates":[-122.9551135,49.2065062]}},{"type":"Feature","properties":{"type":"node","id":"n1099","kind":"link","turns":[["w92.0:1","w521.0:0"]],"osmNode":1099},"geometry":{"type":"Point","coordinates":[-122.9554423,49.2060708]}},{"type":"Feature","properties":{"type":"node","id":"n1100","kind":"link","turns":[["w93.0:0","w512.0:1"]],"osmNode":1100},"geometry":{"type":"Point","coordinates":[-122.9564939,49.2065845]}},{"type":"Feature","properties":{"type":"node","id":"n70","kind":"switch","turns":[["w93.0:1","w392.0:0"],["w392.0:0","w513.0:1"]],"osmNode":70},"geometry":{"type":"Point","coordinates":[-122.956149,49.2071905]}},{"type":"Feature","properties":{"type":"node","id":"n71","kind":"switch","turns":[["w94.0:1","w198.0:0"],["w198.0:0","w378.0:1"]],"osmNode":71},"geometry":{"type":"Point","coordinates":[-122.9571675,49.2093872]}},{"type":"Feature","properties":{"type":"node","id":"n1132","kind":"link","turns":[["w95.0:0","w653.0:1"]],"osmNode":1132},"geometry":{"type":"Point","coordinates":[-122.9563881,49.20643]}},{"type":"Feature","properties":{"type":"node","id":"n72","kind":"switch","turns":[["w95.0:1","w613.0:0"],["w511.0:1","w613.0:0"]],"osmNode":72},"geometry":{"type":"Point","coordinates":[-122.9560485,49.2070286]}},{"type":"Feature","properties":{"type":"node","id":"n73","kind":"buffer","turns":[],"osmNode":73},"geometry":{"type":"Point","coordinates":[-123.12398,49.1972677]}},{"type":"Feature","properties":{"type":"node","id":"n74","kind":"switch","turns":[["w96.0:1","w124.0:1"],["w124.0:1","w125.0:0"]],"osmNode":74},"geometry":{"type":"Point","coordinates":[-123.1220161,49.1978532]}},{"type":"Feature","properties":{"type":"node","id":"n75","kind":"switch","turns":[["w97.0:0","w664.0:1"],["w123.0:0","w664.0:1"]],"osmNode":75},"geometry":{"type":"Point","coordinates":[-123.1222835,49.1979359]}},{"type":"Feature","properties":{"type":"node","id":"n76","kind":"buffer","turns":[],"osmNode":76},"geometry":{"type":"Point","coordinates":[-123.119725,49.1983626]}},{"type":"Feature","properties":{"type":"node","id":"n1148","kind":"link","turns":[["w98.0:0","w473.0:0"]],"osmNode":1148},"geometry":{"type":"Point","coordinates":[-123.1205008,49.1974141]}},{"type":"Feature","properties":{"type":"node","id":"n1153","kind":"link","turns":[["w98.0:1","w655.0:0"]],"osmNode":1153},"geometry":{"type":"Point","coordinates":[-123.121253,49.1970978]}},{"type":"Feature","properties":{"type":"node","id":"n77","kind":"switch","turns":[["w99.0:0","w117.0:0"],["w116.0:1","w117.0:0"]],"osmNode":77},"geometry":{"type":"Point","coordinates":[-123.1238573,49.1977944]}},{"type":"Feature","properties":{"type":"node","id":"n78","kind":"crossing","turns":[["w99.0:1","w100.0:0"],["w99.0:1","w643.0:1"],["w100.0:0","w644.0:0"],["w643.0:1","w644.0:0"]],"osmNode":78},"geometry":{"type":"Point","coordinates":[-123.1235705,49.1978522]}},{"type":"Feature","properties":{"type":"node","id":"n79","kind":"switch","turns":[["w100.0:1","w101.0:0"],["w101.0:0","w110.0:0"]],"osmNode":79},"geometry":{"type":"Point","coordinates":[-123.1233215,49.1978916]}},{"type":"Feature","properties":{"type":"node","id":"n80","kind":"switch","turns":[["w101.0:1","w102.0:0"],["w101.0:1","w649.0:0"]],"osmNode":80},"geometry":{"type":"Point","coordinates":[-123.1231681,49.1979167]}},{"type":"Feature","properties":{"type":"node","id":"n81","kind":"switch","turns":[["w102.0:1","w103.0:0"],["w102.0:1","w664.0:0"]],"osmNode":81},"geometry":{"type":"Point","coordinates":[-123.1226691,49.1979286]}},{"type":"Feature","properties":{"type":"node","id":"n82","kind":"switch","turns":[["w103.0:1","w104.0:0"],["w104.0:0","w124.0:0"]],"osmNode":82},"geometry":{"type":"Point","coordinates":[-123.121491,49.1978725]}},{"type":"Feature","properties":{"type":"node","id":"n83","kind":"switch","turns":[["w104.0:1","w661.0:0"],["w660.0:1","w661.0:0"]],"osmNode":83},"geometry":{"type":"Point","coordinates":[-123.1206715,49.1978365]}},{"type":"Feature","properties":{"type":"node","id":"n84","kind":"buffer","turns":[],"osmNode":84},"geometry":{"type":"Point","coordinates":[-123.1242623,49.1970972]}},{"type":"Feature","properties":{"type":"node","id":"n85","kind":"switch","turns":[["w105.0:1","w106.0:0"],["w106.0:0","w107.0:0"]],"osmNode":85},"geometry":{"type":"Point","coordinates":[-123.121944,49.1977955]}},{"type":"Feature","properties":{"type":"node","id":"n86","kind":"switch","turns":[["w106.0:1","w659.0:0"],["w122.0:1","w659.0:0"]],"osmNode":86},"geometry":{"type":"Point","coordinates":[-123.121641,49.1978125]}},{"type":"Feature","properties":{"type":"node","id":"n87","kind":"buffer","turns":[],"osmNode":87},"geometry":{"type":"Point","coordinates":[-123.1242208,49.1970464]}},{"type":"Feature","properties":{"type":"node","id":"n88","kind":"switch","turns":[["w108.0:0","w666.0:1"],["w666.0:1","w667.0:0"]],"osmNode":88},"geometry":{"type":"Point","coordinates":[-123.1224187,49.1965645]}},{"type":"Feature","properties":{"type":"node","id":"n89","kind":"switch","turns":[["w108.0:1","w109.0:0"],["w109.0:0","w126.0:0"]],"osmNode":89},"geometry":{"type":"Point","coordinates":[-123.1209933,49.1972944]}},{"type":"Feature","properties":{"type":"node","id":"n1189","kind":"link","turns":[["w109.0:1","w472.0:0"]],"osmNode":1189},"geometry":{"type":"Point","coordinates":[-123.120925,49.1973168]}},{"type":"Feature","properties":{"type":"node","id":"n90","kind":"switch","turns":[["w110.0:1","w111.0:0"],["w111.0:0","w644.0:1"]],"osmNode":90},"geometry":{"type":"Point","coordinates":[-123.1238093,49.1977561]}},{"type":"Feature","properties":{"type":"node","id":"n91","kind":"switch","turns":[["w111.0:1","w112.0:0"],["w111.0:1","w121.0:1"]],"osmNode":91},"geometry":{"type":"Point","coordinates":[-123.1224911,49.1966271]}},{"type":"Feature","properties":{"type":"node","id":"n92","kind":"switch","turns":[["w112.0:1","w113.0:0"],["w112.0:1","w118.0:0"]],"osmNode":92},"geometry":{"type":"Point","coordinates":[-123.1221396,49.1968925]}},{"type":"Feature","properties":{"type":"node","id":"n93","kind":"switch","turns":[["w113.0:1","w114.0:1"],["w113.0:1","w679.0:0"]],"osmNode":93},"geometry":{"type":"Point","coordinates":[-123.12194,49.1970451]}},{"type":"Feature","properties":{"type":"node","id":"n1228","kind":"link","turns":[["w114.0:0","w677.0:1"]],"osmNode":1228},"geometry":{"type":"Point","coordinates":[-123.1210005,49.1974459]}},{"type":"Feature","properties":{"type":"node","id":"n1234","kind":"link","turns":[["w115.0:0","w662.0:0"]],"osmNode":1234},"geometry":{"type":"Point","coordinates":[-123.1232752,49.1979559]}},{"type":"Feature","properties":{"type":"node","id":"n94","kind":"switch","turns":[["w115.0:1","w116.0:0"],["w115.0:1","w643.0:0"]],"osmNode":94},"geometry":{"type":"Point","coordinates":[-123.1233879,49.1979252]}},{"type":"Feature","properties":{"type":"node","id":"n95","kind":"switch","turns":[["w117.0:1","w666.0:0"],["w119.0:1","w666.0:0"]],"osmNode":95},"geometry":{"type":"Point","coordinates":[-123.122455,49.1965514]}},{"type":"Feature","properties":{"type":"node","id":"n1278","kind":"link","turns":[["w118.0:1","w678.0:0"]],"osmNode":1278},"geometry":{"type":"Point","coordinates":[-123.1209584,49.1973965]}},{"type":"Feature","properties":{"type":"node","id":"n1279","kind":"link","turns":[["w119.0:0","w704.0:1"]],"osmNode":1279},"geometry":{"type":"Point","coordinates":[-123.1228224,49.1963726]}},{"type":"Feature","properties":{"type":"node","id":"n1283","kind":"link","turns":[["w120.0:0","w658.0:1"]],"osmNode":1283},"geometry":{"type":"Point","coordinates":[-123.1212423,49.1970771]}},{"type":"Feature","properties":{"type":"node","id":"n1284","kind":"link","turns":[["w120.0:1","w474.0:0"]],"osmNode":1284},"geometry":{"type":"Point","coordinates":[-123.1204584,49.1973664]}},{"type":"Feature","properties":{"type":"node","id":"n96","kind":"switch","turns":[["w121.0:0","w433.0:1"],["w359.0:0","w433.0:1"]],"osmNode":96},"geometry":{"type":"Point","coordinates":[-123.1213656,49.1975536]}},{"type":"Feature","properties":{"type":"node","id":"n97","kind":"buffer","turns":[],"osmNode":97},"geometry":{"type":"Point","coordinates":[-123.1241965,49.1970174]}},{"type":"Feature","properties":{"type":"node","id":"n98","kind":"buffer","turns":[],"osmNode":98},"geometry":{"type":"Point","coordinates":[-123.1197185,49.1983301]}},{"type":"Feature","properties":{"type":"node","id":"n99","kind":"buffer","turns":[],"osmNode":99},"geometry":{"type":"Point","coordinates":[-123.1240055,49.197297]}},{"type":"Feature","properties":{"type":"node","id":"n100","kind":"switch","turns":[["w126.0:1","w657.0:0"],["w656.0:1","w657.0:0"]],"osmNode":100},"geometry":{"type":"Point","coordinates":[-123.1217521,49.1968346]}},{"type":"Feature","properties":{"type":"node","id":"n1325","kind":"link","turns":[["w127.0:0","w128.0:1"]],"osmNode":1325},"geometry":{"type":"Point","coordinates":[-123.0427777,49.2428812]}},{"type":"Feature","properties":{"type":"node","id":"n1326","kind":"link","turns":[["w128.0:0","w621.0:1"]],"osmNode":1326},"geometry":{"type":"Point","coordinates":[-123.0461076,49.2442265]}},{"type":"Feature","properties":{"type":"node","id":"n1330","kind":"link","turns":[["w129.0:0","w698.0:1"]],"osmNode":1330},"geometry":{"type":"Point","coordinates":[-123.0795545,49.2659134]}},{"type":"Feature","properties":{"type":"node","id":"n101","kind":"switch","turns":[["w129.0:1","w130.0:0"],["w130.0:0","w234.0:0"]],"osmNode":101},"geometry":{"type":"Point","coordinates":[-123.080221,49.2660188]}},{"type":"Feature","properties":{"type":"node","id":"n102","kind":"switch","turns":[["w130.0:1","w131.0:0"],["w130.0:1","w297.0:0"]],"osmNode":102},"geometry":{"type":"Point","coordinates":[-123.080558,49.2660753]}},{"type":"Feature","properties":{"type":"node","id":"n103","kind":"buffer","turns":[],"osmNode":103},"geometry":{"type":"Point","coordinates":[-123.0817734,49.2662785]}},{"type":"Feature","properties":{"type":"node","id":"n1332","kind":"link","turns":[["w132.0:0","w134.0:1"]],"osmNode":1332},"geometry":{"type":"Point","coordinates":[-122.8876305,49.2639029]}},{"type":"Feature","properties":{"type":"node","id":"n1341","kind":"link","turns":[["w132.0:1","w470.0:0"]],"osmNode":1341},"geometry":{"type":"Point","coordinates":[-122.8890756,49.2620802]}},{"type":"Feature","properties":{"type":"node","id":"n1342","kind":"link","turns":[["w133.0:0","w311.0:1"]],"osmNode":1342},"geometry":{"type":"Point","coordinates":[-122.8928922,49.2514363]}},{"type":"Feature","properties":{"type":"node","id":"n104","kind":"switch","turns":[["w133.0:1","w293.0:0"],["w293.0:0","w689.0:1"]],"osmNode":104},"geometry":{"type":"Point","coordinates":[-122.8951814,49.2475794]}},{"type":"Feature","properties":{"type":"node","id":"n1367","kind":"link","turns":[["w134.0:0","w593.0:1"]],"osmNode":1367},"geometry":{"type":"Point","coordinates":[-122.8864552,49.2648427]}},{"type":"Feature","properties":{"type":"node","id":"n1368","kind":"link","turns":[["w135.0:0","w465.0:1"]],"osmNode":1368},"geometry":{"type":"Point","coordinates":[-122.8664666,49.2792723]}},{"type":"Feature","properties":{"type":"node","id":"n1383","kind":"link","turns":[["w135.0:1","w277.0:0"]],"osmNode":1383},"geometry":{"type":"Point","coordinates":[-122.8782709,49.2708996]}},{"type":"Feature","properties":{"type":"node","id":"n1384","kind":"link","turns":[["w136.0:0","w432.0:1"]],"osmNode":1384},"geometry":{"type":"Point","coordinates":[-122.861518,49.2787093]}},{"type":"Feature","properties":{"type":"node","id":"n105","kind":"switch","turns":[["w136.0:1","w137.0:0"],["w136.0:1","w385.0:0"]],"osmNode":105},"geometry":{"type":"Point","coordinates":[-122.862322,49.2788135]}},{"type":"Feature","properties":{"type":"node","id":"n106","kind":"switch","turns":[["w137.0:1","w138.0:0"],["w138.0:0","w384.0:1"]],"osmNode":106},"geometry":{"type":"Point","coordinates":[-122.86539,49.2791544]}},{"type":"Feature","properties":{"type":"node","id":"n1387","kind":"link","turns":[["w138.0:1","w465.0:0"]],"osmNode":1387},"geometry":{"type":"Point","coordinates":[-122.8660936,49.2792322]}},{"type":"Feature","properties":{"type":"node","id":"n1388","kind":"link","turns":[["w139.0:0","w140.0:1"]],"osmNode":1388},"geometry":{"type":"Point","coordinates":[-122.8362058,49.2778641]}},{"type":"Feature","properties":{"type":"node","id":"n1404","kind":"link","turns":[["w139.0:1","w614.0:0"]],"osmNode":1404},"geometry":{"type":"Point","coordinates":[-122.8441818,49.2779863]}},{"type":"Feature","properties":{"type":"node","id":"n1405","kind":"link","turns":[["w140.0:0","w141.0:1"]],"osmNode":1405},"geometry":{"type":"Point","coordinates":[-122.8285382,49.277328]}},{"type":"Feature","properties":{"type":"node","id":"n1426","kind":"link","turns":[["w141.0:0","w276.0:1"]],"osmNode":1426},"geometry":{"type":"Point","coordinates":[-122.8267245,49.2769815]}},{"type":"Feature","properties":{"type":"node","id":"n107","kind":"buffer","turns":[],"osmNode":107},"geometry":{"type":"Point","coordinates":[-122.7912483,49.2864521]}},{"type":"Feature","properties":{"type":"node","id":"n1430","kind":"link","turns":[["w142.0:1","w696.0:0"]],"osmNode":1430},"geometry":{"type":"Point","coordinates":[-122.791866,49.2853464]}},{"type":"Feature","properties":{"type":"node","id":"n1431","kind":"link","turns":[["w143.0:0","w525.0:1"]],"osmNode":1431},"geometry":{"type":"Point","coordinates":[-123.0066539,49.2270212]}},{"type":"Feature","properties":{"type":"node","id":"n108","kind":"switch","turns":[["w143.0:1","w144.0:0"],["w143.0:1","w608.0:0"]],"osmNode":108},"geometry":{"type":"Point","coordinates":[-123.002459,49.2250887]}},{"type":"Feature","properties":{"type":"node","id":"n1442","kind":"link","turns":[["w144.0:1","w631.0:0"]],"osmNode":1442},"geometry":{"type":"Point","coordinates":[-123.0018739,49.2247871]}},{"type":"Feature","properties":{"type":"node","id":"n109","kind":"switch","turns":[["w145.0:0","w476.0:0"],["w172.0:1","w476.0:0"]],"osmNode":109},"geometry":{"type":"Point","coordinates":[-123.1365091,49.1726229]}},{"type":"Feature","properties":{"type":"node","id":"n110","kind":"switch","turns":[["w145.0:1","w146.0:0"],["w146.0:0","w257.0:0"]],"osmNode":110},"geometry":{"type":"Point","coordinates":[-123.1364497,49.1742379]}},{"type":"Feature","properties":{"type":"node","id":"n1494","kind":"link","turns":[["w146.0:1","w477.0:0"]],"osmNode":1494},"geometry":{"type":"Point","coordinates":[-123.1283518,49.1945168]}},{"type":"Feature","properties":{"type":"node","id":"n1495","kind":"link","turns":[["w147.0:0","w438.0:1"]],"osmNode":1495},"geometry":{"type":"Point","coordinates":[-123.1311004,49.1946384]}},{"type":"Feature","properties":{"type":"node","id":"n1500","kind":"link","turns":[["w147.0:1","w174.0:0"]],"osmNode":1500},"geometry":{"type":"Point","coordinates":[-123.1304985,49.1944135]}},{"type":"Feature","properties":{"type":"node","id":"n111","kind":"switch","turns":[["w148.0:0","w321.0:1"],["w321.0:1","w322.0:0"]],"osmNode":111},"geometry":{"type":"Point","coordinates":[-123.1255604,49.195704]}},{"type":"Feature","properties":{"type":"node","id":"n112","kind":"switch","turns":[["w148.0:1","w344.0:1"],["w344.0:1","w345.0:0"]],"osmNode":112},"geometry":{"type":"Point","coordinates":[-123.124512,49.1963279]}},{"type":"Feature","properties":{"type":"node","id":"n1505","kind":"link","turns":[["w149.0:0","w150.0:1"]],"osmNode":1505},"geometry":{"type":"Point","coordinates":[-123.0473171,49.2447275]}},{"type":"Feature","properties":{"type":"node","id":"n1506","kind":"link","turns":[["w149.0:1","w620.0:0"]],"osmNode":1506},"geometry":{"type":"Point","coordinates":[-123.0466378,49.2444437]}},{"type":"Feature","properties":{"type":"node","id":"n1507","kind":"link","turns":[["w150.0:0","w701.0:1"]],"osmNode":1507},"geometry":{"type":"Point","coordinates":[-123.0532957,49.2472134]}},{"type":"Feature","properties":{"type":"node","id":"n1511","kind":"link","turns":[["w151.0:0","w541.0:1"]],"osmNode":1511},"geometry":{"type":"Point","coordinates":[-123.1060242,49.277836]}},{"type":"Feature","properties":{"type":"node","id":"n1532","kind":"link","turns":[["w151.0:1","w450.0:0"]],"osmNode":1532},"geometry":{"type":"Point","coordinates":[-123.1096496,49.2796794]}},{"type":"Feature","properties":{"type":"node","id":"n113","kind":"switch","turns":[["w152.0:0","w355.0:1"],["w355.0:1","w356.0:0"]],"osmNode":113},"geometry":{"type":"Point","coordinates":[-123.109987,49.2797803]}},{"type":"Feature","properties":{"type":"node","id":"n1533","kind":"link","turns":[["w152.0:1","w452.0:0"]],"osmNode":1533},"geometry":{"type":"Point","coordinates":[-123.1098901,49.2796922]}},{"type":"Feature","properties":{"type":"node","id":"n114","kind":"switch","turns":[["w153.0:0","w293.0:1"],["w156.0:0","w293.0:1"]],"osmNode":114},"geometry":{"type":"Point","coordinates":[-122.8953533,49.2476749]}},{"type":"Feature","properties":{"type":"node","id":"n115","kind":"switch","turns":[["w153.0:1","w154.0:0"],["w153.0:1","w597.0:1"]],"osmNode":115},"geometry":{"type":"Point","coordinates":[-122.895833,49.247937]}},{"type":"Feature","properties":{"type":"node","id":"n116","kind":"switch","turns":[["w154.0:1","w291.0:0"],["w291.0:0","w573.0:0"]],"osmNode":116},"geometry":{"type":"Point","coordinates":[-122.898356,49.2491805]}},{"type":"Feature","properties":{"type":"node","id":"n117","kind":"switch","turns":[["w155.0:0","w291.0:1"],["w169.0:1","w291.0:1"]],"osmNode":117},"geometry":{"type":"Point","coordinates":[-122.898501,49.2492336]}},{"type":"Feature","properties":{"type":"node","id":"n1551","kind":"link","turns":[["w155.0:1","w588.0:0"]],"osmNode":1551},"geometry":{"type":"Point","coordinates":[-122.9081029,49.2519294]}},{"type":"Feature","properties":{"type":"node","id":"n118","kind":"switch","turns":[["w156.0:1","w292.0:1"]],"osmNode":118},"geometry":{"type":"Point","coordinates":[-122.896237,49.248049]}},{"type":"Feature","properties":{"type":"node","id":"n1554","kind":"link","turns":[["w157.0:0","w222.2:1"]],"osmNode":1554},"geometry":{"type":"Point","coordinates":[-122.8846164,49.2370083]}},{"type":"Feature","properties":{"type":"node","id":"n119","kind":"switch","turns":[["w157.0:1","w158.0:0"]],"osmNode":119},"geometry":{"type":"Point","coordinates":[-122.8884911,49.2393161]}},{"type":"Feature","properties":{"type":"node","id":"n1579","kind":"link","turns":[["w158.0:1","w587.0:0"]],"osmNode":1579},"geometry":{"type":"Point","coordinates":[-122.8928274,49.2454187]}},{"type":"Feature","properties":{"type":"node","id":"n120","kind":"buffer","turns":[],"osmNode":120},"geometry":{"type":"Point","coordinates":[-123.1097775,49.2852233]}},{"type":"Feature","properties":{"type":"node","id":"n121","kind":"switch","turns":[["w159.0:1","w167.0:0"],["w160.0:1","w167.0:0"]],"osmNode":121},"geometry":{"type":"Point","coordinates":[-123.11171,49.2860202]}},{"type":"Feature","properties":{"type":"node","id":"n122","kind":"switch","turns":[["w160.0:0","w161.0:0"],["w161.0:0","w507.0:1"]],"osmNode":122},"geometry":{"type":"Point","coordinates":[-123.110834,49.2856067]}},{"type":"Feature","properties":{"type":"node","id":"n123","kind":"buffer","turns":[],"osmNode":123},"geometry":{"type":"Point","coordinates":[-123.1093888,49.2850447]}},{"type":"Feature","properties":{"type":"node","id":"n1584","kind":"link","turns":[["w162.0:0","w165.0:1"]],"osmNode":1584},"geometry":{"type":"Point","coordinates":[-123.1122977,49.2861531]}},{"type":"Feature","properties":{"type":"node","id":"n1586","kind":"link","turns":[["w162.0:1","w507.0:0"]],"osmNode":1586},"geometry":{"type":"Point","coordinates":[-123.1115095,49.2858297]}},{"type":"Feature","properties":{"type":"node","id":"n1587","kind":"link","turns":[["w163.0:0","w611.0:1"]],"osmNode":1587},"geometry":{"type":"Point","coordinates":[-123.1178808,49.288026]}},{"type":"Feature","properties":{"type":"node","id":"n124","kind":"switch","turns":[["w163.0:1","w164.0:0"],["w164.0:0","w166.0:1"]],"osmNode":124},"geometry":{"type":"Point","coordinates":[-123.116595,49.2877188]}},{"type":"Feature","properties":{"type":"node","id":"n125","kind":"switch","turns":[["w164.0:1","w165.0:0"],["w164.0:1","w506.0:0"]],"osmNode":125},"geometry":{"type":"Point","coordinates":[-123.115768,49.2875022]}},{"type":"Feature","properties":{"type":"node","id":"n1594","kind":"link","turns":[["w168.0:0","w450.0:1"]],"osmNode":1594},"geometry":{"type":"Point","coordinates":[-123.1097795,49.2797682]}},{"type":"Feature","properties":{"type":"node","id":"n1612","kind":"link","turns":[["w168.0:1","w625.0:0"]],"osmNode":1612},"geometry":{"type":"Point","coordinates":[-123.1201079,49.2859608]}},{"type":"Feature","properties":{"type":"node","id":"n126","kind":"switch","turns":[["w169.0:0","w294.0:1"],["w292.0:0","w294.0:1"]],"osmNode":126},"geometry":{"type":"Point","coordinates":[-122.899115,49.2494097]}},{"type":"Feature","properties":{"type":"node","id":"n1620","kind":"link","turns":[["w170.0:1","w322.0:1"]],"osmNode":1620},"geometry":{"type":"Point","coordinates":[-123.1233229,49.1967785]}},{"type":"Feature","properties":{"type":"node","id":"n1621","kind":"link","turns":[["w171.0:0","w478.0:1"]],"osmNode":1621},"geometry":{"type":"Point","coordinates":[-123.1283894,49.1945536]}},{"type":"Feature","properties":{"type":"node","id":"n127","kind":"switch","turns":[["w171.0:1","w172.0:0"],["w172.0:0","w257.0:1"]],"osmNode":127},"geometry":{"type":"Point","coordinates":[-123.1365223,49.1738591]}},{"type":"Feature","properties":{"type":"node","id":"n1685","kind":"link","turns":[["w173.0:1","w585.0:0"]],"osmNode":1685},"geometry":{"type":"Point","coordinates":[-123.1417883,49.1965235]}},{"type":"Feature","properties":{"type":"node","id":"n128","kind":"switch","turns":[["w174.0:1","w321.0:0"],["w321.0:0","w477.0:1"]],"osmNode":128},"geometry":{"type":"Point","coordinates":[-123.126408,49.1953179]}},{"type":"Feature","properties":{"type":"node","id":"n1704","kind":"link","turns":[["w175.0:0","w577.0:1"]],"osmNode":1704},"geometry":{"type":"Point","coordinates":[-122.8914546,49.2042714]}},{"type":"Feature","properties":{"type":"node","id":"n1711","kind":"link","turns":[["w175.0:1","w196.0:0"]],"osmNode":1711},"geometry":{"type":"Point","coordinates":[-122.9012454,49.2065793]}},{"type":"Feature","properties":{"type":"node","id":"n129","kind":"switch","turns":[["w176.0:0","w576.0:0"],["w575.0:1","w576.0:0"]],"osmNode":129},"geometry":{"type":"Point","coordinates":[-122.873277,49.2045718]}},{"type":"Feature","properties":{"type":"node","id":"n130","kind":"switch","turns":[["w176.0:1","w580.0:0"],["w579.0:1","w580.0:0"]],"osmNode":130},"geometry":{"type":"Point","coordinates":[-122.872077,49.2046273]}},{"type":"Feature","properties":{"type":"node","id":"n1714","kind":"link","turns":[["w177.0:0","w191.0:1"]],"osmNode":1714},"geometry":{"type":"Point","coordinates":[-122.9093529,49.2032294]}},{"type":"Feature","properties":{"type":"node","id":"n1716","kind":"link","turns":[["w177.0:1","w528.0:0"]],"osmNode":1716},"geometry":{"type":"Point","coordinates":[-122.909688,49.2030509]}},{"type":"Feature","properties":{"type":"node","id":"n131","kind":"switch","turns":[["w178.0:0","w183.0:1"],["w183.0:1","w184.0:0"]],"osmNode":131},"geometry":{"type":"Point","coordinates":[-122.850546,49.1975888]}},{"type":"Feature","properties":{"type":"node","id":"n1719","kind":"link","turns":[["w179.0:0","w187.0:1"]],"osmNode":1719},"geometry":{"type":"Point","coordinates":[-122.9583979,49.2048245]}},{"type":"Feature","properties":{"type":"node","id":"n132","kind":"buffer","turns":[],"osmNode":132},"geometry":{"type":"Point","coordinates":[-122.8405763,49.1812071]}},{"type":"Feature","properties":{"type":"node","id":"n133","kind":"switch","turns":[["w180.0:1","w181.0:0"],["w181.0:0","w192.0:1"]],"osmNode":133},"geometry":{"type":"Point","coordinates":[-122.843934,49.1824901]}},{"type":"Feature","properties":{"type":"node","id":"n134","kind":"switch","turns":[["w181.0:1","w182.0:0"],["w181.0:1","w193.0:0"]],"osmNode":134},"geometry":{"type":"Point","coordinates":[-122.845253,49.1830259]}},{"type":"Feature","properties":{"type":"node","id":"n135","kind":"switch","turns":[["w182.0:1","w183.0:0"],["w183.0:0","w195.0:0"]],"osmNode":135},"geometry":{"type":"Point","coordinates":[-122.850547,49.1974623]}},{"type":"Feature","properties":{"type":"node","id":"n1781","kind":"link","turns":[["w184.0:1","w622.0:0"]],"osmNode":1781},"geometry":{"type":"Point","coordinates":[-122.8505509,49.1994036]}},{"type":"Feature","properties":{"type":"node","id":"n1782","kind":"link","turns":[["w185.0:0","w623.0:1"]],"osmNode":1782},"geometry":{"type":"Point","coordinates":[-122.9586903,49.2028863]}},{"type":"Feature","properties":{"type":"node","id":"n1790","kind":"link","turns":[["w185.0:1","w187.0:0"]],"osmNode":1790},"geometry":{"type":"Point","coordinates":[-122.9586451,49.2043563]}},{"type":"Feature","properties":{"type":"node","id":"n136","kind":"switch","turns":[["w186.0:0","w578.0:1"],["w578.0:1","w579.0:0"]],"osmNode":136},"geometry":{"type":"Point","coordinates":[-122.879153,49.203809]}},{"type":"Feature","properties":{"type":"node","id":"n137","kind":"switch","turns":[["w186.0:1","w576.0:1"],["w576.0:1","w577.0:0"]],"osmNode":137},"geometry":{"type":"Point","coordinates":[-122.876697,49.2041651]}},{"type":"Feature","properties":{"type":"node","id":"n1802","kind":"link","turns":[["w188.0:0","w527.0:1"]],"osmNode":1802},"geometry":{"type":"Point","coordinates":[-122.9096504,49.2030223]}},{"type":"Feature","properties":{"type":"node","id":"n1805","kind":"link","turns":[["w189.0:1","w190.0:0"]],"osmNode":1805},"geometry":{"type":"Point","coordinates":[-122.9043065,49.2057015]}},{"type":"Feature","properties":{"type":"node","id":"n138","kind":"switch","turns":[["w190.0:1","w191.0:0"],["w190.0:1","w530.0:0"]],"osmNode":138},"geometry":{"type":"Point","coordinates":[-122.907335,49.2042433]}},{"type":"Feature","properties":{"type":"node","id":"n139","kind":"switch","turns":[["w192.0:0","w318.0:0"],["w317.0:1","w318.0:0"]],"osmNode":139},"geometry":{"type":"Point","coordinates":[-122.843411,49.1822282]}},{"type":"Feature","properties":{"type":"node","id":"n140","kind":"switch","turns":[["w193.0:1","w316.0:1"],["w316.0:1","w317.0:0"]],"osmNode":140},"geometry":{"type":"Point","coordinates":[-122.845849,49.1832174]}},{"type":"Feature","properties":{"type":"node","id":"n1813","kind":"link","turns":[["w194.0:0","w685.0:1"]],"osmNode":1813},"geometry":{"type":"Point","coordinates":[-122.9145479,49.2004372]}},{"type":"Feature","properties":{"type":"node","id":"n1879","kind":"link","turns":[["w194.0:1","w623.0:0"]],"osmNode":1879},"geometry":{"type":"Point","coordinates":[-122.9494404,49.199967]}},{"type":"Feature","properties":{"type":"node","id":"n141","kind":"switch","turns":[["w195.0:1","w316.0:0"],["w315.0:1","w316.0:0"]],"osmNode":141},"geometry":{"type":"Point","coordinates":[-122.85067,49.1966888]}},{"type":"Feature","properties":{"type":"node","id":"n1888","kind":"link","turns":[["w196.0:1","w461.0:0"]],"osmNode":1888},"geometry":{"type":"Point","coordinates":[-122.9031159,49.2062805]}},{"type":"Feature","properties":{"type":"node","id":"n142","kind":"switch","turns":[["w197.0:0","w288.0:1"],["w287.0:0","w288.0:1"]],"osmNode":142},"geometry":{"type":"Point","coordinates":[-122.9580297,49.2053184]}},{"type":"Feature","properties":{"type":"node","id":"n143","kind":"switch","turns":[["w197.0:1","w266.0:0"],["w266.0:0","w286.0:0"]],"osmNode":143},"geometry":{"type":"Point","coordinates":[-122.95732,49.2062618]}},{"type":"Feature","properties":{"type":"node","id":"n1891","kind":"link","turns":[["w198.0:1","w199.0:0"]],"osmNode":1891},"geometry":{"type":"Point","coordinates":[-122.9579016,49.2103451]}},{"type":"Feature","properties":{"type":"node","id":"n1892","kind":"link","turns":[["w199.0:1","w200.0:0"]],"osmNode":1892},"geometry":{"type":"Point","coordinates":[-122.9588112,49.2115685]}},{"type":"Feature","properties":{"type":"node","id":"n1894","kind":"link","turns":[["w200.0:1","w201.0:0"]],"osmNode":1894},"geometry":{"type":"Point","coordinates":[-122.9598078,49.2129412]}},{"type":"Feature","properties":{"type":"node","id":"n144","kind":"switch","turns":[["w201.0:1","w609.0:1"],["w201.0:1","w632.0:0"]],"osmNode":144},"geometry":{"type":"Point","coordinates":[-122.999983,49.2239305]}},{"type":"Feature","properties":{"type":"node","id":"n145","kind":"switch","turns":[["w202.0:0","w207.0:1"],["w202.0:0","w631.0:1"]],"osmNode":145},"geometry":{"type":"Point","coordinates":[-123.000052,49.2238656]}},{"type":"Feature","properties":{"type":"node","id":"n1973","kind":"link","turns":[["w203.0:0","w526.0:1"]],"osmNode":1973},"geometry":{"type":"Point","coordinates":[-123.0155164,49.2311379]}},{"type":"Feature","properties":{"type":"node","id":"n146","kind":"switch","turns":[["w203.0:1","w204.0:0"],["w204.0:0","w209.0:1"]],"osmNode":146},"geometry":{"type":"Point","coordinates":[-123.026003,49.2357592]}},{"type":"Feature","properties":{"type":"node","id":"n147","kind":"switch","turns":[["w204.0:1","w205.0:0"],["w204.0:1","w210.0:0"]],"osmNode":147},"geometry":{"type":"Point","coordinates":[-123.02616,49.2358306]}},{"type":"Feature","properties":{"type":"node","id":"n1999","kind":"link","turns":[["w205.0:1","w211.0:0"]],"osmNode":1999},"geometry":{"type":"Point","coordinates":[-123.0384369,49.24113]}},{"type":"Feature","properties":{"type":"node","id":"n148","kind":"switch","turns":[["w206.0:0","w208.0:1"],["w206.0:0","w608.0:1"]],"osmNode":148},"geometry":{"type":"Point","coordinates":[-123.001992,49.2248935]}},{"type":"Feature","properties":{"type":"node","id":"n149","kind":"switch","turns":[["w206.0:1","w207.0:0"],["w206.0:1","w609.0:0"]],"osmNode":149},"geometry":{"type":"Point","coordinates":[-123.000479,49.2241337]}},{"type":"Feature","properties":{"type":"node","id":"n150","kind":"switch","turns":[["w208.0:0","w633.0:0"],["w632.0:1","w633.0:0"]],"osmNode":150},"geometry":{"type":"Point","coordinates":[-123.002394,49.2251481]}},{"type":"Feature","properties":{"type":"node","id":"n2005","kind":"link","turns":[["w211.0:1","w619.0:0"]],"osmNode":2005},"geometry":{"type":"Point","coordinates":[-123.0460383,49.2442974]}},{"type":"Feature","properties":{"type":"node","id":"n2006","kind":"link","turns":[["w212.0:0","w618.0:1"]],"osmNode":2006},"geometry":{"type":"Point","coordinates":[-123.0465683,49.2445169]}},{"type":"Feature","properties":{"type":"node","id":"n2007","kind":"link","turns":[["w212.0:1","w213.0:0"]],"osmNode":2007},"geometry":{"type":"Point","coordinates":[-123.0472497,49.2447941]}},{"type":"Feature","properties":{"type":"node","id":"n2013","kind":"link","turns":[["w213.0:1","w700.0:0"]],"osmNode":2013},"geometry":{"type":"Point","coordinates":[-123.0532623,49.2472451]}},{"type":"Feature","properties":{"type":"node","id":"n2014","kind":"link","turns":[["w214.0:0","w630.0:1"]],"osmNode":2014},"geometry":{"type":"Point","coordinates":[-123.0704257,49.2638989]}},{"type":"Feature","properties":{"type":"node","id":"n2099","kind":"link","turns":[["w214.0:1","w532.0:0"]],"osmNode":2099},"geometry":{"type":"Point","coordinates":[-123.0863148,49.2705013]}},{"type":"Feature","properties":{"type":"node","id":"n151","kind":"switch","turns":[["w215.0:0","w217.0:0"],["w215.0:0","w600.0:1"]],"osmNode":151},"geometry":{"type":"Point","coordinates":[-123.062878,49.2512122]}},{"type":"Feature","properties":{"type":"node","id":"n152","kind":"switch","turns":[["w215.0:1","w216.0:0"],["w215.0:1","w599.0:0"]],"osmNode":152},"geometry":{"type":"Point","coordinates":[-123.061347,49.2505647]}},{"type":"Feature","properties":{"type":"node","id":"n153","kind":"switch","turns":[["w216.0:1","w640.0:1"],["w640.0:1","w641.0:0"]],"osmNode":153},"geometry":{"type":"Point","coordinates":[-123.060834,49.2503944]}},{"type":"Feature","properties":{"type":"node","id":"n154","kind":"switch","turns":[["w217.0:1","w637.0:1"],["w637.0:1","w638.0:0"]],"osmNode":154},"geometry":{"type":"Point","coordinates":[-123.063381,49.2513813]}},{"type":"Feature","properties":{"type":"node","id":"n2101","kind":"link","turns":[["w218.0:0","w531.0:1"]],"osmNode":2101},"geometry":{"type":"Point","coordinates":[-123.0863344,49.2704708]}},{"type":"Feature","properties":{"type":"node","id":"n2175","kind":"link","turns":[["w218.0:1","w629.0:0"]],"osmNode":2175},"geometry":{"type":"Point","coordinates":[-123.0705385,49.2638723]}},{"type":"Feature","properties":{"type":"node","id":"n155","kind":"switch","turns":[["w219.0:0","w536.0:1"],["w536.0:1","w541.0:0"]],"osmNode":155},"geometry":{"type":"Point","coordinates":[-123.105244,49.2777552]}},{"type":"Feature","properties":{"type":"node","id":"n156","kind":"switch","turns":[["w219.0:1","w542.0:1"],["w539.0:0","w542.0:1"]],"osmNode":156},"geometry":{"type":"Point","coordinates":[-123.105717,49.2777675]}},{"type":"Feature","properties":{"type":"node","id":"n2182","kind":"link","turns":[["w220.0:1","w221.0:0"]],"osmNode":2182},"geometry":{"type":"Point","coordinates":[-122.902073,49.2066893]}},{"type":"Feature","properties":{"type":"node","id":"n2190","kind":"link","turns":[["w221.0:1","w545.0:0"]],"osmNode":2190},"geometry":{"type":"Point","coordinates":[-122.8974017,49.210984]}},{"type":"Feature","properties":{"type":"node","id":"n2191","kind":"link","turns":[["w222.0:0","w547.0:1"]],"osmNode":2191},"geometry":{"type":"Point","coordinates":[-122.8835159,49.2294932]}},{"type":"Feature","properties":{"type":"node","id":"n4892","kind":"switch","turns":[["w222.0:1","w222.1:0"],["w222.1:0","w709.0:0"]],"osmNode":4892},"geometry":{"type":"Point","coordinates":[-122.8825347,49.2322]}},{"type":"Feature","properties":{"type":"node","id":"n2258","kind":"switch","turns":[["w222.1:1","w222.2:0"],["w222.2:0","w710.0:0"]],"osmNode":2258},"geometry":{"type":"Point","coordinates":[-122.8844735,49.2369036]}},{"type":"Feature","properties":{"type":"node","id":"n157","kind":"switch","turns":[["w223.0:0","w549.0:1"],["w549.0:1","w550.0:0"]],"osmNode":157},"geometry":{"type":"Point","coordinates":[-122.892203,49.2211042]}},{"type":"Feature","properties":{"type":"node","id":"n158","kind":"switch","turns":[["w223.0:1","w545.0:1"],["w545.0:1","w546.0:0"]],"osmNode":158},"geometry":{"type":"Point","coordinates":[-122.8922439,49.2207195]}},{"type":"Feature","properties":{"type":"node","id":"n159","kind":"switch","turns":[["w224.0:0","w547.0:0"],["w546.0:1","w547.0:0"]],"osmNode":159},"geometry":{"type":"Point","coordinates":[-122.890114,49.2240133]}},{"type":"Feature","properties":{"type":"node","id":"n160","kind":"switch","turns":[["w224.0:1","w549.0:0"],["w548.0:1","w549.0:0"]],"osmNode":160},"geometry":{"type":"Point","coordinates":[-122.890568,49.2236935]}},{"type":"Feature","properties":{"type":"node","id":"n161","kind":"switch","turns":[["w225.0:0","w300.0:0"],["w296.0:1","w300.0:0"]],"osmNode":161},"geometry":{"type":"Point","coordinates":[-122.929031,49.2544036]}},{"type":"Feature","properties":{"type":"node","id":"n162","kind":"switch","turns":[["w225.0:1","w298.0:0"],["w247.0:1","w298.0:0"]],"osmNode":162},"geometry":{"type":"Point","coordinates":[-122.92837,49.254356]}},{"type":"Feature","properties":{"type":"node","id":"n163","kind":"switch","turns":[["w226.0:0","w295.0:1"],["w295.0:1","w296.0:0"]],"osmNode":163},"geometry":{"type":"Point","coordinates":[-122.927358,49.2543958]}},{"type":"Feature","properties":{"type":"node","id":"n164","kind":"switch","turns":[["w226.0:1","w298.0:1"],["w298.0:1","w299.0:0"]],"osmNode":164},"geometry":{"type":"Point","coordinates":[-122.928012,49.2543536]}},{"type":"Feature","properties":{"type":"node","id":"n2260","kind":"link","turns":[["w227.0:0","w300.0:1"]],"osmNode":2260},"geometry":{"type":"Point","coordinates":[-122.9312748,49.2543989]}},{"type":"Feature","properties":{"type":"node","id":"n2266","kind":"link","turns":[["w227.0:1","w563.0:0"]],"osmNode":2266},"geometry":{"type":"Point","coordinates":[-122.9346707,49.2544081]}},{"type":"Feature","properties":{"type":"node","id":"n2267","kind":"link","turns":[["w228.0:0","w563.0:1"]],"osmNode":2267},"geometry":{"type":"Point","coordinates":[-122.9363248,49.2544377]}},{"type":"Feature","properties":{"type":"node","id":"n2316","kind":"link","turns":[["w228.0:1","w553.0:0"]],"osmNode":2316},"geometry":{"type":"Point","coordinates":[-122.972425,49.2619978]}},{"type":"Feature","properties":{"type":"node","id":"n165","kind":"switch","turns":[["w229.0:0","w231.0:1"],["w229.0:0","w596.0:1"]],"osmNode":165},"geometry":{"type":"Point","coordinates":[-122.977344,49.2637765]}},{"type":"Feature","properties":{"type":"node","id":"n166","kind":"switch","turns":[["w229.0:1","w230.0:0"],["w229.0:1","w595.0:0"]],"osmNode":166},"geometry":{"type":"Point","coordinates":[-122.975738,49.2632037]}},{"type":"Feature","properties":{"type":"node","id":"n167","kind":"switch","turns":[["w230.0:1","w553.0:1"],["w553.0:1","w554.0:0"]],"osmNode":167},"geometry":{"type":"Point","coordinates":[-122.975139,49.2630355]}},{"type":"Feature","properties":{"type":"node","id":"n168","kind":"switch","turns":[["w231.0:0","w556.0:1"],["w556.0:1","w557.0:0"]],"osmNode":168},"geometry":{"type":"Point","coordinates":[-122.977882,49.2639159]}},{"type":"Feature","properties":{"type":"node","id":"n169","kind":"switch","turns":[["w232.0:1","w233.0:0"],["w232.0:1","w238.0:1"]],"osmNode":169},"geometry":{"type":"Point","coordinates":[-123.065947,49.2619476]}},{"type":"Feature","properties":{"type":"node","id":"n170","kind":"switch","turns":[["w234.0:1","w422.0:0"],["w421.0:1","w422.0:0"]],"osmNode":170},"geometry":{"type":"Point","coordinates":[-123.079844,49.2659205]}},{"type":"Feature","properties":{"type":"node","id":"n171","kind":"switch","turns":[["w235.0:0","w307.0:1"],["w307.0:1","w308.0:0"]],"osmNode":171},"geometry":{"type":"Point","coordinates":[-123.0756,49.2650348]}},{"type":"Feature","properties":{"type":"node","id":"n172","kind":"switch","turns":[["w235.0:1","w457.0:1"],["w457.0:1","w458.0:0"]],"osmNode":172},"geometry":{"type":"Point","coordinates":[-123.075183,49.2649587]}},{"type":"Feature","properties":{"type":"node","id":"n2351","kind":"link","turns":[["w236.0:0","w459.0:1"]],"osmNode":2351},"geometry":{"type":"Point","coordinates":[-123.0700816,49.2634853]}},{"type":"Feature","properties":{"type":"node","id":"n173","kind":"switch","turns":[["w236.0:1","w237.0:0"],["w236.0:1","w238.0:0"]],"osmNode":173},"geometry":{"type":"Point","coordinates":[-123.066483,49.2621057]}},{"type":"Feature","properties":{"type":"node","id":"n2378","kind":"link","turns":[["w237.0:1","w239.0:0"]],"osmNode":2378},"geometry":{"type":"Point","coordinates":[-123.0546189,49.2578693]}},{"type":"Feature","properties":{"type":"node","id":"n174","kind":"switch","turns":[["w239.0:1","w240.0:0"],["w240.0:0","w242.0:1"]],"osmNode":174},"geometry":{"type":"Point","coordinates":[-123.039671,49.2595854]}},{"type":"Feature","properties":{"type":"node","id":"n175","kind":"switch","turns":[["w240.0:1","w241.0:0"],["w240.0:1","w243.0:0"]],"osmNode":175},"geometry":{"type":"Point","coordinates":[-123.039317,49.2596315]}},{"type":"Feature","properties":{"type":"node","id":"n2400","kind":"link","turns":[["w241.0:1","w551.0:0"]],"osmNode":2400},"geometry":{"type":"Point","coordinates":[-123.0380849,49.2598022]}},{"type":"Feature","properties":{"type":"node","id":"n176","kind":"switch","turns":[["w244.0:0","w278.0:1"],["w278.0:1","w279.0:0"]],"osmNode":176},"geometry":{"type":"Point","coordinates":[-123.009806,49.2663633]}},{"type":"Feature","properties":{"type":"node","id":"n177","kind":"switch","turns":[["w244.0:1","w560.0:1"],["w560.0:1","w561.0:0"]],"osmNode":177},"geometry":{"type":"Point","coordinates":[-123.009165,49.26644]}},{"type":"Feature","properties":{"type":"node","id":"n178","kind":"switch","turns":[["w245.0:0","w560.0:0"],["w559.0:1","w560.0:0"]],"osmNode":178},"geometry":{"type":"Point","coordinates":[-123.008967,49.2664514]}},{"type":"Feature","properties":{"type":"node","id":"n179","kind":"switch","turns":[["w245.0:1","w280.0:0"],["w279.0:1","w280.0:0"]],"osmNode":179},"geometry":{"type":"Point","coordinates":[-123.008295,49.266444]}},{"type":"Feature","properties":{"type":"node","id":"n2401","kind":"link","turns":[["w246.0:0","w564.0:1"]],"osmNode":2401},"geometry":{"type":"Point","coordinates":[-122.9346723,49.2543696]}},{"type":"Feature","properties":{"type":"node","id":"n2403","kind":"link","turns":[["w246.0:1","w247.0:0"]],"osmNode":2403},"geometry":{"type":"Point","coordinates":[-122.9312738,49.2543587]}},{"type":"Feature","properties":{"type":"node","id":"n180","kind":"switch","turns":[["w248.0:0","w323.0:0"],["w323.0:0","w390.0:1"]],"osmNode":180},"geometry":{"type":"Point","coordinates":[-123.1708711,49.1935464]}},{"type":"Feature","properties":{"type":"node","id":"n181","kind":"switch","turns":[["w248.0:1","w249.0:0"],["w248.0:1","w250.0:0"]],"osmNode":181},"geometry":{"type":"Point","coordinates":[-123.1693269,49.1933716]}},{"type":"Feature","properties":{"type":"node","id":"n2416","kind":"link","turns":[["w249.0:1","w251.0:0"]],"osmNode":2416},"geometry":{"type":"Point","coordinates":[-123.1649163,49.1930443]}},{"type":"Feature","properties":{"type":"node","id":"n182","kind":"switch","turns":[["w250.0:1","w389.0:1"],["w389.0:1","w390.0:0"]],"osmNode":182},"geometry":{"type":"Point","coordinates":[-123.1684562,49.1933219]}},{"type":"Feature","properties":{"type":"node","id":"n2447","kind":"link","turns":[["w251.0:1","w252.0:0"]],"osmNode":2447},"geometry":{"type":"Point","coordinates":[-123.1513594,49.1946528]}},{"type":"Feature","properties":{"type":"node","id":"n2448","kind":"link","turns":[["w252.0:1","w253.0:0"]],"osmNode":2448},"geometry":{"type":"Point","coordinates":[-123.150724,49.195012]}},{"type":"Feature","properties":{"type":"node","id":"n183","kind":"switch","turns":[["w253.0:1","w325.0:0"],["w253.0:1","w583.0:0"]],"osmNode":183},"geometry":{"type":"Point","coordinates":[-123.149843,49.1955101]}},{"type":"Feature","properties":{"type":"node","id":"n2449","kind":"link","turns":[["w254.0:0","w582.0:1"]],"osmNode":2449},"geometry":{"type":"Point","coordinates":[-123.1461966,49.1966977]}},{"type":"Feature","properties":{"type":"node","id":"n184","kind":"switch","turns":[["w254.0:1","w256.0:0"],["w255.0:1","w256.0:0"]],"osmNode":184},"geometry":{"type":"Point","coordinates":[-123.1432513,49.1966488]}},{"type":"Feature","properties":{"type":"node","id":"n185","kind":"switch","turns":[["w255.0:0","w586.0:0"],["w585.0:1","w586.0:0"]],"osmNode":185},"geometry":{"type":"Point","coordinates":[-123.1440837,49.1967935]}},{"type":"Feature","properties":{"type":"node","id":"n2464","kind":"link","turns":[["w256.0:1","w438.0:0"]],"osmNode":2464},"geometry":{"type":"Point","coordinates":[-123.1418038,49.1964807]}},{"type":"Feature","properties":{"type":"node","id":"n186","kind":"buffer","turns":[],"osmNode":186},"geometry":{"type":"Point","coordinates":[-122.9585926,49.2030704]}},{"type":"Feature","properties":{"type":"node","id":"n187","kind":"switch","turns":[["w258.0:1","w259.0:0"],["w259.0:0","w261.0:0"]],"osmNode":187},"geometry":{"type":"Point","coordinates":[-122.9586085,49.2036743]}},{"type":"Feature","properties":{"type":"node","id":"n188","kind":"switch","turns":[["w259.0:1","w260.0:0"],["w260.0:0","w262.0:0"]],"osmNode":188},"geometry":{"type":"Point","coordinates":[-122.9584698,49.2040477]}},{"type":"Feature","properties":{"type":"node","id":"n189","kind":"buffer","turns":[],"osmNode":189},"geometry":{"type":"Point","coordinates":[-122.958515,49.2043452]}},{"type":"Feature","properties":{"type":"node","id":"n190","kind":"switch","turns":[["w262.0:1","w263.0:0"],["w262.0:1","w264.0:0"]],"osmNode":190},"geometry":{"type":"Point","coordinates":[-122.9584645,49.204019]}},{"type":"Feature","properties":{"type":"node","id":"n2479","kind":"link","turns":[["w263.0:1","w544.0:0"]],"osmNode":2479},"geometry":{"type":"Point","coordinates":[-122.9584269,49.2037437]}},{"type":"Feature","properties":{"type":"node","id":"n2485","kind":"link","turns":[["w264.0:1","w543.0:0"]],"osmNode":2485},"geometry":{"type":"Point","coordinates":[-122.958347,49.2037481]}},{"type":"Feature","properties":{"type":"node","id":"n2486","kind":"link","turns":[["w265.0:0","w270.0:1"]],"osmNode":2486},"geometry":{"type":"Point","coordinates":[-122.9587163,49.2043713]}},{"type":"Feature","properties":{"type":"node","id":"n2521","kind":"link","turns":[["w269.0:1","w270.0:0"]],"osmNode":2521},"geometry":{"type":"Point","coordinates":[-122.9584462,49.2048499]}},{"type":"Feature","properties":{"type":"node","id":"n2529","kind":"link","turns":[["w271.0:1","w702.0:0"]],"osmNode":2529},"geometry":{"type":"Point","coordinates":[-122.9583797,49.2047581]}},{"type":"Feature","properties":{"type":"node","id":"n2530","kind":"link","turns":[["w272.0:0","w567.0:1"]],"osmNode":2530},"geometry":{"type":"Point","coordinates":[-122.8123966,49.2765743]}},{"type":"Feature","properties":{"type":"node","id":"n191","kind":"switch","turns":[["w272.0:1","w273.0:0"],["w273.0:0","w338.0:0"]],"osmNode":191},"geometry":{"type":"Point","coordinates":[-122.813069,49.2765888]}},{"type":"Feature","properties":{"type":"node","id":"n192","kind":"switch","turns":[["w273.0:1","w274.0:0"],["w273.0:1","w289.0:0"]],"osmNode":192},"geometry":{"type":"Point","coordinates":[-122.8133961,49.2765953]}},{"type":"Feature","properties":{"type":"node","id":"n193","kind":"switch","turns":[["w274.0:1","w275.0:0"],["w275.0:0","w467.0:1"]],"osmNode":193},"geometry":{"type":"Point","coordinates":[-122.819346,49.2767367]}},{"type":"Feature","properties":{"type":"node","id":"n194","kind":"switch","turns":[["w275.0:1","w276.0:0"],["w275.0:1","w327.0:1"]],"osmNode":194},"geometry":{"type":"Point","coordinates":[-122.8210236,49.2767681]}},{"type":"Feature","properties":{"type":"node","id":"n2540","kind":"link","turns":[["w277.0:1","w591.0:0"]],"osmNode":2540},"geometry":{"type":"Point","coordinates":[-122.8852385,49.2657647]}},{"type":"Feature","properties":{"type":"node","id":"n2541","kind":"link","turns":[["w278.0:0","w551.0:1"]],"osmNode":2541},"geometry":{"type":"Point","coordinates":[-123.0264168,49.2624475]}},{"type":"Feature","properties":{"type":"node","id":"n2613","kind":"link","turns":[["w280.0:1","w556.0:0"]],"osmNode":2613},"geometry":{"type":"Point","coordinates":[-122.9906564,49.2648754]}},{"type":"Feature","properties":{"type":"node","id":"n2619","kind":"link","turns":[["w281.0:1","w510.0:0"]],"osmNode":2619},"geometry":{"type":"Point","coordinates":[-122.957149,49.2054187]}},{"type":"Feature","properties":{"type":"node","id":"n195","kind":"switch","turns":[["w282.0:1","w380.0:1"],["w380.0:1","w381.0:0"]],"osmNode":195},"geometry":{"type":"Point","coordinates":[-122.9537925,49.2065414]}},{"type":"Feature","properties":{"type":"node","id":"n196","kind":"switch","turns":[["w283.0:0","w708.0:0"],["w518.0:1","w708.0:0"]],"osmNode":196},"geometry":{"type":"Point","coordinates":[-122.9556594,49.2052845]}},{"type":"Feature","properties":{"type":"node","id":"n2677","kind":"link","turns":[["w283.0:1","w519.0:0"]],"osmNode":2677},"geometry":{"type":"Point","coordinates":[-122.9553619,49.2055566]}},{"type":"Feature","properties":{"type":"node","id":"n2678","kind":"link","turns":[["w284.0:0","w517.0:1"]],"osmNode":2678},"geometry":{"type":"Point","coordinates":[-122.9550026,49.205609]}},{"type":"Feature","properties":{"type":"node","id":"n197","kind":"switch","turns":[["w284.0:1","w694.0:0"],["w693.0:1","w694.0:0"]],"osmNode":197},"geometry":{"type":"Point","coordinates":[-122.9554121,49.2052944]}},{"type":"Feature","properties":{"type":"node","id":"n2685","kind":"end","turns":[],"osmNode":2685},"geometry":{"type":"Point","coordinates":[-122.9547844,49.2061357]}},{"type":"Feature","properties":{"type":"node","id":"n2686","kind":"link","turns":[["w285.0:1","w518.0:0"]],"osmNode":2686},"geometry":{"type":"Point","coordinates":[-122.9552525,49.2055232]}},{"type":"Feature","properties":{"type":"node","id":"n198","kind":"switch","turns":[["w289.0:1","w290.0:0"],["w290.0:0","w368.0:1"]],"osmNode":198},"geometry":{"type":"Point","coordinates":[-122.814404,49.2766835]}},{"type":"Feature","properties":{"type":"node","id":"n199","kind":"switch","turns":[["w290.0:1","w369.0:0"],["w290.0:1","w395.0:0"]],"osmNode":199},"geometry":{"type":"Point","coordinates":[-122.8146741,49.2766882]}},{"type":"Feature","properties":{"type":"node","id":"n2704","kind":"link","turns":[["w294.0:0","w589.0:1"]],"osmNode":2704},"geometry":{"type":"Point","coordinates":[-122.9081512,49.2518816]}},{"type":"Feature","properties":{"type":"node","id":"n2716","kind":"link","turns":[["w295.0:0","w588.0:1"]],"osmNode":2716},"geometry":{"type":"Point","coordinates":[-122.918123,49.2534613]}},{"type":"Feature","properties":{"type":"node","id":"n2734","kind":"link","turns":[["w297.0:1","w699.0:0"]],"osmNode":2734},"geometry":{"type":"Point","coordinates":[-123.0820307,49.2663722]}},{"type":"Feature","properties":{"type":"node","id":"n2744","kind":"link","turns":[["w299.0:1","w589.0:0"]],"osmNode":2744},"geometry":{"type":"Point","coordinates":[-122.9181633,49.2533813]}},{"type":"Feature","properties":{"type":"node","id":"n200","kind":"switch","turns":[["w301.0:0","w314.0:0"],["w313.0:1","w314.0:0"]],"osmNode":200},"geometry":{"type":"Point","coordinates":[-122.8028661,49.2755909]}},{"type":"Feature","properties":{"type":"node","id":"n201","kind":"switch","turns":[["w301.0:1","w341.0:0"],["w340.0:1","w341.0:0"]],"osmNode":201},"geometry":{"type":"Point","coordinates":[-122.8023329,49.2753329]}},{"type":"Feature","properties":{"type":"node","id":"n202","kind":"switch","turns":[["w302.0:0","w339.0:1"],["w339.0:1","w340.0:0"]],"osmNode":202},"geometry":{"type":"Point","coordinates":[-122.8029339,49.2755166]}},{"type":"Feature","properties":{"type":"node","id":"n2751","kind":"link","turns":[["w302.0:1","w705.0:0"]],"osmNode":2751},"geometry":{"type":"Point","coordinates":[-122.8015675,49.2749851]}},{"type":"Feature","properties":{"type":"node","id":"n203","kind":"switch","turns":[["w303.0:0","w341.0:1"],["w341.0:1","w342.0:0"]],"osmNode":203},"geometry":{"type":"Point","coordinates":[-122.8021105,49.2752456]}},{"type":"Feature","properties":{"type":"node","id":"n2753","kind":"link","turns":[["w303.0:1","w706.0:0"]],"osmNode":2753},"geometry":{"type":"Point","coordinates":[-122.8015119,49.2750193]}},{"type":"Feature","properties":{"type":"node","id":"n2754","kind":"link","turns":[["w304.0:0","w574.0:1"]],"osmNode":2754},"geometry":{"type":"Point","coordinates":[-122.8948442,49.2474324]}},{"type":"Feature","properties":{"type":"node","id":"n204","kind":"switch","turns":[["w304.0:1","w305.0:1"],["w304.0:1","w469.0:0"]],"osmNode":204},"geometry":{"type":"Point","coordinates":[-122.8916421,49.2600291]}},{"type":"Feature","properties":{"type":"node","id":"n205","kind":"switch","turns":[["w305.0:0","w470.0:1"],["w468.0:0","w470.0:1"]],"osmNode":205},"geometry":{"type":"Point","coordinates":[-122.8907148,49.2607471]}},{"type":"Feature","properties":{"type":"node","id":"n2801","kind":"end","turns":[],"osmNode":2801},"geometry":{"type":"Point","coordinates":[-122.9001382,49.2063433]}},{"type":"Feature","properties":{"type":"node","id":"n2804","kind":"end","turns":[],"osmNode":2804},"geometry":{"type":"Point","coordinates":[-122.8922234,49.2044319]}},{"type":"Feature","properties":{"type":"node","id":"n2805","kind":"link","turns":[["w307.0:0","w319.0:1"]],"osmNode":2805},"geometry":{"type":"Point","coordinates":[-123.0777692,49.265588]}},{"type":"Feature","properties":{"type":"node","id":"n2815","kind":"link","turns":[["w308.0:1","w459.0:0"]],"osmNode":2815},"geometry":{"type":"Point","coordinates":[-123.0723636,49.2640376]}},{"type":"Feature","properties":{"type":"node","id":"n2816","kind":"link","turns":[["w309.0:0","w476.0:1"]],"osmNode":2816},"geometry":{"type":"Point","coordinates":[-123.1364862,49.1722438]}},{"type":"Feature","properties":{"type":"node","id":"n206","kind":"buffer","turns":[],"osmNode":206},"geometry":{"type":"Point","coordinates":[-123.1363641,49.1675228]}},{"type":"Feature","properties":{"type":"node","id":"n207","kind":"switch","turns":[["w310.0:0","w468.0:1"],["w310.0:0","w471.0:0"]],"osmNode":207},"geometry":{"type":"Point","coordinates":[-122.8910948,49.2603975]}},{"type":"Feature","properties":{"type":"node","id":"n208","kind":"switch","turns":[["w310.0:1","w311.0:0"],["w310.0:1","w469.0:1"]],"osmNode":208},"geometry":{"type":"Point","coordinates":[-122.8911618,49.2603487]}},{"type":"Feature","properties":{"type":"node","id":"n2850","kind":"link","turns":[["w312.0:0","w314.0:1"]],"osmNode":2850},"geometry":{"type":"Point","coordinates":[-122.8042531,49.2760562]}},{"type":"Feature","properties":{"type":"node","id":"n2858","kind":"link","turns":[["w312.0:1","w567.0:0"]],"osmNode":2858},"geometry":{"type":"Point","coordinates":[-122.8090871,49.2765389]}},{"type":"Feature","properties":{"type":"node","id":"n2859","kind":"link","turns":[["w313.0:0","w569.0:1"]],"osmNode":2859},"geometry":{"type":"Point","coordinates":[-122.7994994,49.2746395]}},{"type":"Feature","properties":{"type":"node","id":"n209","kind":"buffer","turns":[],"osmNode":209},"geometry":{"type":"Point","coordinates":[-122.8405848,49.1811615]}},{"type":"Feature","properties":{"type":"node","id":"n2924","kind":"link","turns":[["w319.0:0","w697.0:1"]],"osmNode":2924},"geometry":{"type":"Point","coordinates":[-123.078985,49.2657805]}},{"type":"Feature","properties":{"type":"node","id":"n2926","kind":"link","turns":[["w320.0:0","w458.0:1"]],"osmNode":2926},"geometry":{"type":"Point","coordinates":[-123.0777666,49.2656249]}},{"type":"Feature","properties":{"type":"node","id":"n2928","kind":"link","turns":[["w320.0:1","w698.0:0"]],"osmNode":2928},"geometry":{"type":"Point","coordinates":[-123.078967,49.2658194]}},{"type":"Feature","properties":{"type":"node","id":"n2957","kind":"link","turns":[["w323.0:1","w324.0:0"]],"osmNode":2957},"geometry":{"type":"Point","coordinates":[-123.1793331,49.1943042]}},{"type":"Feature","properties":{"type":"node","id":"n2958","kind":"end","turns":[],"osmNode":2958},"geometry":{"type":"Point","coordinates":[-123.1794981,49.1943228]}},{"type":"Feature","properties":{"type":"node","id":"n2963","kind":"link","turns":[["w326.0:0","w471.0:1"]],"osmNode":2963},"geometry":{"type":"Point","coordinates":[-122.8893191,49.2617704]}},{"type":"Feature","properties":{"type":"node","id":"n2978","kind":"link","turns":[["w326.0:1","w328.0:0"]],"osmNode":2978},"geometry":{"type":"Point","coordinates":[-122.8875773,49.2638745]}},{"type":"Feature","properties":{"type":"node","id":"n210","kind":"switch","turns":[["w327.0:0","w335.0:1"],["w335.0:1","w336.0:0"]],"osmNode":210},"geometry":{"type":"Point","coordinates":[-122.8216542,49.2767393]}},{"type":"Feature","properties":{"type":"node","id":"n2983","kind":"link","turns":[["w328.0:1","w594.0:0"]],"osmNode":2983},"geometry":{"type":"Point","coordinates":[-122.8864053,49.2648121]}},{"type":"Feature","properties":{"type":"node","id":"n2984","kind":"link","turns":[["w329.0:0","w592.0:1"]],"osmNode":2984},"geometry":{"type":"Point","coordinates":[-122.8851824,49.2657362]}},{"type":"Feature","properties":{"type":"node","id":"n3001","kind":"link","turns":[["w329.0:1","w464.0:0"]],"osmNode":3001},"geometry":{"type":"Point","coordinates":[-122.8664696,49.2792286]}},{"type":"Feature","properties":{"type":"node","id":"n3002","kind":"link","turns":[["w330.0:0","w464.0:1"]],"osmNode":3002},"geometry":{"type":"Point","coordinates":[-122.8661033,49.2791898]}},{"type":"Feature","properties":{"type":"node","id":"n211","kind":"switch","turns":[["w330.0:1","w331.0:0"],["w331.0:0","w384.0:0"]],"osmNode":211},"geometry":{"type":"Point","coordinates":[-122.864608,49.2790256]}},{"type":"Feature","properties":{"type":"node","id":"n212","kind":"switch","turns":[["w331.0:1","w332.0:0"],["w331.0:1","w385.0:1"]],"osmNode":212},"geometry":{"type":"Point","coordinates":[-122.863053,49.278851]}},{"type":"Feature","properties":{"type":"node","id":"n3005","kind":"link","turns":[["w332.0:1","w386.0:0"]],"osmNode":3005},"geometry":{"type":"Point","coordinates":[-122.8615369,49.2786703]}},{"type":"Feature","properties":{"type":"node","id":"n3006","kind":"link","turns":[["w333.0:0","w428.0:1"]],"osmNode":3006},"geometry":{"type":"Point","coordinates":[-122.8362128,49.2778252]}},{"type":"Feature","properties":{"type":"node","id":"n3024","kind":"link","turns":[["w333.0:1","w334.0:0"]],"osmNode":3024},"geometry":{"type":"Point","coordinates":[-122.8285594,49.2772858]}},{"type":"Feature","properties":{"type":"node","id":"n3026","kind":"link","turns":[["w334.0:1","w335.0:0"]],"osmNode":3026},"geometry":{"type":"Point","coordinates":[-122.8267433,49.2769399]}},{"type":"Feature","properties":{"type":"node","id":"n213","kind":"switch","turns":[["w336.0:1","w337.0:0"],["w337.0:0","w338.0:1"]],"osmNode":213},"geometry":{"type":"Point","coordinates":[-122.8124384,49.2765368]}},{"type":"Feature","properties":{"type":"node","id":"n3032","kind":"link","turns":[["w337.0:1","w566.0:0"]],"osmNode":3032},"geometry":{"type":"Point","coordinates":[-122.812394,49.276535]}},{"type":"Feature","properties":{"type":"node","id":"n3037","kind":"link","turns":[["w339.0:0","w566.0:1"]],"osmNode":3037},"geometry":{"type":"Point","coordinates":[-122.8090871,49.2764956]}},{"type":"Feature","properties":{"type":"node","id":"n3065","kind":"link","turns":[["w342.0:1","w568.0:0"]],"osmNode":3065},"geometry":{"type":"Point","coordinates":[-122.7982226,49.2755319]}},{"type":"Feature","properties":{"type":"node","id":"n214","kind":"switch","turns":[["w343.0:0","w696.0:1"],["w571.0:0","w696.0:1"]],"osmNode":214},"geometry":{"type":"Point","coordinates":[-122.791991,49.2851221]}},{"type":"Feature","properties":{"type":"node","id":"n215","kind":"switch","turns":[["w343.0:1","w424.0:1"],["w424.0:1","w425.0:0"]],"osmNode":215},"geometry":{"type":"Point","coordinates":[-122.792331,49.2843853]}},{"type":"Feature","properties":{"type":"node","id":"n216","kind":"switch","turns":[["w344.0:0","w346.0:1"],["w344.0:0","w434.0:1"]],"osmNode":216},"geometry":{"type":"Point","coordinates":[-123.124433,49.1963629]}},{"type":"Feature","properties":{"type":"node","id":"n3072","kind":"link","turns":[["w346.0:0","w350.0:1"]],"osmNode":3072},"geometry":{"type":"Point","coordinates":[-123.1227619,49.1970221]}},{"type":"Feature","properties":{"type":"node","id":"n3081","kind":"link","turns":[["w347.0:0","w496.0:1"]],"osmNode":3081},"geometry":{"type":"Point","coordinates":[-123.1169711,49.2833137]}},{"type":"Feature","properties":{"type":"node","id":"n217","kind":"switch","turns":[["w347.0:1","w348.0:0"],["w347.0:1","w482.0:1"]],"osmNode":217},"geometry":{"type":"Point","coordinates":[-123.114775,49.2637617]}},{"type":"Feature","properties":{"type":"node","id":"n218","kind":"switch","turns":[["w348.0:1","w349.0:0"],["w349.0:0","w480.0:1"]],"osmNode":218},"geometry":{"type":"Point","coordinates":[-123.114792,49.2634371]}},{"type":"Feature","properties":{"type":"node","id":"n3131","kind":"link","turns":[["w349.0:1","w483.0:0"]],"osmNode":3131},"geometry":{"type":"Point","coordinates":[-123.1148852,49.262257]}},{"type":"Feature","properties":{"type":"node","id":"n3132","kind":"link","turns":[["w350.0:0","w456.0:1"]],"osmNode":3132},"geometry":{"type":"Point","coordinates":[-123.120357,49.1979658]}},{"type":"Feature","properties":{"type":"node","id":"n3139","kind":"link","turns":[["w351.0:0","w444.0:1"]],"osmNode":3139},"geometry":{"type":"Point","coordinates":[-123.1175619,49.2045089]}},{"type":"Feature","properties":{"type":"node","id":"n3143","kind":"link","turns":[["w351.0:1","w454.0:0"]],"osmNode":3143},"geometry":{"type":"Point","coordinates":[-123.1179568,49.200544]}},{"type":"Feature","properties":{"type":"node","id":"n3144","kind":"link","turns":[["w352.0:0","w494.0:1"]],"osmNode":3144},"geometry":{"type":"Point","coordinates":[-123.1169323,49.2121386]}},{"type":"Feature","properties":{"type":"node","id":"n3145","kind":"link","turns":[["w352.0:1","w442.0:0"]],"osmNode":3145},"geometry":{"type":"Point","coordinates":[-123.116977,49.2108564]}},{"type":"Feature","properties":{"type":"node","id":"n219","kind":"switch","turns":[["w353.0:0","w499.0:1"],["w499.0:1","w500.0:0"]],"osmNode":219},"geometry":{"type":"Point","coordinates":[-123.113942,49.2851935]}},{"type":"Feature","properties":{"type":"node","id":"n220","kind":"crossing","turns":[["w353.0:1","w354.0:0"],["w353.0:1","w446.0:0"],["w354.0:0","w445.0:1"],["w445.0:1","w446.0:0"]],"osmNode":220},"geometry":{"type":"Point","coordinates":[-123.114227,49.2850962]}},{"type":"Feature","properties":{"type":"node","id":"n221","kind":"switch","turns":[["w354.0:1","w505.0:0"],["w504.0:1","w505.0:0"]],"osmNode":221},"geometry":{"type":"Point","coordinates":[-123.114496,49.2849919]}},{"type":"Feature","properties":{"type":"node","id":"n3146","kind":"link","turns":[["w355.0:0","w626.0:1"]],"osmNode":3146},"geometry":{"type":"Point","coordinates":[-123.1201135,49.2859582]}},{"type":"Feature","properties":{"type":"node","id":"n3158","kind":"link","turns":[["w356.0:1","w451.0:0"]],"osmNode":3158},"geometry":{"type":"Point","coordinates":[-123.109875,49.2797016]}},{"type":"Feature","properties":{"type":"node","id":"n222","kind":"switch","turns":[["w357.0:0","w455.0:1"],["w455.0:1","w456.0:0"]],"osmNode":222},"geometry":{"type":"Point","coordinates":[-123.1194408,49.1986895]}},{"type":"Feature","properties":{"type":"node","id":"n3173","kind":"link","turns":[["w357.0:1","w433.0:0"]],"osmNode":3173},"geometry":{"type":"Point","coordinates":[-123.121173,49.1976196]}},{"type":"Feature","properties":{"type":"node","id":"n223","kind":"switch","turns":[["w358.0:0","w660.0:0"],["w659.0:1","w660.0:0"]],"osmNode":223},"geometry":{"type":"Point","coordinates":[-123.1210975,49.1978297]}},{"type":"Feature","properties":{"type":"node","id":"n224","kind":"switch","turns":[["w358.0:1","w360.0:0"],["w359.0:1","w360.0:0"]],"osmNode":224},"geometry":{"type":"Point","coordinates":[-123.1227811,49.1970689]}},{"type":"Feature","properties":{"type":"node","id":"n3192","kind":"link","turns":[["w360.0:1","w434.0:0"]],"osmNode":3192},"geometry":{"type":"Point","coordinates":[-123.122803,49.197062]}},{"type":"Feature","properties":{"type":"node","id":"n225","kind":"switch","turns":[["w361.0:0","w386.0:1"],["w386.0:1","w387.0:0"]],"osmNode":225},"geometry":{"type":"Point","coordinates":[-122.850022,49.2779562]}},{"type":"Feature","properties":{"type":"node","id":"n226","kind":"switch","turns":[["w361.0:1","w362.0:0"],["w362.0:0","w365.0:0"]],"osmNode":226},"geometry":{"type":"Point","coordinates":[-122.849332,49.2780022]}},{"type":"Feature","properties":{"type":"node","id":"n227","kind":"switch","turns":[["w362.0:1","w363.0:0"],["w362.0:1","w364.0:1"]],"osmNode":227},"geometry":{"type":"Point","coordinates":[-122.84736,49.2779757]}},{"type":"Feature","properties":{"type":"node","id":"n228","kind":"switch","turns":[["w363.0:1","w388.0:0"],["w387.0:1","w388.0:0"]],"osmNode":228},"geometry":{"type":"Point","coordinates":[-122.846703,49.2779116]}},{"type":"Feature","properties":{"type":"node","id":"n229","kind":"switch","turns":[["w364.0:0","w430.0:1"],["w430.0:1","w431.0:0"]],"osmNode":229},"geometry":{"type":"Point","coordinates":[-122.846683,49.2780207]}},{"type":"Feature","properties":{"type":"node","id":"n230","kind":"switch","turns":[["w365.0:1","w432.0:0"],["w431.0:1","w432.0:0"]],"osmNode":230},"geometry":{"type":"Point","coordinates":[-122.849999,49.2780667]}},{"type":"Feature","properties":{"type":"node","id":"n231","kind":"switch","turns":[["w366.0:0","w466.0:1"],["w466.0:1","w467.0:0"]],"osmNode":231},"geometry":{"type":"Point","coordinates":[-122.818734,49.2767608]}},{"type":"Feature","properties":{"type":"node","id":"n232","kind":"switch","turns":[["w366.0:1","w367.0:0"],["w366.0:1","w581.0:0"]],"osmNode":232},"geometry":{"type":"Point","coordinates":[-122.8191252,49.2767694]}},{"type":"Feature","properties":{"type":"node","id":"n233","kind":"buffer","turns":[],"osmNode":233},"geometry":{"type":"Point","coordinates":[-122.8215321,49.2768229]}},{"type":"Feature","properties":{"type":"node","id":"n234","kind":"buffer","turns":[],"osmNode":234},"geometry":{"type":"Point","coordinates":[-122.813016,49.2766582]}},{"type":"Feature","properties":{"type":"node","id":"n235","kind":"switch","turns":[["w369.0:1","w466.0:0"],["w377.0:1","w466.0:0"]],"osmNode":235},"geometry":{"type":"Point","coordinates":[-122.8185572,49.2767598]}},{"type":"Feature","properties":{"type":"node","id":"n236","kind":"switch","turns":[["w370.0:0","w377.0:0"],["w376.0:1","w377.0:0"]],"osmNode":236},"geometry":{"type":"Point","coordinates":[-122.818286,49.2767871]}},{"type":"Feature","properties":{"type":"node","id":"n237","kind":"switch","turns":[["w370.0:1","w395.0:1"],["w395.0:1","w396.0:0"]],"osmNode":237},"geometry":{"type":"Point","coordinates":[-122.8149421,49.2767265]}},{"type":"Feature","properties":{"type":"node","id":"n238","kind":"switch","turns":[["w371.0:0","w397.0:1"],["w397.0:1","w398.0:0"]],"osmNode":238},"geometry":{"type":"Point","coordinates":[-122.8153803,49.2768073]}},{"type":"Feature","properties":{"type":"node","id":"n239","kind":"switch","turns":[["w371.0:1","w375.0:0"],["w374.0:1","w375.0:0"]],"osmNode":239},"geometry":{"type":"Point","coordinates":[-122.8178231,49.2768516]}},{"type":"Feature","properties":{"type":"node","id":"n240","kind":"switch","turns":[["w372.0:0","w396.0:1"],["w396.0:1","w397.0:0"]],"osmNode":240},"geometry":{"type":"Point","coordinates":[-122.8151556,49.2767658]}},{"type":"Feature","properties":{"type":"node","id":"n241","kind":"switch","turns":[["w372.0:1","w376.0:0"],["w375.0:1","w376.0:0"]],"osmNode":241},"geometry":{"type":"Point","coordinates":[-122.8180674,49.2768194]}},{"type":"Feature","properties":{"type":"node","id":"n242","kind":"switch","turns":[["w373.0:0","w398.0:1"],["w398.0:1","w399.0:0"]],"osmNode":242},"geometry":{"type":"Point","coordinates":[-122.8156562,49.2768584]}},{"type":"Feature","properties":{"type":"node","id":"n3241","kind":"link","turns":[["w373.0:1","w565.0:0"]],"osmNode":3241},"geometry":{"type":"Point","coordinates":[-122.8162194,49.2768772]}},{"type":"Feature","properties":{"type":"node","id":"n3242","kind":"link","turns":[["w374.0:0","w565.0:1"]],"osmNode":3242},"geometry":{"type":"Point","coordinates":[-122.8173141,49.2768984]}},{"type":"Feature","properties":{"type":"node","id":"n3271","kind":"link","turns":[["w379.0:1","w603.0:0"]],"osmNode":3271},"geometry":{"type":"Point","coordinates":[-122.9561292,49.2050544]}},{"type":"Feature","properties":{"type":"node","id":"n243","kind":"switch","turns":[["w380.0:0","w415.0:0"],["w414.0:1","w415.0:0"]],"osmNode":243},"geometry":{"type":"Point","coordinates":[-122.9540273,49.2066513]}},{"type":"Feature","properties":{"type":"node","id":"n244","kind":"switch","turns":[["w381.0:1","w382.0:0"],["w381.0:1","w403.0:0"]],"osmNode":244},"geometry":{"type":"Point","coordinates":[-122.953623,49.2064609]}},{"type":"Feature","properties":{"type":"node","id":"n245","kind":"switch","turns":[["w382.0:1","w404.0:0"],["w403.0:1","w404.0:0"]],"osmNode":245},"geometry":{"type":"Point","coordinates":[-122.9548928,49.2048165]}},{"type":"Feature","properties":{"type":"node","id":"n3317","kind":"link","turns":[["w388.0:1","w427.0:0"]],"osmNode":3317},"geometry":{"type":"Point","coordinates":[-122.8460802,49.2779031]}},{"type":"Feature","properties":{"type":"node","id":"n3384","kind":"link","turns":[["w399.0:1","w707.0:0"]],"osmNode":3384},"geometry":{"type":"Point","coordinates":[-122.8157702,49.2768803]}},{"type":"Feature","properties":{"type":"node","id":"n3450","kind":"link","turns":[["w404.0:1","w612.0:0"]],"osmNode":3450},"geometry":{"type":"Point","coordinates":[-122.9582458,49.2047747]}},{"type":"Feature","properties":{"type":"node","id":"n246","kind":"switch","turns":[["w405.0:0","w419.0:1"],["w419.0:1","w420.0:0"]],"osmNode":246},"geometry":{"type":"Point","coordinates":[-122.9562977,49.2045625]}},{"type":"Feature","properties":{"type":"node","id":"n247","kind":"buffer","turns":[],"osmNode":247},"geometry":{"type":"Point","coordinates":[-123.0817848,49.2662424]}},{"type":"Feature","properties":{"type":"node","id":"n3548","kind":"link","turns":[["w422.0:1","w697.0:0"]],"osmNode":3548},"geometry":{"type":"Point","coordinates":[-123.0795788,49.2658773]}},{"type":"Feature","properties":{"type":"node","id":"n248","kind":"switch","turns":[["w423.0:0","w572.0:0"],["w571.0:1","w572.0:0"]],"osmNode":248},"geometry":{"type":"Point","coordinates":[-122.792704,49.2838368]}},{"type":"Feature","properties":{"type":"node","id":"n249","kind":"switch","turns":[["w423.0:1","w424.0:0"],["w424.0:0","w570.0:1"]],"osmNode":249},"geometry":{"type":"Point","coordinates":[-122.792419,49.2842297]}},{"type":"Feature","properties":{"type":"node","id":"n3552","kind":"link","turns":[["w425.0:1","w695.0:0"]],"osmNode":3552},"geometry":{"type":"Point","coordinates":[-122.791709,49.2853142]}},{"type":"Feature","properties":{"type":"node","id":"n3553","kind":"link","turns":[["w426.0:0","w572.0:1"]],"osmNode":3553},"geometry":{"type":"Point","coordinates":[-122.7928206,49.2836304]}},{"type":"Feature","properties":{"type":"node","id":"n3571","kind":"link","turns":[["w426.0:1","w569.0:0"]],"osmNode":3571},"geometry":{"type":"Point","coordinates":[-122.7982801,49.2755471]}},{"type":"Feature","properties":{"type":"node","id":"n3574","kind":"link","turns":[["w427.0:1","w616.0:0"]],"osmNode":3574},"geometry":{"type":"Point","coordinates":[-122.8448746,49.2778863]}},{"type":"Feature","properties":{"type":"node","id":"n3575","kind":"link","turns":[["w428.0:0","w617.0:1"]],"osmNode":3575},"geometry":{"type":"Point","coordinates":[-122.8441864,49.2778779]}},{"type":"Feature","properties":{"type":"node","id":"n3589","kind":"link","turns":[["w429.0:0","w615.0:1"]],"osmNode":3589},"geometry":{"type":"Point","coordinates":[-122.8448717,49.2779947]}},{"type":"Feature","properties":{"type":"node","id":"n3591","kind":"link","turns":[["w429.0:1","w430.0:0"]],"osmNode":3591},"geometry":{"type":"Point","coordinates":[-122.8460774,49.278012]}},{"type":"Feature","properties":{"type":"node","id":"n250","kind":"switch","turns":[["w435.0:0","w455.0:0"],["w454.0:1","w455.0:0"]],"osmNode":250},"geometry":{"type":"Point","coordinates":[-123.1193536,49.1987657]}},{"type":"Feature","properties":{"type":"node","id":"n251","kind":"switch","turns":[["w436.0:0","w440.0:1"],["w440.0:1","w441.0:0"]],"osmNode":251},"geometry":{"type":"Point","coordinates":[-123.1173802,49.207006]}},{"type":"Feature","properties":{"type":"node","id":"n252","kind":"switch","turns":[["w436.0:1","w444.0:0"],["w443.0:1","w444.0:0"]],"osmNode":252},"geometry":{"type":"Point","coordinates":[-123.117438,49.2066137]}},{"type":"Feature","properties":{"type":"node","id":"n253","kind":"switch","turns":[["w437.0:0","w442.0:1"],["w442.0:1","w443.0:0"]],"osmNode":253},"geometry":{"type":"Point","coordinates":[-123.1174097,49.2075059]}},{"type":"Feature","properties":{"type":"node","id":"n254","kind":"switch","turns":[["w437.0:1","w440.0:0"],["w439.0:1","w440.0:0"]],"osmNode":254},"geometry":{"type":"Point","coordinates":[-123.1173791,49.2070803]}},{"type":"Feature","properties":{"type":"node","id":"n255","kind":"switch","turns":[["w445.0:0","w503.0:1"],["w503.0:1","w504.0:0"]],"osmNode":255},"geometry":{"type":"Point","coordinates":[-123.114064,49.2852765]}},{"type":"Feature","properties":{"type":"node","id":"n256","kind":"switch","turns":[["w446.0:1","w501.0:0"],["w500.0:1","w501.0:0"]],"osmNode":256},"geometry":{"type":"Point","coordinates":[-123.11439,49.2849067]}},{"type":"Feature","properties":{"type":"node","id":"n3651","kind":"link","turns":[["w447.0:0","w451.0:1"]],"osmNode":3651},"geometry":{"type":"Point","coordinates":[-123.1097388,49.2796145]}},{"type":"Feature","properties":{"type":"node","id":"n257","kind":"switch","turns":[["w447.0:1","w448.0:0"],["w448.0:0","w449.0:1"]],"osmNode":257},"geometry":{"type":"Point","coordinates":[-123.108073,49.2785359]}},{"type":"Feature","properties":{"type":"node","id":"n3679","kind":"link","turns":[["w448.0:1","w542.0:0"]],"osmNode":3679},"geometry":{"type":"Point","coordinates":[-123.1060463,49.277802]}},{"type":"Feature","properties":{"type":"node","id":"n3680","kind":"link","turns":[["w449.0:0","w452.0:1"]],"osmNode":3680},"geometry":{"type":"Point","coordinates":[-123.1097757,49.2796001]}},{"type":"Feature","properties":{"type":"node","id":"n258","kind":"switch","turns":[["w453.0:0","w536.0:0"],["w535.0:1","w536.0:0"]],"osmNode":258},"geometry":{"type":"Point","coordinates":[-123.102463,49.2756488]}},{"type":"Feature","properties":{"type":"node","id":"n259","kind":"switch","turns":[["w453.0:1","w540.0:0"],["w539.0:1","w540.0:0"]],"osmNode":259},"geometry":{"type":"Point","coordinates":[-123.102459,49.2752215]}},{"type":"Feature","properties":{"type":"node","id":"n260","kind":"switch","turns":[["w462.0:0","w581.0:1"],["w463.0:0","w581.0:1"]],"osmNode":260},"geometry":{"type":"Point","coordinates":[-122.8193935,49.2768064]}},{"type":"Feature","properties":{"type":"node","id":"n261","kind":"buffer","turns":[],"osmNode":261},"geometry":{"type":"Point","coordinates":[-122.8234301,49.2769217]}},{"type":"Feature","properties":{"type":"node","id":"n262","kind":"buffer","turns":[],"osmNode":262},"geometry":{"type":"Point","coordinates":[-122.8234315,49.2768908]}},{"type":"Feature","properties":{"type":"node","id":"n3754","kind":"end","turns":[],"osmNode":3754},"geometry":{"type":"Point","coordinates":[-123.1204367,49.197499]}},{"type":"Feature","properties":{"type":"node","id":"n3755","kind":"end","turns":[],"osmNode":3755},"geometry":{"type":"Point","coordinates":[-123.1198955,49.1976346]}},{"type":"Feature","properties":{"type":"node","id":"n3756","kind":"end","turns":[],"osmNode":3756},"geometry":{"type":"Point","coordinates":[-123.1198505,49.1975855]}},{"type":"Feature","properties":{"type":"node","id":"n3757","kind":"link","turns":[["w475.0:0","w654.0:1"]],"osmNode":3757},"geometry":{"type":"Point","coordinates":[-123.1204092,49.1973075]}},{"type":"Feature","properties":{"type":"node","id":"n3758","kind":"end","turns":[],"osmNode":3758},"geometry":{"type":"Point","coordinates":[-123.1198105,49.1975241]}},{"type":"Feature","properties":{"type":"node","id":"n263","kind":"crossing","turns":[["w479.0:1","w480.0:0"],["w479.0:1","w481.0:1"],["w480.0:0","w482.0:0"],["w481.0:1","w482.0:0"]],"osmNode":263},"geometry":{"type":"Point","coordinates":[-123.1147556,49.2635987]}},{"type":"Feature","properties":{"type":"node","id":"n3780","kind":"link","turns":[["w483.0:1","w484.0:0"]],"osmNode":3780},"geometry":{"type":"Point","coordinates":[-123.1153359,49.247517]}},{"type":"Feature","properties":{"type":"node","id":"n264","kind":"switch","turns":[["w484.0:1","w485.0:0"],["w484.0:1","w493.0:1"]],"osmNode":264},"geometry":{"type":"Point","coordinates":[-123.1161242,49.2340932]}},{"type":"Feature","properties":{"type":"node","id":"n265","kind":"switch","turns":[["w485.0:1","w486.0:0"],["w486.0:0","w491.0:1"]],"osmNode":265},"geometry":{"type":"Point","coordinates":[-123.1161425,49.2337799]}},{"type":"Feature","properties":{"type":"node","id":"n3818","kind":"link","turns":[["w486.0:1","w494.0:0"]],"osmNode":3818},"geometry":{"type":"Point","coordinates":[-123.1163344,49.2277479]}},{"type":"Feature","properties":{"type":"node","id":"n3819","kind":"link","turns":[["w487.0:0","w495.0:0"]],"osmNode":3819},"geometry":{"type":"Point","coordinates":[-123.1162738,49.2277479]}},{"type":"Feature","properties":{"type":"node","id":"n266","kind":"switch","turns":[["w487.0:1","w488.0:0"],["w487.0:1","w492.0:0"]],"osmNode":266},"geometry":{"type":"Point","coordinates":[-123.1160622,49.2337784]}},{"type":"Feature","properties":{"type":"node","id":"n267","kind":"switch","turns":[["w488.0:1","w489.0:0"],["w489.0:0","w490.0:0"]],"osmNode":267},"geometry":{"type":"Point","coordinates":[-123.1160411,49.2340945]}},{"type":"Feature","properties":{"type":"node","id":"n268","kind":"crossing","turns":[["w490.0:1","w491.0:0"],["w490.0:1","w492.0:1"],["w491.0:0","w493.0:0"],["w492.0:1","w493.0:0"]],"osmNode":268},"geometry":{"type":"Point","coordinates":[-123.1160945,49.2339391]}},{"type":"Feature","properties":{"type":"node","id":"n3867","kind":"link","turns":[["w496.0:0","w505.0:1"]],"osmNode":3867},"geometry":{"type":"Point","coordinates":[-123.1158413,49.2840751]}},{"type":"Feature","properties":{"type":"node","id":"n3868","kind":"link","turns":[["w497.0:0","w501.0:1"]],"osmNode":3868},"geometry":{"type":"Point","coordinates":[-123.1157501,49.2840035]}},{"type":"Feature","properties":{"type":"node","id":"n269","kind":"buffer","turns":[],"osmNode":269},"geometry":{"type":"Point","coordinates":[-123.112895,49.2858772]}},{"type":"Feature","properties":{"type":"node","id":"n3869","kind":"link","turns":[["w498.0:1","w499.0:0"]],"osmNode":3869},"geometry":{"type":"Point","coordinates":[-123.113347,49.2855815]}},{"type":"Feature","properties":{"type":"node","id":"n270","kind":"buffer","turns":[],"osmNode":270},"geometry":{"type":"Point","coordinates":[-123.113021,49.285957]}},{"type":"Feature","properties":{"type":"node","id":"n3870","kind":"link","turns":[["w502.0:1","w503.0:0"]],"osmNode":3870},"geometry":{"type":"Point","coordinates":[-123.113477,49.2856579]}},{"type":"Feature","properties":{"type":"node","id":"n3874","kind":"link","turns":[["w508.0:0","w514.0:0"]],"osmNode":3874},"geometry":{"type":"Point","coordinates":[-122.9571208,49.2061161]}},{"type":"Feature","properties":{"type":"node","id":"n3876","kind":"link","turns":[["w508.0:1","w681.0:0"]],"osmNode":3876},"geometry":{"type":"Point","coordinates":[-122.9567237,49.2066421]}},{"type":"Feature","properties":{"type":"node","id":"n3877","kind":"link","turns":[["w509.0:0","w682.0:1"]],"osmNode":3877},"geometry":{"type":"Point","coordinates":[-122.9568113,49.2066716]}},{"type":"Feature","properties":{"type":"node","id":"n3880","kind":"link","turns":[["w510.0:1","w653.0:0"]],"osmNode":3880},"geometry":{"type":"Point","coordinates":[-122.9566875,49.2060278]}},{"type":"Feature","properties":{"type":"node","id":"n3886","kind":"link","turns":[["w515.0:1","w682.0:0"]],"osmNode":3886},"geometry":{"type":"Point","coordinates":[-122.956623,49.2069218]}},{"type":"Feature","properties":{"type":"node","id":"n3887","kind":"end","turns":[],"osmNode":3887},"geometry":{"type":"Point","coordinates":[-122.9545885,49.2060048]}},{"type":"Feature","properties":{"type":"node","id":"n3888","kind":"end","turns":[],"osmNode":3888},"geometry":{"type":"Point","coordinates":[-122.9546986,49.2060382]}},{"type":"Feature","properties":{"type":"node","id":"n3892","kind":"end","turns":[],"osmNode":3892},"geometry":{"type":"Point","coordinates":[-122.954902,49.2061677]}},{"type":"Feature","properties":{"type":"node","id":"n3893","kind":"link","turns":[["w520.0:1","w522.0:0"]],"osmNode":3893},"geometry":{"type":"Point","coordinates":[-122.9555129,49.206094]}},{"type":"Feature","properties":{"type":"node","id":"n3904","kind":"link","turns":[["w523.0:0","w534.0:1"]],"osmNode":3904},"geometry":{"type":"Point","coordinates":[-123.0691087,49.2568243]}},{"type":"Feature","properties":{"type":"node","id":"n3912","kind":"link","turns":[["w523.0:1","w630.0:0"]],"osmNode":3912},"geometry":{"type":"Point","coordinates":[-123.0690353,49.2626539]}},{"type":"Feature","properties":{"type":"node","id":"n3913","kind":"link","turns":[["w524.0:0","w533.0:1"]],"osmNode":3913},"geometry":{"type":"Point","coordinates":[-123.0692092,49.2626578]}},{"type":"Feature","properties":{"type":"node","id":"n3928","kind":"link","turns":[["w526.0:0","w634.0:1"]],"osmNode":3928},"geometry":{"type":"Point","coordinates":[-123.0065246,49.2270064]}},{"type":"Feature","properties":{"type":"node","id":"n3936","kind":"link","turns":[["w527.0:0","w686.0:1"]],"osmNode":3936},"geometry":{"type":"Point","coordinates":[-122.9122392,49.2016227]}},{"type":"Feature","properties":{"type":"node","id":"n3943","kind":"link","turns":[["w528.0:1","w683.0:0"]],"osmNode":3943},"geometry":{"type":"Point","coordinates":[-122.9122679,49.2016452]}},{"type":"Feature","properties":{"type":"node","id":"n271","kind":"switch","turns":[["w529.0:0","w688.0:0"],["w687.0:1","w688.0:0"]],"osmNode":271},"geometry":{"type":"Point","coordinates":[-122.913589,49.2008938]}},{"type":"Feature","properties":{"type":"node","id":"n272","kind":"switch","turns":[["w529.0:1","w685.0:0"],["w684.0:1","w685.0:0"]],"osmNode":272},"geometry":{"type":"Point","coordinates":[-122.914039,49.2006948]}},{"type":"Feature","properties":{"type":"node","id":"n3944","kind":"link","turns":[["w531.0:0","w538.0:1"]],"osmNode":3944},"geometry":{"type":"Point","coordinates":[-123.1010396,49.2732143]}},{"type":"Feature","properties":{"type":"node","id":"n3994","kind":"link","turns":[["w532.0:1","w537.0:0"]],"osmNode":3994},"geometry":{"type":"Point","coordinates":[-123.1010072,49.2732968]}},{"type":"Feature","properties":{"type":"node","id":"n3995","kind":"link","turns":[["w533.0:0","w629.0:1"]],"osmNode":3995},"geometry":{"type":"Point","coordinates":[-123.0692589,49.2630478]}},{"type":"Feature","properties":{"type":"node","id":"n4000","kind":"link","turns":[["w534.0:0","w642.0:1"]],"osmNode":4000},"geometry":{"type":"Point","coordinates":[-123.0634378,49.251491]}},{"type":"Feature","properties":{"type":"node","id":"n4023","kind":"link","turns":[["w535.0:0","w628.0:1"]],"osmNode":4023},"geometry":{"type":"Point","coordinates":[-123.1022171,49.2740457]}},{"type":"Feature","properties":{"type":"node","id":"n4069","kind":"link","turns":[["w537.0:1","w628.0:0"]],"osmNode":4069},"geometry":{"type":"Point","coordinates":[-123.1014663,49.2733798]}},{"type":"Feature","properties":{"type":"node","id":"n4070","kind":"link","turns":[["w538.0:0","w627.0:1"]],"osmNode":4070},"geometry":{"type":"Point","coordinates":[-123.1014715,49.2732923]}},{"type":"Feature","properties":{"type":"node","id":"n4120","kind":"link","turns":[["w540.0:1","w627.0:0"]],"osmNode":4120},"geometry":{"type":"Point","coordinates":[-123.1022689,49.2740223]}},{"type":"Feature","properties":{"type":"node","id":"n4121","kind":"end","turns":[],"osmNode":4121},"geometry":{"type":"Point","coordinates":[-122.9583022,49.2030209]}},{"type":"Feature","properties":{"type":"node","id":"n4122","kind":"end","turns":[],"osmNode":4122},"geometry":{"type":"Point","coordinates":[-122.9583785,49.2030197]}},{"type":"Feature","properties":{"type":"node","id":"n4207","kind":"link","turns":[["w552.0:0","w561.0:1"]],"osmNode":4207},"geometry":{"type":"Point","coordinates":[-123.0264084,49.2624944]}},{"type":"Feature","properties":{"type":"node","id":"n273","kind":"switch","turns":[["w554.0:1","w555.0:0"],["w555.0:0","w596.0:0"]],"osmNode":273},"geometry":{"type":"Point","coordinates":[-122.977814,49.2639938]}},{"type":"Feature","properties":{"type":"node","id":"n4244","kind":"link","turns":[["w555.0:1","w559.0:0"]],"osmNode":4244},"geometry":{"type":"Point","coordinates":[-122.9906517,49.2649144]}},{"type":"Feature","properties":{"type":"node","id":"n274","kind":"switch","turns":[["w557.0:1","w558.0:0"],["w558.0:0","w595.0:1"]],"osmNode":274},"geometry":{"type":"Point","coordinates":[-122.975205,49.2629581]}},{"type":"Feature","properties":{"type":"node","id":"n4264","kind":"link","turns":[["w558.0:1","w562.0:0"]],"osmNode":4264},"geometry":{"type":"Point","coordinates":[-122.9724531,49.2619552]}},{"type":"Feature","properties":{"type":"node","id":"n4361","kind":"link","turns":[["w562.0:1","w564.0:0"]],"osmNode":4361},"geometry":{"type":"Point","coordinates":[-122.9363264,49.2543992]}},{"type":"Feature","properties":{"type":"node","id":"n4384","kind":"link","turns":[["w568.0:1","w570.0:0"]],"osmNode":4384},"geometry":{"type":"Point","coordinates":[-122.7927691,49.2836227]}},{"type":"Feature","properties":{"type":"node","id":"n275","kind":"switch","turns":[["w573.0:1","w574.0:0"],["w573.0:1","w597.0:0"]],"osmNode":275},"geometry":{"type":"Point","coordinates":[-122.896155,49.2481603]}},{"type":"Feature","properties":{"type":"node","id":"n4395","kind":"link","turns":[["w575.0:0","w622.0:1"]],"osmNode":4395},"geometry":{"type":"Point","coordinates":[-122.86893,49.2052515]}},{"type":"Feature","properties":{"type":"node","id":"n4449","kind":"link","turns":[["w582.0:0","w583.0:1"]],"osmNode":4449},"geometry":{"type":"Point","coordinates":[-123.1467825,49.1965973]}},{"type":"Feature","properties":{"type":"node","id":"n4460","kind":"link","turns":[["w584.0:0","w586.0:1"]],"osmNode":4460},"geometry":{"type":"Point","coordinates":[-123.1462128,49.1967365]}},{"type":"Feature","properties":{"type":"node","id":"n276","kind":"switch","turns":[["w587.0:1","w689.0:0"]],"osmNode":276},"geometry":{"type":"Point","coordinates":[-122.894873,49.2473526]}},{"type":"Feature","properties":{"type":"node","id":"n4500","kind":"link","turns":[["w591.0:1","w593.0:0"]],"osmNode":4500},"geometry":{"type":"Point","coordinates":[-122.8861079,49.2651157]}},{"type":"Feature","properties":{"type":"node","id":"n4501","kind":"link","turns":[["w592.0:0","w594.0:1"]],"osmNode":4501},"geometry":{"type":"Point","coordinates":[-122.8860593,49.2650874]}},{"type":"Feature","properties":{"type":"node","id":"n4503","kind":"link","turns":[["w598.0:0","w605.0:1"]],"osmNode":4503},"geometry":{"type":"Point","coordinates":[-122.9550773,49.2064789]}},{"type":"Feature","properties":{"type":"node","id":"n277","kind":"switch","turns":[["w599.0:1","w639.0:0"],["w638.0:1","w639.0:0"]],"osmNode":277},"geometry":{"type":"Point","coordinates":[-123.06089,49.2503299]}},{"type":"Feature","properties":{"type":"node","id":"n278","kind":"switch","turns":[["w600.0:0","w642.0:0"],["w641.0:1","w642.0:0"]],"osmNode":278},"geometry":{"type":"Point","coordinates":[-123.063326,49.2514444]}},{"type":"Feature","properties":{"type":"node","id":"n4515","kind":"link","turns":[["w610.0:1","w626.0:0"]],"osmNode":4515},"geometry":{"type":"Point","coordinates":[-123.1190749,49.2880962]}},{"type":"Feature","properties":{"type":"node","id":"n4516","kind":"link","turns":[["w611.0:0","w625.0:1"]],"osmNode":4516},"geometry":{"type":"Point","coordinates":[-123.119072,49.2880823]}},{"type":"Feature","properties":{"type":"node","id":"n4545","kind":"link","turns":[["w614.0:1","w615.0:0"]],"osmNode":4545},"geometry":{"type":"Point","coordinates":[-122.8446431,49.2779919]}},{"type":"Feature","properties":{"type":"node","id":"n4546","kind":"link","turns":[["w616.0:1","w617.0:0"]],"osmNode":4546},"geometry":{"type":"Point","coordinates":[-122.8446431,49.2778833]}},{"type":"Feature","properties":{"type":"node","id":"n4549","kind":"link","turns":[["w618.0:0","w619.0:1"]],"osmNode":4549},"geometry":{"type":"Point","coordinates":[-123.0463078,49.2444097]}},{"type":"Feature","properties":{"type":"node","id":"n4550","kind":"link","turns":[["w620.0:1","w621.0:0"]],"osmNode":4550},"geometry":{"type":"Point","coordinates":[-123.0463805,49.244337]}},{"type":"Feature","properties":{"type":"node","id":"n4735","kind":"link","turns":[["w633.0:1","w634.0:0"]],"osmNode":4735},"geometry":{"type":"Point","coordinates":[-123.0025241,49.2252166]}},{"type":"Feature","properties":{"type":"node","id":"n4745","kind":"link","turns":[["w635.0:0","w700.0:1"]],"osmNode":4745},"geometry":{"type":"Point","coordinates":[-123.0559013,49.2483401]}},{"type":"Feature","properties":{"type":"node","id":"n4751","kind":"link","turns":[["w635.0:1","w640.0:0"]],"osmNode":4751},"geometry":{"type":"Point","coordinates":[-123.0602024,49.2501272]}},{"type":"Feature","properties":{"type":"node","id":"n4752","kind":"link","turns":[["w636.0:0","w639.0:1"]],"osmNode":4752},"geometry":{"type":"Point","coordinates":[-123.0602548,49.2500732]}},{"type":"Feature","properties":{"type":"node","id":"n4757","kind":"link","turns":[["w636.0:1","w701.0:0"]],"osmNode":4757},"geometry":{"type":"Point","coordinates":[-123.0559279,49.2483091]}},{"type":"Feature","properties":{"type":"node","id":"n279","kind":"switch","turns":[["w645.0:0","w663.0:1"],["w652.0:1","w663.0:1"]],"osmNode":279},"geometry":{"type":"Point","coordinates":[-123.1226507,49.1980242]}},{"type":"Feature","properties":{"type":"node","id":"n4765","kind":"link","turns":[["w645.0:1","w646.0:0"]],"osmNode":4765},"geometry":{"type":"Point","coordinates":[-123.11974,49.1984535]}},{"type":"Feature","properties":{"type":"node","id":"n4766","kind":"end","turns":[],"osmNode":4766},"geometry":{"type":"Point","coordinates":[-123.1196655,49.1984666]}},{"type":"Feature","properties":{"type":"node","id":"n4767","kind":"end","turns":[],"osmNode":4767},"geometry":{"type":"Point","coordinates":[-123.1199901,49.1985044]}},{"type":"Feature","properties":{"type":"node","id":"n4768","kind":"link","turns":[["w647.0:1","w648.0:0"]],"osmNode":4768},"geometry":{"type":"Point","coordinates":[-123.1200671,49.1984906]}},{"type":"Feature","properties":{"type":"node","id":"n280","kind":"switch","turns":[["w648.0:1","w662.0:1"],["w662.0:1","w663.0:0"]],"osmNode":280},"geometry":{"type":"Point","coordinates":[-123.1231115,49.1979857]}},{"type":"Feature","properties":{"type":"node","id":"n4782","kind":"link","turns":[["w649.0:1","w650.0:0"]],"osmNode":4782},"geometry":{"type":"Point","coordinates":[-123.119975,49.1983785]}},{"type":"Feature","properties":{"type":"node","id":"n4783","kind":"end","turns":[],"osmNode":4783},"geometry":{"type":"Point","coordinates":[-123.1199072,49.1983896]}},{"type":"Feature","properties":{"type":"node","id":"n4784","kind":"end","turns":[],"osmNode":4784},"geometry":{"type":"Point","coordinates":[-123.1197215,49.198514]}},{"type":"Feature","properties":{"type":"node","id":"n4785","kind":"link","turns":[["w651.0:1","w652.0:0"]],"osmNode":4785},"geometry":{"type":"Point","coordinates":[-123.1197933,49.1985013]}},{"type":"Feature","properties":{"type":"node","id":"n4788","kind":"link","turns":[["w654.0:0","w672.0:1"]],"osmNode":4788},"geometry":{"type":"Point","coordinates":[-123.1208903,49.1971297]}},{"type":"Feature","properties":{"type":"node","id":"n281","kind":"switch","turns":[["w655.0:1","w656.0:0"],["w656.0:0","w658.0:0"]],"osmNode":281},"geometry":{"type":"Point","coordinates":[-123.1214845,49.1969737]}},{"type":"Feature","properties":{"type":"node","id":"n282","kind":"switch","turns":[["w657.0:1","w667.0:1"],["w667.0:1","w668.0:0"]],"osmNode":282},"geometry":{"type":"Point","coordinates":[-123.1219757,49.1967258]}},{"type":"Feature","properties":{"type":"node","id":"n283","kind":"switch","turns":[["w661.0:1","w669.0:0"],["w669.0:0","w675.0:1"]],"osmNode":283},"geometry":{"type":"Point","coordinates":[-123.1197408,49.1981067]}},{"type":"Feature","properties":{"type":"node","id":"n4809","kind":"link","turns":[["w665.0:0","w679.0:1"]],"osmNode":4809},"geometry":{"type":"Point","coordinates":[-123.1213984,49.1973716]}},{"type":"Feature","properties":{"type":"node","id":"n4813","kind":"link","turns":[["w665.0:1","w680.0:0"]],"osmNode":4813},"geometry":{"type":"Point","coordinates":[-123.1204518,49.1977158]}},{"type":"Feature","properties":{"type":"node","id":"n4814","kind":"link","turns":[["w668.0:1","w671.0:0"]],"osmNode":4814},"geometry":{"type":"Point","coordinates":[-123.1214318,49.1969299]}},{"type":"Feature","properties":{"type":"node","id":"n4823","kind":"link","turns":[["w669.0:1","w670.0:0"]],"osmNode":4823},"geometry":{"type":"Point","coordinates":[-123.119312,49.198638]}},{"type":"Feature","properties":{"type":"node","id":"n4824","kind":"end","turns":[],"osmNode":4824},"geometry":{"type":"Point","coordinates":[-123.1193115,49.1986544]}},{"type":"Feature","properties":{"type":"node","id":"n4825","kind":"link","turns":[["w671.0:1","w672.0:0"]],"osmNode":4825},"geometry":{"type":"Point","coordinates":[-123.1211002,49.1970521]}},{"type":"Feature","properties":{"type":"node","id":"n4826","kind":"link","turns":[["w673.0:0","w678.0:1"]],"osmNode":4826},"geometry":{"type":"Point","coordinates":[-123.1204444,49.197601]}},{"type":"Feature","properties":{"type":"node","id":"n284","kind":"switch","turns":[["w673.0:1","w674.0:0"],["w674.0:0","w676.0:0"]],"osmNode":284},"geometry":{"type":"Point","coordinates":[-123.1201355,49.1978211]}},{"type":"Feature","properties":{"type":"node","id":"n285","kind":"switch","turns":[["w674.0:1","w675.0:0"],["w675.0:0","w680.0:1"]],"osmNode":285},"geometry":{"type":"Point","coordinates":[-123.1199588,49.1979473]}},{"type":"Feature","properties":{"type":"node","id":"n4833","kind":"link","turns":[["w676.0:1","w677.0:0"]],"osmNode":4833},"geometry":{"type":"Point","coordinates":[-123.1204764,49.1976392]}},{"type":"Feature","properties":{"type":"node","id":"n4851","kind":"link","turns":[["w683.0:1","w684.0:0"]],"osmNode":4851},"geometry":{"type":"Point","coordinates":[-122.9131434,49.2011729]}},{"type":"Feature","properties":{"type":"node","id":"n4854","kind":"link","turns":[["w686.0:0","w688.0:1"]],"osmNode":4854},"geometry":{"type":"Point","coordinates":[-122.9131153,49.2011509]}},{"type":"Feature","properties":{"type":"node","id":"n286","kind":"switch","turns":[["w690.0:0","w692.0:1"],["w691.0:0","w692.0:1"]],"osmNode":286},"geometry":{"type":"Point","coordinates":[-122.9549,49.2054767]}},{"type":"Feature","properties":{"type":"node","id":"n4864","kind":"end","turns":[],"osmNode":4864},"geometry":{"type":"Point","coordinates":[-122.9543193,49.2060856]}},{"type":"Feature","properties":{"type":"node","id":"n4870","kind":"end","turns":[],"osmNode":4870},"geometry":{"type":"Point","coordinates":[-122.9542892,49.2060169]}},{"type":"Feature","properties":{"type":"node","id":"n287","kind":"buffer","turns":[],"osmNode":287},"geometry":{"type":"Point","coordinates":[-122.7910982,49.2864138]}},{"type":"Feature","properties":{"type":"node","id":"n288","kind":"buffer","turns":[],"osmNode":288},"geometry":{"type":"Point","coordinates":[-123.0826609,49.2665078]}},{"type":"Feature","properties":{"type":"node","id":"n4876","kind":"end","turns":[],"osmNode":4876},"geometry":{"type":"Point","coordinates":[-123.12357,49.1962492]}},{"type":"Feature","properties":{"type":"node","id":"n4877","kind":"link","turns":[["w703.0:1","w704.0:0"]],"osmNode":4877},"geometry":{"type":"Point","coordinates":[-123.123489,49.1962472]}},{"type":"Feature","properties":{"type":"node","id":"n4885","kind":"end","turns":[],"osmNode":4885},"geometry":{"type":"Point","coordinates":[-122.8012908,49.2748651]}},{"type":"Feature","properties":{"type":"node","id":"n4886","kind":"end","turns":[],"osmNode":4886},"geometry":{"type":"Point","coordinates":[-122.8013692,49.2749606]}},{"type":"Feature","properties":{"type":"node","id":"n4891","kind":"end","turns":[],"osmNode":4891},"geometry":{"type":"Point","coordinates":[-122.8168166,49.2769361]}},{"type":"Feature","properties":{"type":"stop","name":"VCC–Clark","railwayRef":"VCI","segment":"w320.0","offset":89.75,"osmNode":2928},"geometry":{"type":"Point","coordinates":[-123.078967,49.2658194]}},{"type":"Feature","properties":{"type":"stop","name":"Renfrew","railwayRef":"REI","segment":"w10.0","offset":384.8,"osmNode":345},"geometry":{"type":"Point","coordinates":[-123.045556,49.2589305]}},{"type":"Feature","properties":{"type":"stop","name":"Patterson","railwayRef":"PTO","segment":"w525.0","offset":253.9,"osmNode":3925},"geometry":{"type":"Point","coordinates":[-123.012736,49.2297489]}},{"type":"Feature","properties":{"type":"stop","name":"Lake City Way","railwayRef":"LCI","segment":"w228.0","offset":195.62,"osmNode":2272},"geometry":{"type":"Point","coordinates":[-122.939001,49.254636]}},{"type":"Feature","properties":{"type":"stop","name":"Sperling–Burnaby Lake","railwayRef":"SPO","segment":"w562.0","offset":698.28,"osmNode":4329},"geometry":{"type":"Point","coordinates":[-122.9639466,49.2591619]}},{"type":"Feature","properties":{"type":"stop","name":"Production Way–University","railwayRef":"PWO","segment":"w299.0","offset":725.03,"osmNode":2744},"geometry":{"type":"Point","coordinates":[-122.9181633,49.2533813]}},{"type":"Feature","properties":{"type":"stop","name":"Lougheed Town Centre","railwayRef":"LHO","segment":"w292.0","offset":197.13,"osmNode":2703},"geometry":{"type":"Point","coordinates":[-122.8968898,49.2484049]}},{"type":"Feature","properties":{"type":"stop","name":"Holdom","railwayRef":"HOI","segment":"w555.0","offset":325.75,"osmNode":4234},"geometry":{"type":"Point","coordinates":[-122.982099,49.2647544]}},{"type":"Feature","properties":{"type":"stop","name":"Surrey Central","railwayRef":"SCO","segment":"w316.0","offset":852.29,"osmNode":2891},"geometry":{"type":"Point","coordinates":[-122.847929,49.1895232]}},{"type":"Feature","properties":{"type":"stop","name":"King George","railwayRef":"KGO","segment":"w317.0","offset":100.21,"osmNode":2921},"geometry":{"type":"Point","coordinates":[-122.84468,49.1827396]}},{"type":"Feature","properties":{"type":"stop","name":"Royal Oak","railwayRef":"ROO","segment":"w202.0","offset":946.67,"osmNode":1963},"geometry":{"type":"Point","coordinates":[-122.988524,49.2200544]}},{"type":"Feature","properties":{"type":"stop","name":"Edmonds","railwayRef":"EDO","segment":"w39.0","offset":90.96,"osmNode":712},"geometry":{"type":"Point","coordinates":[-122.959309,49.2121895]}},{"type":"Feature","properties":{"type":"stop","name":"22nd Street","railwayRef":"TSO","segment":"w624.0","offset":42.44,"osmNode":4621},"geometry":{"type":"Point","coordinates":[-122.9488781,49.200076]}},{"type":"Feature","properties":{"type":"stop","name":"New Westminster","railwayRef":"NWO","segment":"w686.0","offset":41.02,"osmNode":4855},"geometry":{"type":"Point","coordinates":[-122.9126807,49.2013864]}},{"type":"Feature","properties":{"type":"stop","name":"Columbia","railwayRef":"COO","segment":"w38.0","offset":132.84,"osmNode":711},"geometry":{"type":"Point","coordinates":[-122.9062802,49.2047284]}},{"type":"Feature","properties":{"type":"stop","name":"Sapperton","railwayRef":"SAO","segment":"w548.0","offset":708.68,"osmNode":4173},"geometry":{"type":"Point","coordinates":[-122.8896067,49.2245158]}},{"type":"Feature","properties":{"type":"stop","name":"Rupert","railwayRef":"RUI","segment":"w552.0","offset":510,"osmNode":4217},"geometry":{"type":"Point","coordinates":[-123.0328813,49.2607932]}},{"type":"Feature","properties":{"type":"stop","name":"Waterfront","railwayRef":"WFI","segment":"w498.0","offset":46.43,"osmNode":3869},"geometry":{"type":"Point","coordinates":[-123.113347,49.2855815]}},{"type":"Feature","properties":{"type":"stop","name":"Vancouver City Centre","railwayRef":"VCI","segment":"w11.0","offset":204.02,"osmNode":367},"geometry":{"type":"Point","coordinates":[-123.1188803,49.2819595]}},{"type":"Feature","properties":{"type":"stop","name":"Olympic Village","railwayRef":"OVI","segment":"w11.0","offset":2279.15,"osmNode":394},"geometry":{"type":"Point","coordinates":[-123.1153523,49.266648]}},{"type":"Feature","properties":{"type":"stop","name":"Broadway-City Hall","railwayRef":"BWI","segment":"w13.0","offset":59.36,"osmNode":401},"geometry":{"type":"Point","coordinates":[-123.1147742,49.2629017]}},{"type":"Feature","properties":{"type":"stop","name":"Langara-49th Avenue","railwayRef":"LGI","segment":"w495.0","offset":138.1,"osmNode":3864},"geometry":{"type":"Point","coordinates":[-123.1163157,49.2265062]}},{"type":"Feature","properties":{"type":"stop","name":"Marine Drive","railwayRef":"MDI","segment":"w439.0","offset":137.17,"osmNode":3630},"geometry":{"type":"Point","coordinates":[-123.1169494,49.2096221]}},{"type":"Feature","properties":{"type":"stop","name":"Bridgeport","railwayRef":"BPO","segment":"w345.0","offset":137.82,"osmNode":3070},"geometry":{"type":"Point","coordinates":[-123.126062,49.1956136]}},{"type":"Feature","properties":{"type":"stop","name":"Templeton","railwayRef":"TEO","segment":"w584.0","offset":15.53,"osmNode":4461},"geometry":{"type":"Point","coordinates":[-123.14642,49.1967024]}},{"type":"Feature","properties":{"type":"stop","name":"Aberdeen","railwayRef":"ABO","segment":"w171.0","offset":1360,"osmNode":1663},"geometry":{"type":"Point","coordinates":[-123.136362,49.1839068]}},{"type":"Feature","properties":{"type":"stop","name":"Lansdowne","railwayRef":"LAO","segment":"w171.0","offset":2381.69,"osmNode":1671},"geometry":{"type":"Point","coordinates":[-123.1365171,49.1747208]}},{"type":"Feature","properties":{"type":"stop","name":"Braid","railwayRef":"BDO","segment":"w43.1","offset":368.35,"osmNode":753},"geometry":{"type":"Point","coordinates":[-122.8828559,49.2333297]}},{"type":"Feature","properties":{"type":"stop","name":"Yaletown-Roundhouse","railwayRef":"YTI","segment":"w11.0","offset":1263.88,"osmNode":383},"geometry":{"type":"Point","coordinates":[-123.122087,49.2745273]}},{"type":"Feature","properties":{"type":"stop","name":"Burrard","railwayRef":"BUI","segment":"w168.0","offset":987.81,"osmNode":1611},"geometry":{"type":"Point","coordinates":[-123.1197805,49.2857621]}},{"type":"Feature","properties":{"type":"stop","name":"Granville","railwayRef":"GV","segment":"w168.0","offset":614.02,"osmNode":1607},"geometry":{"type":"Point","coordinates":[-123.1160353,49.2834541]}},{"type":"Feature","properties":{"type":"stop","name":"Nanaimo","railwayRef":"NAO","segment":"w636.0","offset":370.33,"osmNode":4757},"geometry":{"type":"Point","coordinates":[-123.0559279,49.2483091]}},{"type":"Feature","properties":{"type":"stop","name":"29th Avenue","railwayRef":"TNO","segment":"w128.0","offset":20.15,"osmNode":1327},"geometry":{"type":"Point","coordinates":[-123.0458731,49.2441296]}},{"type":"Feature","properties":{"type":"stop","name":"Metrotown","railwayRef":"MTO","segment":"w143.0","offset":243.48,"osmNode":1436},"geometry":{"type":"Point","coordinates":[-123.0039065,49.2257663]}},{"type":"Feature","properties":{"type":"stop","name":"Oakridge-41st Avenue","railwayRef":"ORI","segment":"w487.0","offset":593.21,"osmNode":3822},"geometry":{"type":"Point","coordinates":[-123.1160968,49.2330815]}},{"type":"Feature","properties":{"type":"stop","name":"Coquitlam Central","railwayRef":"CCI","segment":"w313.0","offset":147.2,"osmNode":2864},"geometry":{"type":"Point","coordinates":[-122.801393,49.2750774]}},{"type":"Feature","properties":{"type":"stop","name":"Lincoln","railwayRef":"LNI","segment":"w426.0","offset":382.16,"osmNode":3565},"geometry":{"type":"Point","coordinates":[-122.7940685,49.280376]}},{"type":"Feature","properties":{"type":"stop","name":"Moody Centre","railwayRef":"MCI","segment":"w429.0","offset":82.67,"osmNode":3590},"geometry":{"type":"Point","coordinates":[-122.846011,49.2780115]}},{"type":"Feature","properties":{"type":"stop","name":"Production Way–University","railwayRef":"PWI","segment":"w295.0","offset":0,"osmNode":2716},"geometry":{"type":"Point","coordinates":[-122.918123,49.2534613]}},{"type":"Feature","properties":{"type":"stop","name":"Metrotown","railwayRef":"MTI","segment":"w634.0","offset":118.1,"osmNode":4740},"geometry":{"type":"Point","coordinates":[-123.0038325,49.2258471]}},{"type":"Feature","properties":{"type":"stop","name":"Stadium–Chinatown","railwayRef":"STO","segment":"w447.0","offset":40.03,"osmNode":3652},"geometry":{"type":"Point","coordinates":[-123.109349,49.2793597]}},{"type":"Feature","properties":{"type":"stop","name":"Stadium–Chinatown","railwayRef":"STI","segment":"w151.0","offset":298.19,"osmNode":1531},"geometry":{"type":"Point","coordinates":[-123.109242,49.2794219]}},{"type":"Feature","properties":{"type":"stop","name":"Waterfront","railwayRef":"WFI","segment":"w162.0","offset":17.94,"osmNode":1585},"geometry":{"type":"Point","coordinates":[-123.112088,49.2860676]}},{"type":"Feature","properties":{"type":"stop","name":"Waterfront","railwayRef":"WFO","segment":"w167.0","offset":26.54,"osmNode":1593},"geometry":{"type":"Point","coordinates":[-123.112021,49.2861459]}},{"type":"Feature","properties":{"type":"stop","name":"Commercial–Broadway","railwayRef":"CMI","segment":"w233.0","offset":215.5,"osmNode":2344},"geometry":{"type":"Point","coordinates":[-123.0684448,49.2629933]}},{"type":"Feature","properties":{"type":"stop","name":"Lougheed Town Centre","railwayRef":"LHI","segment":"w154.0","offset":92.5,"osmNode":1534},"geometry":{"type":"Point","coordinates":[-122.8968053,49.2484747]}},{"type":"Feature","properties":{"type":"stop","name":"Commercial–Broadway","railwayRef":"BWO","segment":"w524.0","offset":87.6,"osmNode":3916},"geometry":{"type":"Point","coordinates":[-123.0692225,49.2618701]}},{"type":"Feature","properties":{"type":"stop","name":"Commercial–Broadway","railwayRef":"BWI","segment":"w523.0","offset":560.44,"osmNode":3910},"geometry":{"type":"Point","coordinates":[-123.0690633,49.2618642]}},{"type":"Feature","properties":{"type":"stop","name":"Gilmore","railwayRef":"GMI","segment":"w561.0","offset":367.84,"osmNode":4294},"geometry":{"type":"Point","coordinates":[-123.013501,49.2649843]}},{"type":"Feature","properties":{"type":"stop","name":"Commercial–Broadway","railwayRef":"CMO","segment":"w236.0","offset":129.91,"osmNode":2359},"geometry":{"type":"Point","coordinates":[-123.0685311,49.2629063]}},{"type":"Feature","properties":{"type":"stop","name":"Gilmore","railwayRef":"GMO","segment":"w278.0","offset":1095.05,"osmNode":2568},"geometry":{"type":"Point","coordinates":[-123.0134674,49.2649619]}},{"type":"Feature","properties":{"type":"stop","name":"Burquitlam","railwayRef":"BQI","segment":"w470.0","offset":123.89,"osmNode":3748},"geometry":{"type":"Point","coordinates":[-122.890132,49.2612076]}},{"type":"Feature","properties":{"type":"stop","name":"Inlet Centre","railwayRef":"ICI","segment":"w141.0","offset":70.93,"osmNode":1428},"geometry":{"type":"Point","coordinates":[-122.8276627,49.2771611]}},{"type":"Feature","properties":{"type":"stop","name":"Lafarge Lake–Douglas","railwayRef":"LAI","segment":"w142.0","offset":130.86,"osmNode":1430},"geometry":{"type":"Point","coordinates":[-122.791866,49.2853464]}},{"type":"Feature","properties":{"type":"stop","name":"Templeton","railwayRef":"TEI","segment":"w582.0","offset":28.39,"osmNode":4450},"geometry":{"type":"Point","coordinates":[-123.146405,49.1966633]}},{"type":"Feature","properties":{"type":"stop","name":"Burquitlam","railwayRef":"BQO","segment":"w471.0","offset":113.28,"osmNode":3752},"geometry":{"type":"Point","coordinates":[-122.8900911,49.2611777]}},{"type":"Feature","properties":{"type":"stop","name":"Sea Island Centre","railwayRef":"SIO","segment":"w19.0","offset":528.84,"osmNode":480},"geometry":{"type":"Point","coordinates":[-123.1579588,49.1930949]}},{"type":"Feature","properties":{"type":"stop","name":"Sea Island Centre","railwayRef":"SII","segment":"w251.0","offset":507.64,"osmNode":2422},"geometry":{"type":"Point","coordinates":[-123.157931,49.1929894]}},{"type":"Feature","properties":{"type":"stop","name":"Aberdeen","railwayRef":"ABI","segment":"w146.0","offset":1076.78,"osmNode":1455},"geometry":{"type":"Point","coordinates":[-123.136287,49.1839196]}},{"type":"Feature","properties":{"type":"stop","name":"Lansdowne","railwayRef":"LAI","segment":"w146.0","offset":53.77,"osmNode":1446},"geometry":{"type":"Point","coordinates":[-123.13645,49.1747215]}},{"type":"Feature","properties":{"type":"stop","name":"Surrey Central","railwayRef":"SCI","segment":"w182.0","offset":788.55,"osmNode":1755},"geometry":{"type":"Point","coordinates":[-122.847795,49.1895198]}},{"type":"Feature","properties":{"type":"stop","name":"King George","railwayRef":"KGI","segment":"w181.0","offset":60.49,"osmNode":1723},"geometry":{"type":"Point","coordinates":[-122.844639,49.1827792]}},{"type":"Feature","properties":{"type":"stop","name":"Scott Road","railwayRef":"SRO","segment":"w579.0","offset":371.3,"osmNode":4440},"geometry":{"type":"Point","coordinates":[-122.87412,49.2043891]}},{"type":"Feature","properties":{"type":"stop","name":"Scott Road","railwayRef":"SRI","segment":"w576.0","offset":63.47,"osmNode":4402},"geometry":{"type":"Point","coordinates":[-122.874137,49.2044712]}},{"type":"Feature","properties":{"type":"stop","name":"Columbia","railwayRef":"COI","segment":"w190.0","offset":179.62,"osmNode":1806},"geometry":{"type":"Point","coordinates":[-122.9063133,49.2047579]}},{"type":"Feature","properties":{"type":"stop","name":"Sapperton","railwayRef":"SAI","segment":"w547.0","offset":64.93,"osmNode":4155},"geometry":{"type":"Point","coordinates":[-122.8895687,49.224476]}},{"type":"Feature","properties":{"type":"stop","name":"New Westminster","railwayRef":"NWI","segment":"w683.0","offset":41.47,"osmNode":4850},"geometry":{"type":"Point","coordinates":[-122.9127069,49.2014068]}},{"type":"Feature","properties":{"type":"stop","name":"22nd Street","railwayRef":"TSI","segment":"w194.0","offset":2709.71,"osmNode":1878},"geometry":{"type":"Point","coordinates":[-122.9489078,49.2000988]}},{"type":"Feature","properties":{"type":"stop","name":"Edmonds","railwayRef":"EDI","segment":"w200.0","offset":77.8,"osmNode":1893},"geometry":{"type":"Point","coordinates":[-122.95927,49.2122007]}},{"type":"Feature","properties":{"type":"stop","name":"Royal Oak","railwayRef":"ROI","segment":"w201.0","offset":2339.32,"osmNode":1936},"geometry":{"type":"Point","coordinates":[-122.988497,49.2201395]}},{"type":"Feature","properties":{"type":"stop","name":"Patterson","railwayRef":"PTI","segment":"w526.0","offset":548.42,"osmNode":3931},"geometry":{"type":"Point","coordinates":[-123.012696,49.2298493]}},{"type":"Feature","properties":{"type":"stop","name":"Joyce–Collingwood","railwayRef":"JYO","segment":"w31.0","offset":569.95,"osmNode":687},"geometry":{"type":"Point","coordinates":[-123.0318417,49.2383666]}},{"type":"Feature","properties":{"type":"stop","name":"Joyce–Collingwood","railwayRef":"JYI","segment":"w205.0","offset":500.88,"osmNode":1990},"geometry":{"type":"Point","coordinates":[-123.0317729,49.2384444]}},{"type":"Feature","properties":{"type":"stop","name":"Nanaimo","railwayRef":"NAI","segment":"w635.0","offset":0,"osmNode":4745},"geometry":{"type":"Point","coordinates":[-123.0559013,49.2483401]}},{"type":"Feature","properties":{"type":"stop","name":"29th Avenue","railwayRef":"TNI","segment":"w211.0","offset":637,"osmNode":2004},"geometry":{"type":"Point","coordinates":[-123.0458332,49.2442124]}},{"type":"Feature","properties":{"type":"stop","name":"VCC–Clark","railwayRef":"VCO","segment":"w319.0","offset":0,"osmNode":2924},"geometry":{"type":"Point","coordinates":[-123.078985,49.2657805]}},{"type":"Feature","properties":{"type":"stop","name":"Main Street–Science World","railwayRef":"MNO","segment":"w531.0","offset":52.52,"osmNode":3945},"geometry":{"type":"Point","coordinates":[-123.100341,49.2730906]}},{"type":"Feature","properties":{"type":"stop","name":"Main Street–Science World","railwayRef":"MNI","segment":"w532.0","offset":1061.15,"osmNode":3993},"geometry":{"type":"Point","coordinates":[-123.100315,49.2731741]}},{"type":"Feature","properties":{"type":"stop","name":"Braid","railwayRef":"BDI","segment":"w222.1","offset":127.65,"osmNode":2229},"geometry":{"type":"Point","coordinates":[-122.8827927,49.2333355]}},{"type":"Feature","properties":{"type":"stop","name":"Lougheed Town Centre","railwayRef":"LHS","segment":"w573.0","offset":138.97,"osmNode":4394},"geometry":{"type":"Point","coordinates":[-122.8967683,49.2485007]}},{"type":"Feature","properties":{"type":"stop","name":"Lake City Way","railwayRef":"LCO","segment":"w562.0","offset":2604.58,"osmNode":4356},"geometry":{"type":"Point","coordinates":[-122.9390127,49.2545929]}},{"type":"Feature","properties":{"type":"stop","name":"Sperling–Burnaby Lake","railwayRef":"SPI","segment":"w228.0","offset":2101.41,"osmNode":2300},"geometry":{"type":"Point","coordinates":[-122.9639301,49.2591989]}},{"type":"Feature","properties":{"type":"stop","name":"Holdom","railwayRef":"HOO","segment":"w556.0","offset":620.95,"osmNode":4252},"geometry":{"type":"Point","coordinates":[-122.98211,49.2647152]}},{"type":"Feature","properties":{"type":"stop","name":"Brentwood Town Centre","railwayRef":"BRI","segment":"w559.0","offset":828.22,"osmNode":4282},"geometry":{"type":"Point","coordinates":[-123.0016717,49.2664189]}},{"type":"Feature","properties":{"type":"stop","name":"Brentwood Town Centre","railwayRef":"BRO","segment":"w280.0","offset":480.75,"osmNode":2592},"geometry":{"type":"Point","coordinates":[-123.0016768,49.2663724]}},{"type":"Feature","properties":{"type":"stop","name":"Rupert","railwayRef":"RUO","segment":"w551.0","offset":395.56,"osmNode":4196},"geometry":{"type":"Point","coordinates":[-123.0328558,49.2607565]}},{"type":"Feature","properties":{"type":"stop","name":"Renfrew","railwayRef":"REO","segment":"w239.0","offset":671.46,"osmNode":2391},"geometry":{"type":"Point","coordinates":[-123.045543,49.258881]}},{"type":"Feature","properties":{"type":"stop","name":"Coquitlam Central","railwayRef":"CCO","segment":"w342.0","offset":135.72,"osmNode":3053},"geometry":{"type":"Point","coordinates":[-122.800403,49.2747473]}},{"type":"Feature","properties":{"type":"stop","name":"King Edward","railwayRef":"KEI","segment":"w13.0","offset":1572.83,"osmNode":407},"geometry":{"type":"Point","coordinates":[-123.1153315,49.2493003]}},{"type":"Feature","properties":{"type":"stop","name":"Moody Centre","railwayRef":"MCO","segment":"w427.0","offset":82.95,"osmNode":3573},"geometry":{"type":"Point","coordinates":[-122.844937,49.2778871]}},{"type":"Feature","properties":{"type":"stop","name":"Inlet Centre","railwayRef":"ICO","segment":"w334.0","offset":66.42,"osmNode":3025},"geometry":{"type":"Point","coordinates":[-122.8276803,49.277119]}},{"type":"Feature","properties":{"type":"stop","name":"Lincoln","railwayRef":"LNO","segment":"w568.0","offset":617.2,"osmNode":4372},"geometry":{"type":"Point","coordinates":[-122.7940182,49.2803533]}},{"type":"Feature","properties":{"type":"stop","name":"Lafarge Lake–Douglas","railwayRef":"LAO","segment":"w425.0","offset":112.84,"osmNode":3552},"geometry":{"type":"Point","coordinates":[-122.791709,49.2853142]}},{"type":"Feature","properties":{"type":"stop","name":"Marine Drive","railwayRef":"MDO","segment":"w442.0","offset":137.26,"osmNode":3641},"geometry":{"type":"Point","coordinates":[-123.1170101,49.2096222]}},{"type":"Feature","properties":{"type":"stop","name":"Langara-49th Avenue","railwayRef":"LGO","segment":"w494.0","offset":137.97,"osmNode":3856},"geometry":{"type":"Point","coordinates":[-123.1163489,49.2265071]}},{"type":"Feature","properties":{"type":"stop","name":"Oakridge-41st Avenue","railwayRef":"ORO","segment":"w486.0","offset":78.41,"osmNode":3815},"geometry":{"type":"Point","coordinates":[-123.1161734,49.233075]}},{"type":"Feature","properties":{"type":"stop","name":"King Edward","railwayRef":"KEO","segment":"w483.0","offset":1465.5,"osmNode":3776},"geometry":{"type":"Point","coordinates":[-123.1153141,49.2490832]}},{"type":"Feature","properties":{"type":"stop","name":"Broadway-City Hall","railwayRef":"BWO","segment":"w349.0","offset":59.45,"osmNode":3129},"geometry":{"type":"Point","coordinates":[-123.1148243,49.2629029]}},{"type":"Feature","properties":{"type":"stop","name":"Olympic Village","railwayRef":"OVO","segment":"w347.0","offset":2284.39,"osmNode":3120},"geometry":{"type":"Point","coordinates":[-123.1154617,49.2666146]}},{"type":"Feature","properties":{"type":"stop","name":"Yaletown-Roundhouse","railwayRef":"YTO","segment":"w347.0","offset":1308.22,"osmNode":3102},"geometry":{"type":"Point","coordinates":[-123.121791,49.2742425]}},{"type":"Feature","properties":{"type":"stop","name":"Vancouver City Centre","railwayRef":"VCO","segment":"w347.0","offset":203.87,"osmNode":3084},"geometry":{"type":"Point","coordinates":[-123.1189613,49.2820192]}},{"type":"Feature","properties":{"type":"stop","name":"Waterfront","railwayRef":"WFO","segment":"w502.0","offset":46.9,"osmNode":3870},"geometry":{"type":"Point","coordinates":[-123.113477,49.2856579]}},{"type":"Feature","properties":{"type":"stop","name":"Granville","railwayRef":"GV","segment":"w355.0","offset":494.41,"osmNode":3149},"geometry":{"type":"Point","coordinates":[-123.1151647,49.2829007]}},{"type":"Feature","properties":{"type":"stop","name":"Burrard","railwayRef":"BUO","segment":"w355.0","offset":111.18,"osmNode":3148},"geometry":{"type":"Point","coordinates":[-123.1190103,49.2852641]}},{"type":"Feature","properties":{"type":"stop","name":"Bridgeport","railwayRef":"BPI","segment":"w321.0","offset":38.96,"osmNode":2929},"geometry":{"type":"Point","coordinates":[-123.125974,49.1955237]}},{"type":"Feature","properties":{"type":"stop","name":"YVR–Airport","railwayRef":"YAT","segment":"w323.0","offset":554.66,"osmNode":2956},"geometry":{"type":"Point","coordinates":[-123.1784212,49.194201]}},{"type":"Feature","properties":{"type":"stop","name":"Gateway","railwayRef":"GWO","segment":"w25.0","offset":1927.39,"osmNode":540},"geometry":{"type":"Point","coordinates":[-122.8506765,49.1989111]}},{"type":"Feature","properties":{"type":"stop","name":"Gateway","railwayRef":"GWI","segment":"w184.0","offset":147.04,"osmNode":1780},"geometry":{"type":"Point","coordinates":[-122.8505437,49.1989111]}},{"type":"Feature","properties":{"type":"stop","name":"Capstan","railwayRef":"CPI","segment":"w146.0","offset":1802.19,"osmNode":1464},"geometry":{"type":"Point","coordinates":[-123.131451,49.18953]}},{"type":"Feature","properties":{"type":"stop","name":"Capstan","railwayRef":"CPO","segment":"w171.0","offset":630.34,"osmNode":1651},"geometry":{"type":"Point","coordinates":[-123.1315066,49.1895518]}},{"type":"Feature","properties":{"type":"stop","name":"Richmond–Brighouse","railwayRef":"RBT","segment":"w309.0","offset":457.68,"osmNode":2822},"geometry":{"type":"Point","coordinates":[-123.1363584,49.1681308]}}]}
