<?xml version="1.0" encoding="UTF-8"?>
<gpx xmlns:xsi="http://www.w3.org/2001/XMLSchema-instance" xmlns="http://www.topografix.com/GPX/1/1" xsi:schemaLocation="http://www.topografix.com/GPX/1/1 http://www.topografix.com/GPX/1/1/gpx.xsd" version="1.1" creator="Open GPX Tracker for iOS">
	<trk>
		<trkseg>
			<trkpt lat="49.23282836177841" lon="-122.88295145132278">
				<ele>9.211528422412227</ele>
				<time>2026-09-28T00:20:28Z</time>
			</trkpt>
			<trkpt lat="49.23290013883617" lon="-122.88296003152627">
				<ele>9.307838308187351</ele>
				<time>2026-09-28T00:20:29Z</time>
			</trkpt>
			<trkpt lat="49.23292318797464" lon="-122.8829312553271">
				<ele>9.321933459572048</ele>
				<time>2026-09-28T00:20:30Z</time>
			</trkpt>
			<trkpt lat="49.23293772204482" lon="-122.88289094661693">
				<ele>9.547120748124648</ele>
				<time>2026-09-28T00:20:31Z</time>
			</trkpt>
			<trkpt lat="49.2329378226036" lon="-122.88286469472621">
				<ele>9.666944182164686</ele>
				<time>2026-09-28T00:20:32Z</time>
			</trkpt>
			<trkpt lat="49.23293041234573" lon="-122.88286320417926">
				<ele>9.726030115969479</ele>
				<time>2026-09-28T00:20:35Z</time>
			</trkpt>
			<trkpt lat="49.232920702181794" lon="-122.88286120877194">
				<ele>9.91678236424923</ele>
				<time>2026-09-28T00:20:37Z</time>
			</trkpt>
			<trkpt lat="49.23293448372834" lon="-122.88281073455545">
				<ele>10.030218779109418</ele>
				<time>2026-09-28T00:20:43Z</time>
			</trkpt>
			<trkpt lat="49.23290958400495" lon="-122.88275248575613">
				<ele>9.489708069711924</ele>
				<time>2026-09-28T00:20:49Z</time>
			</trkpt>
			<trkpt lat="49.23294380996809" lon="-122.88274051217786">
				<ele>8.454776076599956</ele>
				<time>2026-09-28T00:20:53Z</time>
			</trkpt>
			<trkpt lat="49.23295496398082" lon="-122.88274736589553">
				<ele>8.476358354091644</ele>
				<time>2026-09-28T00:20:57Z</time>
			</trkpt>
			<trkpt lat="49.232919997527695" lon="-122.88276035184587">
				<ele>10.86794156767428</ele>
				<time>2026-09-28T00:21:14Z</time>
			</trkpt>
			<trkpt lat="49.23284916734455" lon="-122.88273008429088">
				<ele>10.305889401584864</ele>
				<time>2026-09-28T00:21:16Z</time>
			</trkpt>
			<trkpt lat="49.23274086774644" lon="-122.88251699121689">
				<ele>10.277144198305905</ele>
				<time>2026-09-28T00:21:17Z</time>
			</trkpt>
			<trkpt lat="49.23263526113416" lon="-122.88253635279852">
				<ele>10.046408640220761</ele>
				<time>2026-09-28T00:21:18Z</time>
			</trkpt>
			<trkpt lat="49.23251938784133" lon="-122.88257910023187">
				<ele>9.774306381121278</ele>
				<time>2026-09-28T00:21:19Z</time>
			</trkpt>
			<trkpt lat="49.23241452966319" lon="-122.8826428156372">
				<ele>9.59859257005155</ele>
				<time>2026-09-28T00:21:20Z</time>
			</trkpt>
			<trkpt lat="49.23229527526726" lon="-122.8826530949602">
				<ele>9.479892051778734</ele>
				<time>2026-09-28T00:21:21Z</time>
			</trkpt>
			<trkpt lat="49.232173429122696" lon="-122.88272853821888">
				<ele>9.095216679386795</ele>
				<time>2026-09-28T00:21:22Z</time>
			</trkpt>
			<trkpt lat="49.23204679482586" lon="-122.88280956727066">
				<ele>9.030173475854099</ele>
				<time>2026-09-28T00:21:23Z</time>
			</trkpt>
			<trkpt lat="49.23192441908746" lon="-122.8828993575816">
				<ele>9.04071562178433</ele>
				<time>2026-09-28T00:21:24Z</time>
			</trkpt>
			<trkpt lat="49.23183822868266" lon="-122.88300655861863">
				<ele>8.757372993975878</ele>
				<time>2026-09-28T00:21:25Z</time>
			</trkpt>
			<trkpt lat="49.23145975123057" lon="-122.88249250279544">
				<ele>8.79919652827084</ele>
				<time>2026-09-28T00:21:26Z</time>
			</trkpt>
			<trkpt lat="49.23128156801078" lon="-122.8824922999506">
				<ele>8.986070955172181</ele>
				<time>2026-09-28T00:21:27Z</time>
			</trkpt>
			<trkpt lat="49.23109278576215" lon="-122.88251776120397">
				<ele>8.95170076098293</ele>
				<time>2026-09-28T00:21:28Z</time>
			</trkpt>
			<trkpt lat="49.23090304130953" lon="-122.88255377370069">
				<ele>8.793165804818273</ele>
				<time>2026-09-28T00:21:29Z</time>
			</trkpt>
			<trkpt lat="49.230708653480946" lon="-122.88260797988828">
				<ele>8.444632547907531</ele>
				<time>2026-09-28T00:21:30Z</time>
			</trkpt>
			<trkpt lat="49.230517657590795" lon="-122.88268550014685">
				<ele>7.51866062451154</ele>
				<time>2026-09-28T00:21:31Z</time>
			</trkpt>
			<trkpt lat="49.23032601192194" lon="-122.8827888097895">
				<ele>6.984462719410658</ele>
				<time>2026-09-28T00:21:32Z</time>
			</trkpt>
			<trkpt lat="49.230134593685015" lon="-122.8829154677085">
				<ele>5.774898427538574</ele>
				<time>2026-09-28T00:21:33Z</time>
			</trkpt>
			<trkpt lat="49.22994813065705" lon="-122.8830282990778">
				<ele>5.602697112597525</ele>
				<time>2026-09-28T00:21:34Z</time>
			</trkpt>
			<trkpt lat="49.22977159768854" lon="-122.88320375508222">
				<ele>4.875924753025174</ele>
				<time>2026-09-28T00:21:35Z</time>
			</trkpt>
			<trkpt lat="49.22960137400781" lon="-122.88338458738235">
				<ele>4.5281737288460135</ele>
				<time>2026-09-28T00:21:36Z</time>
			</trkpt>
			<trkpt lat="49.22943954650461" lon="-122.88357315098278">
				<ele>4.1313802460208535</ele>
				<time>2026-09-28T00:21:37Z</time>
			</trkpt>
			<trkpt lat="49.229288291786965" lon="-122.88377644208624">
				<ele>3.6497377566993237</ele>
				<time>2026-09-28T00:21:38Z</time>
			</trkpt>
			<trkpt lat="49.229138560266115" lon="-122.8839827473866">
				<ele>3.2837894996628165</ele>
				<time>2026-09-28T00:21:39Z</time>
			</trkpt>
			<trkpt lat="49.22898586987844" lon="-122.88418841294163">
				<ele>2.68968677893281</ele>
				<time>2026-09-28T00:21:40Z</time>
			</trkpt>
			<trkpt lat="49.22883170364667" lon="-122.88439192761007">
				<ele>2.2781546944752336</ele>
				<time>2026-09-28T00:21:41Z</time>
			</trkpt>
			<trkpt lat="49.22868196525394" lon="-122.88460263932932">
				<ele>2.143326581455767</ele>
				<time>2026-09-28T00:21:42Z</time>
			</trkpt>
			<trkpt lat="49.228531750554886" lon="-122.88480431074144">
				<ele>2.126759155653417</ele>
				<time>2026-09-28T00:21:43Z</time>
			</trkpt>
			<trkpt lat="49.22838027386314" lon="-122.88501578384775">
				<ele>2.947623770684004</ele>
				<time>2026-09-28T00:21:44Z</time>
			</trkpt>
			<trkpt lat="49.22824116689502" lon="-122.88520315382371">
				<ele>4.5483736004680395</ele>
				<time>2026-09-28T00:21:45Z</time>
			</trkpt>
			<trkpt lat="49.228094089615155" lon="-122.88539292309069">
				<ele>5.938725097104907</ele>
				<time>2026-09-28T00:21:46Z</time>
			</trkpt>
			<trkpt lat="49.22794037890571" lon="-122.88557572685987">
				<ele>7.049798112362623</ele>
				<time>2026-09-28T00:21:47Z</time>
			</trkpt>
			<trkpt lat="49.22778719356639" lon="-122.88576447062836">
				<ele>7.791079414077103</ele>
				<time>2026-09-28T00:21:48Z</time>
			</trkpt>
			<trkpt lat="49.22763266559806" lon="-122.88594750805579">
				<ele>8.514208902604878</ele>
				<time>2026-09-28T00:21:49Z</time>
			</trkpt>
			<trkpt lat="49.22747661425332" lon="-122.88613621431621">
				<ele>8.891589621081948</ele>
				<time>2026-09-28T00:21:50Z</time>
			</trkpt>
			<trkpt lat="49.22731949312427" lon="-122.8863180357829">
				<ele>8.981109779328108</ele>
				<time>2026-09-28T00:21:51Z</time>
			</trkpt>
			<trkpt lat="49.22716499955137" lon="-122.88650008231302">
				<ele>9.011845921166241</ele>
				<time>2026-09-28T00:21:52Z</time>
			</trkpt>
			<trkpt lat="49.22700860614088" lon="-122.8866906207383">
				<ele>9.0193278985098</ele>
				<time>2026-09-28T00:21:53Z</time>
			</trkpt>
			<trkpt lat="49.22685280837372" lon="-122.88687772620253">
				<ele>9.351580427959561</ele>
				<time>2026-09-28T00:21:54Z</time>
			</trkpt>
			<trkpt lat="49.22669476643674" lon="-122.88706992653253">
				<ele>9.536013757809997</ele>
				<time>2026-09-28T00:21:55Z</time>
			</trkpt>
			<trkpt lat="49.22653631988943" lon="-122.88725628355968">
				<ele>9.61513166129589</ele>
				<time>2026-09-28T00:21:56Z</time>
			</trkpt>
			<trkpt lat="49.22637819574561" lon="-122.88744399763806">
				<ele>9.80073424614966</ele>
				<time>2026-09-28T00:21:57Z</time>
			</trkpt>
			<trkpt lat="49.22622159123804" lon="-122.88763061443618">
				<ele>9.958487782627344</ele>
				<time>2026-09-28T00:21:58Z</time>
			</trkpt>
			<trkpt lat="49.22606359009767" lon="-122.88781765546445">
				<ele>10.140400587581098</ele>
				<time>2026-09-28T00:21:59Z</time>
			</trkpt>
			<trkpt lat="49.225909015485314" lon="-122.88800644674197">
				<ele>10.392921945080161</ele>
				<time>2026-09-28T00:22:00Z</time>
			</trkpt>
			<trkpt lat="49.225758108677724" lon="-122.88819082685204">
				<ele>10.334056534804404</ele>
				<time>2026-09-28T00:22:01Z</time>
			</trkpt>
			<trkpt lat="49.2256150562051" lon="-122.88835508163756">
				<ele>10.315828741528094</ele>
				<time>2026-09-28T00:22:02Z</time>
			</trkpt>
			<trkpt lat="49.225476330614384" lon="-122.88851763141845">
				<ele>9.95094350259751</ele>
				<time>2026-09-28T00:22:03Z</time>
			</trkpt>
			<trkpt lat="49.22534835990291" lon="-122.88867381569">
				<ele>9.647923428565264</ele>
				<time>2026-09-28T00:22:04Z</time>
			</trkpt>
			<trkpt lat="49.22522975834762" lon="-122.88882103401556">
				<ele>9.829857016913593</ele>
				<time>2026-09-28T00:22:05Z</time>
			</trkpt>
			<trkpt lat="49.22511517058771" lon="-122.88895750505601">
				<ele>10.013284009881318</ele>
				<time>2026-09-28T00:22:06Z</time>
			</trkpt>
			<trkpt lat="49.22500874842238" lon="-122.88908736890019">
				<ele>9.955087145790458</ele>
				<time>2026-09-28T00:22:07Z</time>
			</trkpt>
			<trkpt lat="49.22491006725539" lon="-122.88920868854181">
				<ele>10.047955188900232</ele>
				<time>2026-09-28T00:22:08Z</time>
			</trkpt>
			<trkpt lat="49.22481662622648" lon="-122.88932229116143">
				<ele>9.982398186810315</ele>
				<time>2026-09-28T00:22:09Z</time>
			</trkpt>
			<trkpt lat="49.2247265635576" lon="-122.88942336771477">
				<ele>10.448678293265402</ele>
				<time>2026-09-28T00:22:10Z</time>
			</trkpt>
			<trkpt lat="49.22464060132913" lon="-122.88951776583703">
				<ele>10.28773494437337</ele>
				<time>2026-09-28T00:22:11Z</time>
			</trkpt>
			<trkpt lat="49.22456457551334" lon="-122.88962461884147">
				<ele>9.70822817645967</ele>
				<time>2026-09-28T00:22:12Z</time>
			</trkpt>
			<trkpt lat="49.224498896116515" lon="-122.88971249992284">
				<ele>9.31476666778326</ele>
				<time>2026-09-28T00:22:13Z</time>
			</trkpt>
			<trkpt lat="49.224440039359365" lon="-122.88978485394433">
				<ele>9.234603755176067</ele>
				<time>2026-09-28T00:22:14Z</time>
			</trkpt>
			<trkpt lat="49.224384647358" lon="-122.88984071067921">
				<ele>9.386918736621737</ele>
				<time>2026-09-28T00:22:15Z</time>
			</trkpt>
			<trkpt lat="49.22433789719724" lon="-122.88989653398018">
				<ele>9.40684562176466</ele>
				<time>2026-09-28T00:22:16Z</time>
			</trkpt>
			<trkpt lat="49.224292927860986" lon="-122.88994049809675">
				<ele>9.370727175846696</ele>
				<time>2026-09-28T00:22:17Z</time>
			</trkpt>
			<trkpt lat="49.22426123349992" lon="-122.88997428910419">
				<ele>9.142488571815193</ele>
				<time>2026-09-28T00:22:18Z</time>
			</trkpt>
			<trkpt lat="49.22424283848763" lon="-122.88999857683397">
				<ele>8.761015536263585</ele>
				<time>2026-09-28T00:22:19Z</time>
			</trkpt>
			<trkpt lat="49.224220343029714" lon="-122.8900214971212">
				<ele>8.459916898980737</ele>
				<time>2026-09-28T00:22:21Z</time>
			</trkpt>
			<trkpt lat="49.22414369031584" lon="-122.89014083758278">
				<ele>8.17270496301353</ele>
				<time>2026-09-28T00:22:53Z</time>
			</trkpt>
			<trkpt lat="49.224084702646316" lon="-122.89021358394953">
				<ele>8.327818685211241</ele>
				<time>2026-09-28T00:22:54Z</time>
			</trkpt>
			<trkpt lat="49.224177340317254" lon="-122.89061076015675">
				<ele>8.874353850260377</ele>
				<time>2026-09-28T00:22:55Z</time>
			</trkpt>
			<trkpt lat="49.224109123497044" lon="-122.89068046084243">
				<ele>8.598099603317678</ele>
				<time>2026-09-28T00:22:56Z</time>
			</trkpt>
			<trkpt lat="49.2240433749126" lon="-122.89074843979806">
				<ele>8.371379292570055</ele>
				<time>2026-09-28T00:22:57Z</time>
			</trkpt>
			<trkpt lat="49.22396297859061" lon="-122.890833090331">
				<ele>8.329561314545572</ele>
				<time>2026-09-28T00:22:58Z</time>
			</trkpt>
			<trkpt lat="49.22386519319922" lon="-122.89093604801762">
				<ele>7.63191603962332</ele>
				<time>2026-09-28T00:22:59Z</time>
			</trkpt>
			<trkpt lat="49.22376822710865" lon="-122.89103976669703">
				<ele>8.146765863522887</ele>
				<time>2026-09-28T00:23:00Z</time>
			</trkpt>
			<trkpt lat="49.22365708151816" lon="-122.89115814940025">
				<ele>8.449436670169234</ele>
				<time>2026-09-28T00:23:01Z</time>
			</trkpt>
			<trkpt lat="49.223548433991326" lon="-122.89127893847923">
				<ele>8.994895403273404</ele>
				<time>2026-09-28T00:23:02Z</time>
			</trkpt>
			<trkpt lat="49.22343430914012" lon="-122.89140838450972">
				<ele>9.173991198651493</ele>
				<time>2026-09-28T00:23:03Z</time>
			</trkpt>
			<trkpt lat="49.2233176471508" lon="-122.89154081224989">
				<ele>9.719485369510949</ele>
				<time>2026-09-28T00:23:04Z</time>
			</trkpt>
			<trkpt lat="49.22318729298531" lon="-122.89168932822109">
				<ele>9.90648605953902</ele>
				<time>2026-09-28T00:23:05Z</time>
			</trkpt>
			<trkpt lat="49.22306271171554" lon="-122.89183000029995">
				<ele>10.337155292741954</ele>
				<time>2026-09-28T00:23:06Z</time>
			</trkpt>
			<trkpt lat="49.22292935081434" lon="-122.89197874674016">
				<ele>10.551233313977718</ele>
				<time>2026-09-28T00:23:07Z</time>
			</trkpt>
			<trkpt lat="49.22279159125691" lon="-122.89213272651729">
				<ele>10.765035851858556</ele>
				<time>2026-09-28T00:23:08Z</time>
			</trkpt>
			<trkpt lat="49.22265363024965" lon="-122.89228719128361">
				<ele>10.565171379595995</ele>
				<time>2026-09-28T00:23:09Z</time>
			</trkpt>
			<trkpt lat="49.222515556388124" lon="-122.89244180831236">
				<ele>10.905437177978456</ele>
				<time>2026-09-28T00:23:10Z</time>
			</trkpt>
			<trkpt lat="49.22236283007168" lon="-122.89260725805133">
				<ele>10.88336218520999</ele>
				<time>2026-09-28T00:23:11Z</time>
			</trkpt>
			<trkpt lat="49.22221009449601" lon="-122.8927712310944">
				<ele>10.850104511715472</ele>
				<time>2026-09-28T00:23:12Z</time>
			</trkpt>
			<trkpt lat="49.22170015035982" lon="-122.89211872561161">
				<ele>10.261018778197467</ele>
				<time>2026-09-28T00:23:13Z</time>
			</trkpt>
			<trkpt lat="49.221502106138175" lon="-122.89216394416263">
				<ele>10.26041656266898</ele>
				<time>2026-09-28T00:23:14Z</time>
			</trkpt>
			<trkpt lat="49.221301507725144" lon="-122.89220847817013">
				<ele>9.788446971215308</ele>
				<time>2026-09-28T00:23:15Z</time>
			</trkpt>
			<trkpt lat="49.22110129029222" lon="-122.89225551898986">
				<ele>9.58431190252304</ele>
				<time>2026-09-28T00:23:16Z</time>
			</trkpt>
			<trkpt lat="49.2209099135019" lon="-122.89306646555166">
				<ele>9.128403890877962</ele>
				<time>2026-09-28T00:23:17Z</time>
			</trkpt>
			<trkpt lat="49.22070841484624" lon="-122.8930715830042">
				<ele>8.936936099082232</ele>
				<time>2026-09-28T00:23:18Z</time>
			</trkpt>
			<trkpt lat="49.22051111788068" lon="-122.89307716557674">
				<ele>8.803165880963206</ele>
				<time>2026-09-28T00:23:19Z</time>
			</trkpt>
			<trkpt lat="49.22031432507135" lon="-122.89308192303177">
				<ele>8.059767777100205</ele>
				<time>2026-09-28T00:23:20Z</time>
			</trkpt>
			<trkpt lat="49.22011684916302" lon="-122.89308799834157">
				<ele>7.5205060336738825</ele>
				<time>2026-09-28T00:23:21Z</time>
			</trkpt>
			<trkpt lat="49.21991804629093" lon="-122.89309403666677">
				<ele>7.445840068161488</ele>
				<time>2026-09-28T00:23:22Z</time>
			</trkpt>
			<trkpt lat="49.21971864493785" lon="-122.89309997210641">
				<ele>7.446288805454969</ele>
				<time>2026-09-28T00:23:23Z</time>
			</trkpt>
			<trkpt lat="49.2195281808085" lon="-122.89310774319769">
				<ele>6.62477248813957</ele>
				<time>2026-09-28T00:23:24Z</time>
			</trkpt>
			<trkpt lat="49.219357847774276" lon="-122.89312363896573">
				<ele>5.799630123190582</ele>
				<time>2026-09-28T00:23:25Z</time>
			</trkpt>
			<trkpt lat="49.21916487695817" lon="-122.89316549199285">
				<ele>6.088252506218851</ele>
				<time>2026-09-28T00:23:26Z</time>
			</trkpt>
			<trkpt lat="49.21896712130237" lon="-122.89321181799455">
				<ele>5.740226839669049</ele>
				<time>2026-09-28T00:23:27Z</time>
			</trkpt>
			<trkpt lat="49.21877057995295" lon="-122.89326174641373">
				<ele>5.6644041715189815</ele>
				<time>2026-09-28T00:23:28Z</time>
			</trkpt>
			<trkpt lat="49.2185683720805" lon="-122.89331311427917">
				<ele>5.263221217319369</ele>
				<time>2026-09-28T00:23:29Z</time>
			</trkpt>
			<trkpt lat="49.218370932080994" lon="-122.89336465781919">
				<ele>4.927200343459845</ele>
				<time>2026-09-28T00:23:30Z</time>
			</trkpt>
			<trkpt lat="49.21817320833242" lon="-122.89341647581418">
				<ele>4.823728526942432</ele>
				<time>2026-09-28T00:23:31Z</time>
			</trkpt>
			<trkpt lat="49.21797506826119" lon="-122.89346843907369">
				<ele>4.894476198591292</ele>
				<time>2026-09-28T00:23:32Z</time>
			</trkpt>
			<trkpt lat="49.217777484148925" lon="-122.89352067976616">
				<ele>5.00964724086225</ele>
				<time>2026-09-28T00:23:33Z</time>
			</trkpt>
			<trkpt lat="49.217580923476454" lon="-122.89357246514462">
				<ele>5.452325906604528</ele>
				<time>2026-09-28T00:23:34Z</time>
			</trkpt>
			<trkpt lat="49.21738384288076" lon="-122.89362633058137">
				<ele>5.626164490357041</ele>
				<time>2026-09-28T00:23:35Z</time>
			</trkpt>
			<trkpt lat="49.21718597330606" lon="-122.89367950047883">
				<ele>5.578601528890431</ele>
				<time>2026-09-28T00:23:36Z</time>
			</trkpt>
			<trkpt lat="49.21700682843186" lon="-122.89373538213772">
				<ele>6.383431758731604</ele>
				<time>2026-09-28T00:23:37Z</time>
			</trkpt>
			<trkpt lat="49.21681150810867" lon="-122.89380475151322">
				<ele>6.237558043561876</ele>
				<time>2026-09-28T00:23:38Z</time>
			</trkpt>
			<trkpt lat="49.21661559793223" lon="-122.89387404439937">
				<ele>6.156268537044525</ele>
				<time>2026-09-28T00:23:39Z</time>
			</trkpt>
			<trkpt lat="49.21641880538426" lon="-122.89394095002086">
				<ele>6.530605454929173</ele>
				<time>2026-09-28T00:23:40Z</time>
			</trkpt>
			<trkpt lat="49.21622277788631" lon="-122.8940062759131">
				<ele>6.651429322548211</ele>
				<time>2026-09-28T00:23:41Z</time>
			</trkpt>
			<trkpt lat="49.21602182939419" lon="-122.89407002954755">
				<ele>6.9035430094227195</ele>
				<time>2026-09-28T00:23:42Z</time>
			</trkpt>
			<trkpt lat="49.21583035735683" lon="-122.89412806958485">
				<ele>6.903233583085239</ele>
				<time>2026-09-28T00:23:43Z</time>
			</trkpt>
			<trkpt lat="49.21563789507178" lon="-122.89419381259732">
				<ele>6.934580052271485</ele>
				<time>2026-09-28T00:23:44Z</time>
			</trkpt>
			<trkpt lat="49.21543835302068" lon="-122.89426217594944">
				<ele>7.267576303333044</ele>
				<time>2026-09-28T00:23:45Z</time>
			</trkpt>
			<trkpt lat="49.21523574572886" lon="-122.89432230224419">
				<ele>7.6412044409662485</ele>
				<time>2026-09-28T00:23:46Z</time>
			</trkpt>
			<trkpt lat="49.21504171681412" lon="-122.89437344163895">
				<ele>7.717313225381076</ele>
				<time>2026-09-28T00:23:47Z</time>
			</trkpt>
			<trkpt lat="49.21485893319394" lon="-122.89443030938303">
				<ele>7.953441615216434</ele>
				<time>2026-09-28T00:23:48Z</time>
			</trkpt>
			<trkpt lat="49.21467857450238" lon="-122.89450437182673">
				<ele>7.9543757773935795</ele>
				<time>2026-09-28T00:23:49Z</time>
			</trkpt>
			<trkpt lat="49.21452310625283" lon="-122.89460056178575">
				<ele>8.183949275873601</ele>
				<time>2026-09-28T00:23:50Z</time>
			</trkpt>
			<trkpt lat="49.21422152327723" lon="-122.89431081294025">
				<ele>8.426107132807374</ele>
				<time>2026-09-28T00:23:51Z</time>
			</trkpt>
			<trkpt lat="49.214032576684694" lon="-122.89440028187771">
				<ele>8.845369231887162</ele>
				<time>2026-09-28T00:23:52Z</time>
			</trkpt>
			<trkpt lat="49.21384288498552" lon="-122.8944974677336">
				<ele>9.049162317998707</ele>
				<time>2026-09-28T00:23:53Z</time>
			</trkpt>
			<trkpt lat="49.21365595912407" lon="-122.89459984508326">
				<ele>9.273695223033428</ele>
				<time>2026-09-28T00:23:54Z</time>
			</trkpt>
			<trkpt lat="49.213534859720724" lon="-122.89498295895815">
				<ele>9.6167875174433</ele>
				<time>2026-09-28T00:23:55Z</time>
			</trkpt>
			<trkpt lat="49.21328773135549" lon="-122.89482160058009">
				<ele>10.656789327971637</ele>
				<time>2026-09-28T00:23:56Z</time>
			</trkpt>
			<trkpt lat="49.21310172065582" lon="-122.8949396189178">
				<ele>11.118617475964129</ele>
				<time>2026-09-28T00:23:57Z</time>
			</trkpt>
			<trkpt lat="49.212922039845765" lon="-122.89506888231242">
				<ele>12.4397432198748</ele>
				<time>2026-09-28T00:23:58Z</time>
			</trkpt>
			<trkpt lat="49.212745766251864" lon="-122.89521249442508">
				<ele>13.232311778701842</ele>
				<time>2026-09-28T00:23:59Z</time>
			</trkpt>
			<trkpt lat="49.212579150542126" lon="-122.89537113118148">
				<ele>14.42652252316475</ele>
				<time>2026-09-28T00:24:00Z</time>
			</trkpt>
			<trkpt lat="49.21244825698377" lon="-122.89565518289889">
				<ele>15.503941122442484</ele>
				<time>2026-09-28T00:24:01Z</time>
			</trkpt>
			<trkpt lat="49.212267818868014" lon="-122.89576913658044">
				<ele>15.787199958227575</ele>
				<time>2026-09-28T00:24:02Z</time>
			</trkpt>
			<trkpt lat="49.212099293298216" lon="-122.89593834374816">
				<ele>16.80337220709771</ele>
				<time>2026-09-28T00:24:03Z</time>
			</trkpt>
			<trkpt lat="49.21195192117581" lon="-122.89614069552114">
				<ele>17.757579046301544</ele>
				<time>2026-09-28T00:24:04Z</time>
			</trkpt>
			<trkpt lat="49.21180548749504" lon="-122.89634241868207">
				<ele>17.98243731725961</ele>
				<time>2026-09-28T00:24:05Z</time>
			</trkpt>
			<trkpt lat="49.21166171000698" lon="-122.89655163866287">
				<ele>18.078250903636217</ele>
				<time>2026-09-28T00:24:06Z</time>
			</trkpt>
			<trkpt lat="49.211518172170905" lon="-122.8967656266429">
				<ele>18.153217129409313</ele>
				<time>2026-09-28T00:24:07Z</time>
			</trkpt>
			<trkpt lat="49.21150643546763" lon="-122.89726152993192">
				<ele>18.25954478420317</ele>
				<time>2026-09-28T00:24:08Z</time>
			</trkpt>
			<trkpt lat="49.21135546849688" lon="-122.89743292065441">
				<ele>18.75374199077487</ele>
				<time>2026-09-28T00:24:09Z</time>
			</trkpt>
			<trkpt lat="49.21119500989543" lon="-122.89762175269875">
				<ele>19.15907223895192</ele>
				<time>2026-09-28T00:24:10Z</time>
			</trkpt>
			<trkpt lat="49.211043410723995" lon="-122.89780745547971">
				<ele>19.117321256548166</ele>
				<time>2026-09-28T00:24:11Z</time>
			</trkpt>
			<trkpt lat="49.2108866266942" lon="-122.89800162465004">
				<ele>18.13117462862283</ele>
				<time>2026-09-28T00:24:12Z</time>
			</trkpt>
			<trkpt lat="49.210690217907306" lon="-122.89817844278605">
				<ele>18.011210496537387</ele>
				<time>2026-09-28T00:24:13Z</time>
			</trkpt>
			<trkpt lat="49.210485033939435" lon="-122.89820113552173">
				<ele>18.099588371813297</ele>
				<time>2026-09-28T00:24:14Z</time>
			</trkpt>
			<trkpt lat="49.2103130135522" lon="-122.89833818202628">
				<ele>18.106257840059698</ele>
				<time>2026-09-28T00:24:15Z</time>
			</trkpt>
			<trkpt lat="49.21015350504617" lon="-122.89840262788316">
				<ele>18.13635864201933</ele>
				<time>2026-09-28T00:24:16Z</time>
			</trkpt>
			<trkpt lat="49.21001881766139" lon="-122.89873796588925">
				<ele>18.123530670069158</ele>
				<time>2026-09-28T00:24:17Z</time>
			</trkpt>
			<trkpt lat="49.20986199124076" lon="-122.89889118529177">
				<ele>19.138381873257458</ele>
				<time>2026-09-28T00:24:18Z</time>
			</trkpt>
			<trkpt lat="49.20969855709956" lon="-122.89903715702253">
				<ele>19.158642534166574</ele>
				<time>2026-09-28T00:24:19Z</time>
			</trkpt>
			<trkpt lat="49.209539316836086" lon="-122.89927638378477">
				<ele>26.689038556069136</ele>
				<time>2026-09-28T00:24:20Z</time>
			</trkpt>
			<trkpt lat="49.20937603812796" lon="-122.89942189010799">
				<ele>27.22634242195636</ele>
				<time>2026-09-28T00:24:21Z</time>
			</trkpt>
			<trkpt lat="49.20921241329731" lon="-122.89956479850234">
				<ele>27.402922146953642</ele>
				<time>2026-09-28T00:24:22Z</time>
			</trkpt>
			<trkpt lat="49.208833070832156" lon="-122.89912656455802">
				<ele>27.240577580407262</ele>
				<time>2026-09-28T00:24:23Z</time>
			</trkpt>
			<trkpt lat="49.2086549782032" lon="-122.899289677601">
				<ele>26.744408219121397</ele>
				<time>2026-09-28T00:24:24Z</time>
			</trkpt>
			<trkpt lat="49.20848434013465" lon="-122.89946343743678">
				<ele>25.938429637812078</ele>
				<time>2026-09-28T00:24:25Z</time>
			</trkpt>
			<trkpt lat="49.20833226757687" lon="-122.8996250911158">
				<ele>25.14868242200464</ele>
				<time>2026-09-28T00:24:26Z</time>
			</trkpt>
			<trkpt lat="49.20819222599701" lon="-122.89977876099215">
				<ele>24.364640939049423</ele>
				<time>2026-09-28T00:24:27Z</time>
			</trkpt>
			<trkpt lat="49.20806507888803" lon="-122.89991644514873">
				<ele>23.597409668378532</ele>
				<time>2026-09-28T00:24:28Z</time>
			</trkpt>
			<trkpt lat="49.20791691220045" lon="-122.90007396741835">
				<ele>22.853633898310363</ele>
				<time>2026-09-28T00:24:29Z</time>
			</trkpt>
			<trkpt lat="49.2077885783108" lon="-122.90021775186975">
				<ele>22.125215425156057</ele>
				<time>2026-09-28T00:24:30Z</time>
			</trkpt>
			<trkpt lat="49.20766517334262" lon="-122.90035364620671">
				<ele>25.00138645991683</ele>
				<time>2026-09-28T00:24:31Z</time>
			</trkpt>
			<trkpt lat="49.207551349925815" lon="-122.9004790677586">
				<ele>24.886557614430785</ele>
				<time>2026-09-28T00:24:32Z</time>
			</trkpt>
			<trkpt lat="49.20743372663155" lon="-122.90060881355727">
				<ele>24.785783546045423</ele>
				<time>2026-09-28T00:24:33Z</time>
			</trkpt>
			<trkpt lat="49.20732156327729" lon="-122.90073256225803">
				<ele>24.851537794806063</ele>
				<time>2026-09-28T00:24:34Z</time>
			</trkpt>
			<trkpt lat="49.20721003658005" lon="-122.90085573812767">
				<ele>25.067910470999777</ele>
				<time>2026-09-28T00:24:35Z</time>
			</trkpt>
			<trkpt lat="49.20710456658507" lon="-122.90097240908028">
				<ele>25.535502346232533</ele>
				<time>2026-09-28T00:24:36Z</time>
			</trkpt>
			<trkpt lat="49.20699537829632" lon="-122.90109318957121">
				<ele>26.14396550692618</ele>
				<time>2026-09-28T00:24:37Z</time>
			</trkpt>
			<trkpt lat="49.20689919544807" lon="-122.9011995838717">
				<ele>26.72083385195583</ele>
				<time>2026-09-28T00:24:38Z</time>
			</trkpt>
			<trkpt lat="49.2070598232489" lon="-122.90179634241703">
				<ele>26.832231871783733</ele>
				<time>2026-09-28T00:24:39Z</time>
			</trkpt>
			<trkpt lat="49.206957581161404" lon="-122.90191741139196">
				<ele>27.409278081730008</ele>
				<time>2026-09-28T00:24:40Z</time>
			</trkpt>
			<trkpt lat="49.2068155873663" lon="-122.90209851534674">
				<ele>28.061282084323466</ele>
				<time>2026-09-28T00:24:41Z</time>
			</trkpt>
			<trkpt lat="49.2067204810888" lon="-122.90224570891698">
				<ele>28.65297617111355</ele>
				<time>2026-09-28T00:24:42Z</time>
			</trkpt>
			<trkpt lat="49.20667033569058" lon="-122.90235250705393">
				<ele>28.917466562241316</ele>
				<time>2026-09-28T00:24:43Z</time>
			</trkpt>
			<trkpt lat="49.20663188905277" lon="-122.9024503494919">
				<ele>28.82862914353609</ele>
				<time>2026-09-28T00:24:44Z</time>
			</trkpt>
			<trkpt lat="49.206597223218836" lon="-122.90254360211833">
				<ele>28.711209231987596</ele>
				<time>2026-09-28T00:24:45Z</time>
			</trkpt>
			<trkpt lat="49.20657236057578" lon="-122.90263478244695">
				<ele>28.58593006618321</ele>
				<time>2026-09-28T00:24:46Z</time>
			</trkpt>
			<trkpt lat="49.20648997187624" lon="-122.90285402679979">
				<ele>28.11401940137148</ele>
				<time>2026-09-28T00:24:47Z</time>
			</trkpt>
			<trkpt lat="49.206426900664276" lon="-122.90302159817928">
				<ele>27.67307106219232</ele>
				<time>2026-09-28T00:24:48Z</time>
			</trkpt>
			<trkpt lat="49.20641214794359" lon="-122.90311071325381">
				<ele>27.281671560369432</ele>
				<time>2026-09-28T00:24:49Z</time>
			</trkpt>
			<trkpt lat="49.206365780187745" lon="-122.90321394088133">
				<ele>27.399538706056774</ele>
				<time>2026-09-28T00:24:50Z</time>
			</trkpt>
			<trkpt lat="49.20632758879521" lon="-122.90330200988717">
				<ele>27.61059081554413</ele>
				<time>2026-09-28T00:24:51Z</time>
			</trkpt>
			<trkpt lat="49.20630976359289" lon="-122.90341724409934">
				<ele>27.837406180799007</ele>
				<time>2026-09-28T00:24:52Z</time>
			</trkpt>
			<trkpt lat="49.20628727146825" lon="-122.90345890542919">
				<ele>27.867980209179223</ele>
				<time>2026-09-28T00:24:53Z</time>
			</trkpt>
			<trkpt lat="49.20625591728271" lon="-122.90353121906193">
				<ele>27.821524904109538</ele>
				<time>2026-09-28T00:24:54Z</time>
			</trkpt>
			<trkpt lat="49.20621787824932" lon="-122.90360450982789">
				<ele>28.04141059331596</ele>
				<time>2026-09-28T00:24:55Z</time>
			</trkpt>
			<trkpt lat="49.20616745472405" lon="-122.90368496270482">
				<ele>28.125956961885095</ele>
				<time>2026-09-28T00:24:56Z</time>
			</trkpt>
			<trkpt lat="49.20612218659867" lon="-122.90376051529799">
				<ele>28.274191449396312</ele>
				<time>2026-09-28T00:24:57Z</time>
			</trkpt>
			<trkpt lat="49.2060824917686" lon="-122.90384029576482">
				<ele>28.434167777188122</ele>
				<time>2026-09-28T00:24:58Z</time>
			</trkpt>
			<trkpt lat="49.20603963913971" lon="-122.90391389131906">
				<ele>28.39715700596571</ele>
				<time>2026-09-28T00:24:59Z</time>
			</trkpt>
			<trkpt lat="49.20598404812345" lon="-122.90399303499987">
				<ele>28.38612142018974</ele>
				<time>2026-09-28T00:25:00Z</time>
			</trkpt>
			<trkpt lat="49.205929893819686" lon="-122.90407163685983">
				<ele>28.436037324368954</ele>
				<time>2026-09-28T00:25:01Z</time>
			</trkpt>
			<trkpt lat="49.205881616055024" lon="-122.9041472081244">
				<ele>28.285512695088983</ele>
				<time>2026-09-28T00:25:02Z</time>
			</trkpt>
			<trkpt lat="49.20583457662547" lon="-122.90422871139931">
				<ele>28.241942178457975</ele>
				<time>2026-09-28T00:25:03Z</time>
			</trkpt>
			<trkpt lat="49.20579122738315" lon="-122.90431097834252">
				<ele>28.036657126620412</ele>
				<time>2026-09-28T00:25:04Z</time>
			</trkpt>
			<trkpt lat="49.20574681112074" lon="-122.90437376664653">
				<ele>27.539024660363793</ele>
				<time>2026-09-28T00:25:05Z</time>
			</trkpt>
			<trkpt lat="49.20570876432249" lon="-122.90445242014681">
				<ele>27.191749251447618</ele>
				<time>2026-09-28T00:25:06Z</time>
			</trkpt>
			<trkpt lat="49.20567201130558" lon="-122.90452578433971">
				<ele>26.95208888500929</ele>
				<time>2026-09-28T00:25:07Z</time>
			</trkpt>
			<trkpt lat="49.20563617884613" lon="-122.90459963653058">
				<ele>26.749561984091997</ele>
				<time>2026-09-28T00:25:08Z</time>
			</trkpt>
			<trkpt lat="49.2055992858238" lon="-122.90467229455808">
				<ele>26.5087656006217</ele>
				<time>2026-09-28T00:25:09Z</time>
			</trkpt>
			<trkpt lat="49.205568377550314" lon="-122.90473717708286">
				<ele>24.365170399658382</ele>
				<time>2026-09-28T00:25:10Z</time>
			</trkpt>
			<trkpt lat="49.20554710767639" lon="-122.90479627616573">
				<ele>25.39553292747587</ele>
				<time>2026-09-28T00:25:11Z</time>
			</trkpt>
			<trkpt lat="49.20552303846856" lon="-122.90483667126861">
				<ele>24.55212173331529</ele>
				<time>2026-09-28T00:25:12Z</time>
			</trkpt>
			<trkpt lat="49.2054897984966" lon="-122.9049011427946">
				<ele>25.02391468267888</ele>
				<time>2026-09-28T00:25:13Z</time>
			</trkpt>
			<trkpt lat="49.20546222715213" lon="-122.90495342224963">
				<ele>25.428519126959145</ele>
				<time>2026-09-28T00:25:14Z</time>
			</trkpt>
			<trkpt lat="49.20543491428226" lon="-122.90500650362424">
				<ele>25.85194223187864</ele>
				<time>2026-09-28T00:25:15Z</time>
			</trkpt>
			<trkpt lat="49.205405435147284" lon="-122.90506375101553">
				<ele>25.35389381274581</ele>
				<time>2026-09-28T00:25:16Z</time>
			</trkpt>
			<trkpt lat="49.20537659246028" lon="-122.9051212373262">
				<ele>25.579066931270063</ele>
				<time>2026-09-28T00:25:17Z</time>
			</trkpt>
			<trkpt lat="49.20534781197458" lon="-122.90517950909826">
				<ele>25.597433688119054</ele>
				<time>2026-09-28T00:25:18Z</time>
			</trkpt>
			<trkpt lat="49.205226834884506" lon="-122.90543156590003">
				<ele>25.403000871650875</ele>
				<time>2026-09-28T00:25:19Z</time>
			</trkpt>
			<trkpt lat="49.205191039546015" lon="-122.90548319635747">
				<ele>25.320794835686684</ele>
				<time>2026-09-28T00:25:20Z</time>
			</trkpt>
			<trkpt lat="49.20514717935346" lon="-122.90557464728407">
				<ele>25.12922076880932</ele>
				<time>2026-09-28T00:25:21Z</time>
			</trkpt>
			<trkpt lat="49.20510506338597" lon="-122.90565140095065">
				<ele>25.031604717485607</ele>
				<time>2026-09-28T00:25:22Z</time>
			</trkpt>
			<trkpt lat="49.205068264826615" lon="-122.90572751803033">
				<ele>24.91701718326658</ele>
				<time>2026-09-28T00:25:23Z</time>
			</trkpt>
			<trkpt lat="49.20503305588526" lon="-122.90579965688364">
				<ele>24.708123047836125</ele>
				<time>2026-09-28T00:25:24Z</time>
			</trkpt>
			<trkpt lat="49.205004560825934" lon="-122.90585402667982">
				<ele>24.382674989290535</ele>
				<time>2026-09-28T00:25:25Z</time>
			</trkpt>
			<trkpt lat="49.20497337267917" lon="-122.90591699049803">
				<ele>23.95557597093284</ele>
				<time>2026-09-28T00:25:26Z</time>
			</trkpt>
			<trkpt lat="49.2049460837372" lon="-122.90596716069271">
				<ele>23.46957451943308</ele>
				<time>2026-09-28T00:25:27Z</time>
			</trkpt>
			<trkpt lat="49.204924569493464" lon="-122.90600816996358">
				<ele>23.034484202042222</ele>
				<time>2026-09-28T00:25:28Z</time>
			</trkpt>
			<trkpt lat="49.20490932528835" lon="-122.90603824660023">
				<ele>22.749907058663666</ele>
				<time>2026-09-28T00:25:29Z</time>
			</trkpt>
			<trkpt lat="49.20489001203432" lon="-122.90607481295747">
				<ele>22.544378376565874</ele>
				<time>2026-09-28T00:25:30Z</time>
			</trkpt>
			<trkpt lat="49.2048762508186" lon="-122.90609987350373">
				<ele>22.392149186693132</ele>
				<time>2026-09-28T00:25:31Z</time>
			</trkpt>
			<trkpt lat="49.20462728306019" lon="-122.90661280130851">
				<ele>21.206238876096904</ele>
				<time>2026-09-28T00:25:33Z</time>
			</trkpt>
			<trkpt lat="49.20468934253043" lon="-122.90663168771098">
				<ele>21.0109641244635</ele>
				<time>2026-09-28T00:25:34Z</time>
			</trkpt>
			<trkpt lat="49.20463056741795" lon="-122.90666392696731">
				<ele>21.16854741424322</ele>
				<time>2026-09-28T00:25:35Z</time>
			</trkpt>
			<trkpt lat="49.20465014317251" lon="-122.90662555648755">
				<ele>20.82582134567201</ele>
				<time>2026-09-28T00:25:36Z</time>
			</trkpt>
			<trkpt lat="49.20462905137563" lon="-122.90663088653888">
				<ele>21.65109940711409</ele>
				<time>2026-09-28T00:25:48Z</time>
			</trkpt>
			<trkpt lat="49.20461214343878" lon="-122.90662067452047">
				<ele>21.67825205437839</ele>
				<time>2026-09-28T00:25:54Z</time>
			</trkpt>
			<trkpt lat="49.20459164171406" lon="-122.90666465139812">
				<ele>21.578151179477572</ele>
				<time>2026-09-28T00:26:14Z</time>
			</trkpt>
			<trkpt lat="49.2045770879604" lon="-122.90668501828596">
				<ele>21.696893760934472</ele>
				<time>2026-09-28T00:26:15Z</time>
			</trkpt>
			<trkpt lat="49.20456223191321" lon="-122.90671021785477">
				<ele>21.800683098845184</ele>
				<time>2026-09-28T00:26:16Z</time>
			</trkpt>
			<trkpt lat="49.204542480128524" lon="-122.90674952746029">
				<ele>21.62418546061963</ele>
				<time>2026-09-28T00:26:17Z</time>
			</trkpt>
			<trkpt lat="49.20452840657856" lon="-122.90677906433369">
				<ele>21.721762916073203</ele>
				<time>2026-09-28T00:26:18Z</time>
			</trkpt>
			<trkpt lat="49.20450974320877" lon="-122.90682268401008">
				<ele>21.254494081251323</ele>
				<time>2026-09-28T00:26:19Z</time>
			</trkpt>
			<trkpt lat="49.20448528343382" lon="-122.90686971241419">
				<ele>20.578395270742476</ele>
				<time>2026-09-28T00:26:20Z</time>
			</trkpt>
			<trkpt lat="49.204463513467104" lon="-122.90691314259973">
				<ele>19.94982465542853</ele>
				<time>2026-09-28T00:26:21Z</time>
			</trkpt>
			<trkpt lat="49.204443234938296" lon="-122.9069546992218">
				<ele>19.74165633879602</ele>
				<time>2026-09-28T00:26:22Z</time>
			</trkpt>
			<trkpt lat="49.20442165926396" lon="-122.90699746289269">
				<ele>18.929426179267466</ele>
				<time>2026-09-28T00:26:23Z</time>
			</trkpt>
			<trkpt lat="49.204398766300464" lon="-122.90704338665607">
				<ele>20.96576996613294</ele>
				<time>2026-09-28T00:26:24Z</time>
			</trkpt>
			<trkpt lat="49.20437283516353" lon="-122.90709545623935">
				<ele>24.836312069557607</ele>
				<time>2026-09-28T00:26:25Z</time>
			</trkpt>
			<trkpt lat="49.204347027255956" lon="-122.9071493531383">
				<ele>24.388138495385647</ele>
				<time>2026-09-28T00:26:26Z</time>
			</trkpt>
			<trkpt lat="49.203849729026544" lon="-122.90794986633337">
				<ele>19.685472326353192</ele>
				<time>2026-09-28T00:26:27Z</time>
			</trkpt>
			<trkpt lat="49.20376555640949" lon="-122.90809882669096">
				<ele>19.455356794409454</ele>
				<time>2026-09-28T00:26:28Z</time>
			</trkpt>
			<trkpt lat="49.203682271301155" lon="-122.90824794306815">
				<ele>19.30938505101949</ele>
				<time>2026-09-28T00:26:29Z</time>
			</trkpt>
			<trkpt lat="49.2032310302985" lon="-122.90917562762051">
				<ele>22.007859314114157</ele>
				<time>2026-09-28T00:26:40Z</time>
			</trkpt>
			<trkpt lat="49.203181063357015" lon="-122.9092539308929">
				<ele>22.007864345796406</ele>
				<time>2026-09-28T00:26:41Z</time>
			</trkpt>
			<trkpt lat="49.2031023778398" lon="-122.90946352754736">
				<ele>17.44614069443196</ele>
				<time>2026-09-28T00:26:42Z</time>
			</trkpt>
			<trkpt lat="49.2028291933251" lon="-122.90992444906374">
				<ele>19.555998733267188</ele>
				<time>2026-09-28T00:26:43Z</time>
			</trkpt>
			<trkpt lat="49.20278955604385" lon="-122.90999916554073">
				<ele>18.821593461558223</ele>
				<time>2026-09-28T00:26:44Z</time>
			</trkpt>
			<trkpt lat="49.20275605628045" lon="-122.91006147542278">
				<ele>18.286144294776022</ele>
				<time>2026-09-28T00:26:45Z</time>
			</trkpt>
			<trkpt lat="49.20271400171248" lon="-122.9101393936823">
				<ele>18.110936720855534</ele>
				<time>2026-09-28T00:26:46Z</time>
			</trkpt>
			<trkpt lat="49.2026729538107" lon="-122.91021544676892">
				<ele>17.658933616243303</ele>
				<time>2026-09-28T00:26:47Z</time>
			</trkpt>
			<trkpt lat="49.20262737169988" lon="-122.91029990076635">
				<ele>16.9897582186386</ele>
				<time>2026-09-28T00:26:48Z</time>
			</trkpt>
			<trkpt lat="49.20258126755166" lon="-122.91038479162528">
				<ele>16.823348601348698</ele>
				<time>2026-09-28T00:26:49Z</time>
			</trkpt>
			<trkpt lat="49.20253280691094" lon="-122.9104740815176">
				<ele>16.58383424114436</ele>
				<time>2026-09-28T00:26:50Z</time>
			</trkpt>
			<trkpt lat="49.20248588520725" lon="-122.91056054223282">
				<ele>16.397717090323567</ele>
				<time>2026-09-28T00:26:51Z</time>
			</trkpt>
			<trkpt lat="49.20243908867778" lon="-122.91064677228918">
				<ele>16.10986826289445</ele>
				<time>2026-09-28T00:26:52Z</time>
			</trkpt>
			<trkpt lat="49.20239200764777" lon="-122.91073350673732">
				<ele>15.50414325390011</ele>
				<time>2026-09-28T00:26:53Z</time>
			</trkpt>
			<trkpt lat="49.2023424716636" lon="-122.91082475975075">
				<ele>14.626117339357734</ele>
				<time>2026-09-28T00:26:54Z</time>
			</trkpt>
			<trkpt lat="49.20229434663414" lon="-122.91091370558289">
				<ele>13.944122156128287</ele>
				<time>2026-09-28T00:26:55Z</time>
			</trkpt>
			<trkpt lat="49.20224424154475" lon="-122.91100631059639">
				<ele>13.833517691120505</ele>
				<time>2026-09-28T00:26:56Z</time>
			</trkpt>
			<trkpt lat="49.202196477391034" lon="-122.91109458879563">
				<ele>13.26423263642937</ele>
				<time>2026-09-28T00:26:57Z</time>
			</trkpt>
			<trkpt lat="49.202148016333034" lon="-122.91118415499847">
				<ele>12.92085018567741</ele>
				<time>2026-09-28T00:26:58Z</time>
			</trkpt>
			<trkpt lat="49.20216674462256" lon="-122.91135621100757">
				<ele>12.341108470223844</ele>
				<time>2026-09-28T00:26:59Z</time>
			</trkpt>
			<trkpt lat="49.20211695632667" lon="-122.9114438934278">
				<ele>11.662819439545274</ele>
				<time>2026-09-28T00:27:00Z</time>
			</trkpt>
			<trkpt lat="49.20206922979553" lon="-122.91153940846354">
				<ele>11.183467388153076</ele>
				<time>2026-09-28T00:27:01Z</time>
			</trkpt>
			<trkpt lat="49.20201981601358" lon="-122.91162382000185">
				<ele>10.972886798903346</ele>
				<time>2026-09-28T00:27:02Z</time>
			</trkpt>
			<trkpt lat="49.20197191076171" lon="-122.91170797897783">
				<ele>10.394228003919125</ele>
				<time>2026-09-28T00:27:03Z</time>
			</trkpt>
			<trkpt lat="49.20192578386364" lon="-122.91178979056126">
				<ele>9.862578344531357</ele>
				<time>2026-09-28T00:27:04Z</time>
			</trkpt>
			<trkpt lat="49.20187736293313" lon="-122.91187760374402">
				<ele>9.614614478312433</ele>
				<time>2026-09-28T00:27:05Z</time>
			</trkpt>
			<trkpt lat="49.201825356390884" lon="-122.91197097309377">
				<ele>9.658868374302983</ele>
				<time>2026-09-28T00:27:06Z</time>
			</trkpt>
			<trkpt lat="49.201777452535154" lon="-122.91205516497244">
				<ele>9.385795017704368</ele>
				<time>2026-09-28T00:27:07Z</time>
			</trkpt>
			<trkpt lat="49.20172688790741" lon="-122.91214627174057">
				<ele>9.619014565832913</ele>
				<time>2026-09-28T00:27:08Z</time>
			</trkpt>
			<trkpt lat="49.20167680306232" lon="-122.91223638624868">
				<ele>9.359799421392381</ele>
				<time>2026-09-28T00:27:09Z</time>
			</trkpt>
			<trkpt lat="49.20162631772938" lon="-122.9123286630074">
				<ele>9.831450138241053</ele>
				<time>2026-09-28T00:27:10Z</time>
			</trkpt>
			<trkpt lat="49.201578562273575" lon="-122.91241103434406">
				<ele>9.832863481715322</ele>
				<time>2026-09-28T00:27:11Z</time>
			</trkpt>
			<trkpt lat="49.20153514298625" lon="-122.91249176996615">
				<ele>9.413506322540343</ele>
				<time>2026-09-28T00:27:12Z</time>
			</trkpt>
			<trkpt lat="49.20149106691662" lon="-122.91256997779288">
				<ele>9.288052972406149</ele>
				<time>2026-09-28T00:27:13Z</time>
			</trkpt>
			<trkpt lat="49.20145217629233" lon="-122.91263908977629">
				<ele>8.596814941614866</ele>
				<time>2026-09-28T00:27:14Z</time>
			</trkpt>
			<trkpt lat="49.20141066718128" lon="-122.91269747722191">
				<ele>8.569125607609749</ele>
				<time>2026-09-28T00:27:15Z</time>
			</trkpt>
			<trkpt lat="49.20137526764473" lon="-122.9127544882794">
				<ele>8.403103708289564</ele>
				<time>2026-09-28T00:27:16Z</time>
			</trkpt>
			<trkpt lat="49.20133997645543" lon="-122.91280540390575">
				<ele>8.244555493816733</ele>
				<time>2026-09-28T00:27:17Z</time>
			</trkpt>
			<trkpt lat="49.2013207198296" lon="-122.912850785486">
				<ele>8.105048476718366</ele>
				<time>2026-09-28T00:27:18Z</time>
			</trkpt>
			<trkpt lat="49.20129007379207" lon="-122.91288272694257">
				<ele>8.083242235705256</ele>
				<time>2026-09-28T00:27:19Z</time>
			</trkpt>
			<trkpt lat="49.20126233751875" lon="-122.9129278518592">
				<ele>7.614957551471889</ele>
				<time>2026-09-28T00:27:20Z</time>
			</trkpt>
			<trkpt lat="49.20124775482857" lon="-122.9129527776352">
				<ele>7.02309035602957</ele>
				<time>2026-09-28T00:27:21Z</time>
			</trkpt>
			<trkpt lat="49.20122984838953" lon="-122.9129624660982">
				<ele>6.090024610050023</ele>
				<time>2026-09-28T00:27:22Z</time>
			</trkpt>
			<trkpt lat="49.20121029078598" lon="-122.91296087935613">
				<ele>5.5396087393164635</ele>
				<time>2026-09-28T00:27:23Z</time>
			</trkpt>
			<trkpt lat="49.20118349472594" lon="-122.91297167984067">
				<ele>5.463185355998576</ele>
				<time>2026-09-28T00:27:25Z</time>
			</trkpt>
			<trkpt lat="49.2011586770451" lon="-122.91294288042872">
				<ele>4.82276146300137</ele>
				<time>2026-09-28T00:27:27Z</time>
			</trkpt>
			<trkpt lat="49.20114838167773" lon="-122.91291806365714">
				<ele>5.83262093923986</ele>
				<time>2026-09-28T00:27:29Z</time>
			</trkpt>
			<trkpt lat="49.20115535717206" lon="-122.91294561311868">
				<ele>5.493672711774707</ele>
				<time>2026-09-28T00:27:39Z</time>
			</trkpt>
			<trkpt lat="49.20117053530759" lon="-122.91298014569652">
				<ele>5.657995226792991</ele>
				<time>2026-09-28T00:27:40Z</time>
			</trkpt>
			<trkpt lat="49.20116080947602" lon="-122.9129518402741">
				<ele>5.810096845030785</ele>
				<time>2026-09-28T00:27:41Z</time>
			</trkpt>
			<trkpt lat="49.20114621872559" lon="-122.91293463062642">
				<ele>5.86070102173835</ele>
				<time>2026-09-28T00:27:42Z</time>
			</trkpt>
			<trkpt lat="49.2011182026504" lon="-122.91288953195381">
				<ele>5.854813781566918</ele>
				<time>2026-09-28T00:27:43Z</time>
			</trkpt>
			<trkpt lat="49.201134888864146" lon="-122.91292508082054">
				<ele>5.530449350364506</ele>
				<time>2026-09-28T00:27:47Z</time>
			</trkpt>
			<trkpt lat="49.20112016165139" lon="-122.91290864507006">
				<ele>5.409062871709466</ele>
				<time>2026-09-28T00:27:48Z</time>
			</trkpt>
			<trkpt lat="49.20108460784436" lon="-122.91283861481408">
				<ele>5.1604189509525895</ele>
				<time>2026-09-28T00:27:49Z</time>
			</trkpt>
			<trkpt lat="49.201055352467144" lon="-122.91278521492126">
				<ele>4.861720344983041</ele>
				<time>2026-09-28T00:27:50Z</time>
			</trkpt>
			<trkpt lat="49.20104349400186" lon="-122.91276254998733">
				<ele>4.586833035573363</ele>
				<time>2026-09-28T00:27:51Z</time>
			</trkpt>
			<trkpt lat="49.20102212979746" lon="-122.9127215252125">
				<ele>4.6326350178569555</ele>
				<time>2026-09-28T00:27:52Z</time>
			</trkpt>
			<trkpt lat="49.20105838673935" lon="-122.91277111504164">
				<ele>4.7265322376042604</ele>
				<time>2026-09-28T00:27:53Z</time>
			</trkpt>
			<trkpt lat="49.20103963809739" lon="-122.91273674663502">
				<ele>4.710706031881273</ele>
				<time>2026-09-28T00:27:54Z</time>
			</trkpt>
			<trkpt lat="49.20102362595827" lon="-122.9126984856851">
				<ele>4.889273339882493</ele>
				<time>2026-09-28T00:27:56Z</time>
			</trkpt>
			<trkpt lat="49.201009604550435" lon="-122.91266835391826">
				<ele>4.830611289478838</ele>
				<time>2026-09-28T00:27:58Z</time>
			</trkpt>
			<trkpt lat="49.20100078791628" lon="-122.91272707532575">
				<ele>4.957283522002399</ele>
				<time>2026-09-28T00:28:01Z</time>
			</trkpt>
			<trkpt lat="49.200972975108336" lon="-122.9126957102522">
				<ele>4.913759340532124</ele>
				<time>2026-09-28T00:28:02Z</time>
			</trkpt>
			<trkpt lat="49.20094466528872" lon="-122.91270430746388">
				<ele>5.3370193392038345</ele>
				<time>2026-09-28T00:28:03Z</time>
			</trkpt>
			<trkpt lat="49.20092082470693" lon="-122.91268850171271">
				<ele>5.745318694971502</ele>
				<time>2026-09-28T00:28:04Z</time>
			</trkpt>
			<trkpt lat="49.200901878808665" lon="-122.91268656255666">
				<ele>5.306802560575306</ele>
				<time>2026-09-28T00:28:05Z</time>
			</trkpt>
			<trkpt lat="49.2008732806664" lon="-122.91266352612612">
				<ele>4.9275375651195645</ele>
				<time>2026-09-28T00:28:06Z</time>
			</trkpt>
			<trkpt lat="49.20084641488581" lon="-122.91263416241891">
				<ele>4.7326281405985355</ele>
				<time>2026-09-28T00:28:07Z</time>
			</trkpt>
			<trkpt lat="49.200755234434226" lon="-122.91255342115056">
				<ele>4.528540502302349</ele>
				<time>2026-09-28T00:28:08Z</time>
			</trkpt>
			<trkpt lat="49.20073997232206" lon="-122.91257984971482">
				<ele>5.016240084543824</ele>
				<time>2026-09-28T00:28:10Z</time>
			</trkpt>
			<trkpt lat="49.20070383465361" lon="-122.91264125697205">
				<ele>5.190877856686711</ele>
				<time>2026-09-28T00:28:12Z</time>
			</trkpt>
			<trkpt lat="49.20067916852942" lon="-122.91268179458211">
				<ele>5.126689692027867</ele>
				<time>2026-09-28T00:28:13Z</time>
			</trkpt>
			<trkpt lat="49.20065003263988" lon="-122.91272967795346">
				<ele>5.138225889764726</ele>
				<time>2026-09-28T00:28:14Z</time>
			</trkpt>
			<trkpt lat="49.20059383401251" lon="-122.91283292038017">
				<ele>4.98851796798408</ele>
				<time>2026-09-28T00:28:15Z</time>
			</trkpt>
			<trkpt lat="49.200712501297154" lon="-122.91314268542078">
				<ele>4.866848939098418</ele>
				<time>2026-09-28T00:28:16Z</time>
			</trkpt>
			<trkpt lat="49.20069717492811" lon="-122.91329886659034">
				<ele>4.80806690454483</ele>
				<time>2026-09-28T00:28:17Z</time>
			</trkpt>
			<trkpt lat="49.20066033472611" lon="-122.91351608514357">
				<ele>4.6259291004389524</ele>
				<time>2026-09-28T00:28:18Z</time>
			</trkpt>
			<trkpt lat="49.20054373447484" lon="-122.91360867891889">
				<ele>4.676977266557515</ele>
				<time>2026-09-28T00:28:19Z</time>
			</trkpt>
			<trkpt lat="49.20038270042497" lon="-122.91375379057007">
				<ele>4.32291263807565</ele>
				<time>2026-09-28T00:28:20Z</time>
			</trkpt>
			<trkpt lat="49.20034969968388" lon="-122.91389930439986">
				<ele>4.508085168898106</ele>
				<time>2026-09-28T00:28:21Z</time>
			</trkpt>
			<trkpt lat="49.20030771684773" lon="-122.9140410773998">
				<ele>4.514324093237519</ele>
				<time>2026-09-28T00:28:22Z</time>
			</trkpt>
			<trkpt lat="49.20028362828625" lon="-122.91419899103913">
				<ele>4.420453102327883</ele>
				<time>2026-09-28T00:28:23Z</time>
			</trkpt>
			<trkpt lat="49.20024673084835" lon="-122.91444191955534">
				<ele>4.276056542061269</ele>
				<time>2026-09-28T00:28:24Z</time>
			</trkpt>
			<trkpt lat="49.20020726335885" lon="-122.91471537732838">
				<ele>4.168088125996292</ele>
				<time>2026-09-28T00:28:25Z</time>
			</trkpt>
			<trkpt lat="49.200182932390994" lon="-122.91499329911551">
				<ele>4.228969830088317</ele>
				<time>2026-09-28T00:28:26Z</time>
			</trkpt>
			<trkpt lat="49.20018120658467" lon="-122.91534913711158">
				<ele>4.008017513900995</ele>
				<time>2026-09-28T00:28:27Z</time>
			</trkpt>
			<trkpt lat="49.20017535635166" lon="-122.9157775399355">
				<ele>3.4798684613779187</ele>
				<time>2026-09-28T00:28:28Z</time>
			</trkpt>
			<trkpt lat="49.20016896175428" lon="-122.91615074518232">
				<ele>2.840278148651123</ele>
				<time>2026-09-28T00:28:29Z</time>
			</trkpt>
			<trkpt lat="49.2001626748433" lon="-122.91645905574526">
				<ele>3.035433292388916</ele>
				<time>2026-09-28T00:28:30Z</time>
			</trkpt>
			<trkpt lat="49.20017325014655" lon="-122.91681172331874">
				<ele>2.6191776990890503</ele>
				<time>2026-09-28T00:28:31Z</time>
			</trkpt>
			<trkpt lat="49.20020306846379" lon="-122.91715667033966">
				<ele>2.750896207988262</ele>
				<time>2026-09-28T00:28:32Z</time>
			</trkpt>
			<trkpt lat="49.20023298263147" lon="-122.91749704940388">
				<ele>2.6737526999786496</ele>
				<time>2026-09-28T00:28:33Z</time>
			</trkpt>
			<trkpt lat="49.20025817761822" lon="-122.91779780248136">
				<ele>2.720598056912422</ele>
				<time>2026-09-28T00:28:34Z</time>
			</trkpt>
			<trkpt lat="49.20027898233417" lon="-122.9180728540773">
				<ele>3.6686693718656898</ele>
				<time>2026-09-28T00:28:35Z</time>
			</trkpt>
			<trkpt lat="49.200296999371325" lon="-122.91842733367787">
				<ele>4.253178358078003</ele>
				<time>2026-09-28T00:28:36Z</time>
			</trkpt>
			<trkpt lat="49.200318414714694" lon="-122.9187886883415">
				<ele>4.603023967705667</ele>
				<time>2026-09-28T00:28:37Z</time>
			</trkpt>
			<trkpt lat="49.200333368170895" lon="-122.9191418290431">
				<ele>4.988296681083739</ele>
				<time>2026-09-28T00:28:38Z</time>
			</trkpt>
			<trkpt lat="49.20034878760247" lon="-122.91948012924068">
				<ele>4.916462839581072</ele>
				<time>2026-09-28T00:28:39Z</time>
			</trkpt>
			<trkpt lat="49.20037275795134" lon="-122.91986178378316">
				<ele>4.8341623386368155</ele>
				<time>2026-09-28T00:28:40Z</time>
			</trkpt>
			<trkpt lat="49.200410735088475" lon="-122.92021677458172">
				<ele>4.352604609914124</ele>
				<time>2026-09-28T00:28:41Z</time>
			</trkpt>
			<trkpt lat="49.20043921601416" lon="-122.92056658068655">
				<ele>4.4366007363423705</ele>
				<time>2026-09-28T00:28:42Z</time>
			</trkpt>
			<trkpt lat="49.20047656684232" lon="-122.92086870509023">
				<ele>3.984632329083979</ele>
				<time>2026-09-28T00:28:43Z</time>
			</trkpt>
			<trkpt lat="49.200525847594726" lon="-122.92117676639214">
				<ele>3.6320571936666965</ele>
				<time>2026-09-28T00:28:44Z</time>
			</trkpt>
			<trkpt lat="49.20057981578728" lon="-122.92149701841146">
				<ele>4.196130791679025</ele>
				<time>2026-09-28T00:28:45Z</time>
			</trkpt>
			<trkpt lat="49.20063864590005" lon="-122.9218382433966">
				<ele>4.071508025750518</ele>
				<time>2026-09-28T00:28:46Z</time>
			</trkpt>
			<trkpt lat="49.2006932926033" lon="-122.92216669090034">
				<ele>3.9122779946774244</ele>
				<time>2026-09-28T00:28:47Z</time>
			</trkpt>
			<trkpt lat="49.20074507037696" lon="-122.9224815184805">
				<ele>3.713419983163476</ele>
				<time>2026-09-28T00:28:48Z</time>
			</trkpt>
			<trkpt lat="49.20079835367019" lon="-122.92280449820709">
				<ele>3.6847423342987895</ele>
				<time>2026-09-28T00:28:49Z</time>
			</trkpt>
			<trkpt lat="49.200851276588736" lon="-122.92312173807163">
				<ele>3.5136923640966415</ele>
				<time>2026-09-28T00:28:50Z</time>
			</trkpt>
			<trkpt lat="49.20090404480865" lon="-122.92343857197253">
				<ele>3.4382189409807324</ele>
				<time>2026-09-28T00:28:51Z</time>
			</trkpt>
			<trkpt lat="49.200956812060454" lon="-122.9237444285095">
				<ele>3.3198455180972815</ele>
				<time>2026-09-28T00:28:52Z</time>
			</trkpt>
			<trkpt lat="49.201012516386065" lon="-122.9240444323814">
				<ele>3.1318634059280157</ele>
				<time>2026-09-28T00:28:53Z</time>
			</trkpt>
			<trkpt lat="49.20107769478319" lon="-122.92433009210345">
				<ele>2.9716204153373837</ele>
				<time>2026-09-28T00:28:54Z</time>
			</trkpt>
			<trkpt lat="49.2011643609913" lon="-122.92459423521893">
				<ele>2.885507986880839</ele>
				<time>2026-09-28T00:28:55Z</time>
			</trkpt>
			<trkpt lat="49.201263954254955" lon="-122.92484761775557">
				<ele>2.882815722376108</ele>
				<time>2026-09-28T00:28:56Z</time>
			</trkpt>
			<trkpt lat="49.20138124527575" lon="-122.92509169335469">
				<ele>2.915987392887473</ele>
				<time>2026-09-28T00:28:57Z</time>
			</trkpt>
			<trkpt lat="49.20151100019548" lon="-122.92531912151932">
				<ele>2.804226627573371</ele>
				<time>2026-09-28T00:28:58Z</time>
			</trkpt>
			<trkpt lat="49.20165036093169" lon="-122.92553420668828">
				<ele>2.5892681255936623</ele>
				<time>2026-09-28T00:28:59Z</time>
			</trkpt>
			<trkpt lat="49.201804829718505" lon="-122.92572562313363">
				<ele>2.4803653890267015</ele>
				<time>2026-09-28T00:29:00Z</time>
			</trkpt>
			<trkpt lat="49.201959607888526" lon="-122.92591377848937">
				<ele>2.389108288101852</ele>
				<time>2026-09-28T00:29:01Z</time>
			</trkpt>
			<trkpt lat="49.20211378505871" lon="-122.92610179790609">
				<ele>2.1528557147830725</ele>
				<time>2026-09-28T00:29:02Z</time>
			</trkpt>
			<trkpt lat="49.20227026130695" lon="-122.92629067162115">
				<ele>1.9591829469427466</ele>
				<time>2026-09-28T00:29:03Z</time>
			</trkpt>
			<trkpt lat="49.202429365569756" lon="-122.92647572312458">
				<ele>1.920439082197845</ele>
				<time>2026-09-28T00:29:04Z</time>
			</trkpt>
			<trkpt lat="49.20259124583096" lon="-122.92667222673543">
				<ele>1.9453766522929072</ele>
				<time>2026-09-28T00:29:05Z</time>
			</trkpt>
			<trkpt lat="49.20274087471071" lon="-122.92688585612626">
				<ele>1.780491892248392</ele>
				<time>2026-09-28T00:29:06Z</time>
			</trkpt>
			<trkpt lat="49.20288458225444" lon="-122.92709761105311">
				<ele>1.7566026290878654</ele>
				<time>2026-09-28T00:29:07Z</time>
			</trkpt>
			<trkpt lat="49.2030259562019" lon="-122.92732236387421">
				<ele>1.804580775089562</ele>
				<time>2026-09-28T00:29:08Z</time>
			</trkpt>
			<trkpt lat="49.20315366364097" lon="-122.92758405891027">
				<ele>1.621460448950529</ele>
				<time>2026-09-28T00:29:09Z</time>
			</trkpt>
			<trkpt lat="49.20325122779304" lon="-122.92789004345683">
				<ele>1.5133140282705426</ele>
				<time>2026-09-28T00:29:10Z</time>
			</trkpt>
			<trkpt lat="49.203327877078856" lon="-122.92819202284281">
				<ele>1.8878667494282126</ele>
				<time>2026-09-28T00:29:11Z</time>
			</trkpt>
			<trkpt lat="49.20329046293766" lon="-122.92853401332">
				<ele>2.174512398429215</ele>
				<time>2026-09-28T00:29:12Z</time>
			</trkpt>
			<trkpt lat="49.20334175420831" lon="-122.92883402237513">
				<ele>2.3454887913540006</ele>
				<time>2026-09-28T00:29:13Z</time>
			</trkpt>
			<trkpt lat="49.20338375526139" lon="-122.92912827027389">
				<ele>2.979575004428625</ele>
				<time>2026-09-28T00:29:14Z</time>
			</trkpt>
			<trkpt lat="49.2034152075208" lon="-122.92942805783336">
				<ele>3.5206820322200656</ele>
				<time>2026-09-28T00:29:15Z</time>
			</trkpt>
			<trkpt lat="49.20352140584313" lon="-122.92971001515944">
				<ele>4.094818111509085</ele>
				<time>2026-09-28T00:29:16Z</time>
			</trkpt>
			<trkpt lat="49.20355306034575" lon="-122.93000399029904">
				<ele>4.5079296277835965</ele>
				<time>2026-09-28T00:29:17Z</time>
			</trkpt>
			<trkpt lat="49.203587154672796" lon="-122.93030358723155">
				<ele>5.516308969818056</ele>
				<time>2026-09-28T00:29:18Z</time>
			</trkpt>
			<trkpt lat="49.2036217042148" lon="-122.93060371319122">
				<ele>6.113029041327536</ele>
				<time>2026-09-28T00:29:19Z</time>
			</trkpt>
			<trkpt lat="49.203657093946255" lon="-122.93090691391092">
				<ele>6.623558329418302</ele>
				<time>2026-09-28T00:29:20Z</time>
			</trkpt>
			<trkpt lat="49.203692883206706" lon="-122.93120817240153">
				<ele>7.299010810442269</ele>
				<time>2026-09-28T00:29:21Z</time>
			</trkpt>
			<trkpt lat="49.20373003639394" lon="-122.93150783273751">
				<ele>7.841413259506226</ele>
				<time>2026-09-28T00:29:22Z</time>
			</trkpt>
			<trkpt lat="49.203769359666076" lon="-122.93180453817143">
				<ele>8.67450668849051</ele>
				<time>2026-09-28T00:29:23Z</time>
			</trkpt>
			<trkpt lat="49.2038092459824" lon="-122.93210261923483">
				<ele>9.004042375832796</ele>
				<time>2026-09-28T00:29:24Z</time>
			</trkpt>
			<trkpt lat="49.20384640725946" lon="-122.93240308991494">
				<ele>9.4121775040403</ele>
				<time>2026-09-28T00:29:25Z</time>
			</trkpt>
			<trkpt lat="49.20387893457352" lon="-122.93270657468156">
				<ele>9.86061371024698</ele>
				<time>2026-09-28T00:29:26Z</time>
			</trkpt>
			<trkpt lat="49.20390756634264" lon="-122.93301296257498">
				<ele>10.388478112407029</ele>
				<time>2026-09-28T00:29:27Z</time>
			</trkpt>
			<trkpt lat="49.20393154514528" lon="-122.93331747159435">
				<ele>11.07640376035124</ele>
				<time>2026-09-28T00:29:28Z</time>
			</trkpt>
			<trkpt lat="49.20394222799456" lon="-122.93363222737463">
				<ele>11.855027236044407</ele>
				<time>2026-09-28T00:29:29Z</time>
			</trkpt>
			<trkpt lat="49.20393686430761" lon="-122.93394610341646">
				<ele>12.764094262383878</ele>
				<time>2026-09-28T00:29:30Z</time>
			</trkpt>
			<trkpt lat="49.20391769437361" lon="-122.93426196696602">
				<ele>13.42797815054655</ele>
				<time>2026-09-28T00:29:31Z</time>
			</trkpt>
			<trkpt lat="49.20387162159692" lon="-122.93458281898835">
				<ele>13.98045276477933</ele>
				<time>2026-09-28T00:29:32Z</time>
			</trkpt>
			<trkpt lat="49.20380696669479" lon="-122.93488010754949">
				<ele>14.468116449192166</ele>
				<time>2026-09-28T00:29:33Z</time>
			</trkpt>
			<trkpt lat="49.203735035127714" lon="-122.9351701089301">
				<ele>15.132916240952909</ele>
				<time>2026-09-28T00:29:34Z</time>
			</trkpt>
			<trkpt lat="49.20365491126692" lon="-122.93545693593722">
				<ele>15.829762138426304</ele>
				<time>2026-09-28T00:29:35Z</time>
			</trkpt>
			<trkpt lat="49.203571120626144" lon="-122.93573393125513">
				<ele>16.527133136056364</ele>
				<time>2026-09-28T00:29:36Z</time>
			</trkpt>
			<trkpt lat="49.203484288013094" lon="-122.93601061192771">
				<ele>17.02215814590454</ele>
				<time>2026-09-28T00:29:37Z</time>
			</trkpt>
			<trkpt lat="49.203396851282356" lon="-122.93628554144743">
				<ele>17.60896169487387</ele>
				<time>2026-09-28T00:29:38Z</time>
			</trkpt>
			<trkpt lat="49.20330873992082" lon="-122.93655955141729">
				<ele>18.438577494584024</ele>
				<time>2026-09-28T00:29:39Z</time>
			</trkpt>
			<trkpt lat="49.20322064683747" lon="-122.936835911733">
				<ele>18.981844668276608</ele>
				<time>2026-09-28T00:29:40Z</time>
			</trkpt>
			<trkpt lat="49.20313311519082" lon="-122.93710908862315">
				<ele>19.7534425733611</ele>
				<time>2026-09-28T00:29:41Z</time>
			</trkpt>
			<trkpt lat="49.20304645485956" lon="-122.93738255115831">
				<ele>20.438437472097576</ele>
				<time>2026-09-28T00:29:42Z</time>
			</trkpt>
			<trkpt lat="49.202959972303425" lon="-122.93765642611196">
				<ele>21.15955146588385</ele>
				<time>2026-09-28T00:29:43Z</time>
			</trkpt>
			<trkpt lat="49.20287408559341" lon="-122.93793227198404">
				<ele>21.70702714473009</ele>
				<time>2026-09-28T00:29:44Z</time>
			</trkpt>
			<trkpt lat="49.20278770122658" lon="-122.93820796900786">
				<ele>22.196053915657103</ele>
				<time>2026-09-28T00:29:45Z</time>
			</trkpt>
			<trkpt lat="49.202701087647874" lon="-122.93848216728695">
				<ele>22.74649281334132</ele>
				<time>2026-09-28T00:29:46Z</time>
			</trkpt>
			<trkpt lat="49.20261425720343" lon="-122.93875705214117">
				<ele>23.27109990734607</ele>
				<time>2026-09-28T00:29:47Z</time>
			</trkpt>
			<trkpt lat="49.20252786142002" lon="-122.93903056095809">
				<ele>23.939828040078282</ele>
				<time>2026-09-28T00:29:48Z</time>
			</trkpt>
			<trkpt lat="49.202441621640396" lon="-122.93930411271829">
				<ele>24.37927306909114</ele>
				<time>2026-09-28T00:29:49Z</time>
			</trkpt>
			<trkpt lat="49.20235539860301" lon="-122.9395779810411">
				<ele>24.91232887096703</ele>
				<time>2026-09-28T00:29:50Z</time>
			</trkpt>
			<trkpt lat="49.20226921792406" lon="-122.93985171487078">
				<ele>25.38536007143557</ele>
				<time>2026-09-28T00:29:51Z</time>
			</trkpt>
			<trkpt lat="49.202018747599624" lon="-122.94000349233089">
				<ele>25.786627599969506</ele>
				<time>2026-09-28T00:29:52Z</time>
			</trkpt>
			<trkpt lat="49.20190755664844" lon="-122.94025466231575">
				<ele>26.523095605894923</ele>
				<time>2026-09-28T00:29:53Z</time>
			</trkpt>
			<trkpt lat="49.201797974514186" lon="-122.94050674781393">
				<ele>27.21525220759213</ele>
				<time>2026-09-28T00:29:54Z</time>
			</trkpt>
			<trkpt lat="49.201688542216736" lon="-122.94076091500128">
				<ele>27.87409340403974</ele>
				<time>2026-09-28T00:29:55Z</time>
			</trkpt>
			<trkpt lat="49.20147815766146" lon="-122.94088422338586">
				<ele>28.64930299203843</ele>
				<time>2026-09-28T00:29:56Z</time>
			</trkpt>
			<trkpt lat="49.20149094188471" lon="-122.9412856164033">
				<ele>29.05817532259971</ele>
				<time>2026-09-28T00:29:57Z</time>
			</trkpt>
			<trkpt lat="49.20141081758797" lon="-122.94156207665338">
				<ele>29.360611150972545</ele>
				<time>2026-09-28T00:29:58Z</time>
			</trkpt>
			<trkpt lat="49.20134326541119" lon="-122.94184359403397">
				<ele>30.06126657873392</ele>
				<time>2026-09-28T00:29:59Z</time>
			</trkpt>
			<trkpt lat="49.20128780885194" lon="-122.9421324307215">
				<ele>30.681779146194458</ele>
				<time>2026-09-28T00:30:00Z</time>
			</trkpt>
			<trkpt lat="49.20125157228866" lon="-122.94243747255824">
				<ele>30.9737578490749</ele>
				<time>2026-09-28T00:30:01Z</time>
			</trkpt>
			<trkpt lat="49.20114729575709" lon="-122.94263092714247">
				<ele>31.42995125055313</ele>
				<time>2026-09-28T00:30:02Z</time>
			</trkpt>
			<trkpt lat="49.201039452696165" lon="-122.94280848465158">
				<ele>31.925323713570833</ele>
				<time>2026-09-28T00:30:03Z</time>
			</trkpt>
			<trkpt lat="49.20093351713895" lon="-122.94299773491247">
				<ele>32.41732406523079</ele>
				<time>2026-09-28T00:30:04Z</time>
			</trkpt>
			<trkpt lat="49.200833455444304" lon="-122.94319155610292">
				<ele>33.018875307403505</ele>
				<time>2026-09-28T00:30:05Z</time>
			</trkpt>
			<trkpt lat="49.20110632164471" lon="-122.94394262177578">
				<ele>33.52769277617335</ele>
				<time>2026-09-28T00:30:06Z</time>
			</trkpt>
			<trkpt lat="49.20107949825308" lon="-122.94424267906547">
				<ele>34.23171616811305</ele>
				<time>2026-09-28T00:30:07Z</time>
			</trkpt>
			<trkpt lat="49.20105078035198" lon="-122.94454089068022">
				<ele>34.83923944924027</ele>
				<time>2026-09-28T00:30:08Z</time>
			</trkpt>
			<trkpt lat="49.201016401705026" lon="-122.94483901652778">
				<ele>35.56200764607638</ele>
				<time>2026-09-28T00:30:09Z</time>
			</trkpt>
			<trkpt lat="49.20097750431566" lon="-122.94513498176525">
				<ele>36.2167980754748</ele>
				<time>2026-09-28T00:30:10Z</time>
			</trkpt>
			<trkpt lat="49.20093185758831" lon="-122.94543135859155">
				<ele>36.631298910826445</ele>
				<time>2026-09-28T00:30:11Z</time>
			</trkpt>
			<trkpt lat="49.20087971832597" lon="-122.94572536761711">
				<ele>37.18400790076703</ele>
				<time>2026-09-28T00:30:12Z</time>
			</trkpt>
			<trkpt lat="49.200822699539785" lon="-122.94601279293558">
				<ele>37.70337458141148</ele>
				<time>2026-09-28T00:30:13Z</time>
			</trkpt>
			<trkpt lat="49.200759898760474" lon="-122.94629416864328">
				<ele>38.09261338971555</ele>
				<time>2026-09-28T00:30:14Z</time>
			</trkpt>
			<trkpt lat="49.2006991516825" lon="-122.94655878195294">
				<ele>38.55412269104272</ele>
				<time>2026-09-28T00:30:15Z</time>
			</trkpt>
			<trkpt lat="49.20063751692381" lon="-122.94680887260603">
				<ele>38.92191952653229</ele>
				<time>2026-09-28T00:30:16Z</time>
			</trkpt>
			<trkpt lat="49.20057770666709" lon="-122.9470458555825">
				<ele>39.27211676351726</ele>
				<time>2026-09-28T00:30:17Z</time>
			</trkpt>
			<trkpt lat="49.20052209115209" lon="-122.9472725632607">
				<ele>39.647174471989274</ele>
				<time>2026-09-28T00:30:18Z</time>
			</trkpt>
			<trkpt lat="49.2004689753708" lon="-122.94748623357458">
				<ele>39.84810393769294</ele>
				<time>2026-09-28T00:30:19Z</time>
			</trkpt>
			<trkpt lat="49.20041850814524" lon="-122.9476882078347">
				<ele>40.126117965206504</ele>
				<time>2026-09-28T00:30:20Z</time>
			</trkpt>
			<trkpt lat="49.200372179254074" lon="-122.94787583164894">
				<ele>40.290665733627975</ele>
				<time>2026-09-28T00:30:21Z</time>
			</trkpt>
			<trkpt lat="49.20032810173739" lon="-122.94805005639364">
				<ele>40.58104885276407</ele>
				<time>2026-09-28T00:30:22Z</time>
			</trkpt>
			<trkpt lat="49.20028770148852" lon="-122.94821115129785">
				<ele>40.735807036049664</ele>
				<time>2026-09-28T00:30:23Z</time>
			</trkpt>
			<trkpt lat="49.200250857809934" lon="-122.94836050163359">
				<ele>40.80231696367264</ele>
				<time>2026-09-28T00:30:24Z</time>
			</trkpt>
			<trkpt lat="49.20021723538697" lon="-122.94849615288186">
				<ele>40.948632230982184</ele>
				<time>2026-09-28T00:30:25Z</time>
			</trkpt>
			<trkpt lat="49.20018662831333" lon="-122.94862266760083">
				<ele>41.338507327251136</ele>
				<time>2026-09-28T00:30:26Z</time>
			</trkpt>
			<trkpt lat="49.20015755009326" lon="-122.94873660117557">
				<ele>41.720087182708085</ele>
				<time>2026-09-28T00:30:27Z</time>
			</trkpt>
			<trkpt lat="49.20013049234211" lon="-122.94884044141871">
				<ele>41.87230209354311</ele>
				<time>2026-09-28T00:30:28Z</time>
			</trkpt>
			<trkpt lat="49.20010524268119" lon="-122.94893296516052">
				<ele>42.36427453998476</ele>
				<time>2026-09-28T00:30:29Z</time>
			</trkpt>
			<trkpt lat="49.200080545281985" lon="-122.94901330781268">
				<ele>42.908742864616215</ele>
				<time>2026-09-28T00:30:30Z</time>
			</trkpt>
			<trkpt lat="49.200061110180066" lon="-122.94908016609858">
				<ele>43.42368932440877</ele>
				<time>2026-09-28T00:30:31Z</time>
			</trkpt>
			<trkpt lat="49.200043526651385" lon="-122.94912515537064">
				<ele>43.832356489263475</ele>
				<time>2026-09-28T00:30:32Z</time>
			</trkpt>
			<trkpt lat="49.200027263782076" lon="-122.94917256170064">
				<ele>44.14924321509898</ele>
				<time>2026-09-28T00:30:33Z</time>
			</trkpt>
			<trkpt lat="49.200018365152275" lon="-122.949198579236">
				<ele>44.57120260037482</ele>
				<time>2026-09-28T00:30:34Z</time>
			</trkpt>
			<trkpt lat="49.20001312071076" lon="-122.94922873641079">
				<ele>45.07738057989627</ele>
				<time>2026-09-28T00:30:36Z</time>
			</trkpt>
			<trkpt lat="49.20001167313783" lon="-122.94919030794499">
				<ele>45.09244611207396</ele>
				<time>2026-09-28T00:30:46Z</time>
			</trkpt>
			<trkpt lat="49.200008080785764" lon="-122.94915916308356">
				<ele>45.81019832659513</ele>
				<time>2026-09-28T00:30:59Z</time>
			</trkpt>
			<trkpt lat="49.19998932508386" lon="-122.94922123646815">
				<ele>45.92975021805614</ele>
				<time>2026-09-28T00:31:10Z</time>
			</trkpt>
			<trkpt lat="49.19997307388237" lon="-122.94927378415991">
				<ele>45.949707449413836</ele>
				<time>2026-09-28T00:31:11Z</time>
			</trkpt>
			<trkpt lat="49.19995409225508" lon="-122.94934068810524">
				<ele>46.0243249181658</ele>
				<time>2026-09-28T00:31:12Z</time>
			</trkpt>
			<trkpt lat="49.199927561958404" lon="-122.94941659829706">
				<ele>45.83155695069581</ele>
				<time>2026-09-28T00:31:13Z</time>
			</trkpt>
			<trkpt lat="49.19989895607447" lon="-122.94950601107873">
				<ele>45.809840524569154</ele>
				<time>2026-09-28T00:31:14Z</time>
			</trkpt>
			<trkpt lat="49.19987303036565" lon="-122.94962015594616">
				<ele>45.72515090368688</ele>
				<time>2026-09-28T00:31:15Z</time>
			</trkpt>
			<trkpt lat="49.19992231226339" lon="-122.94984229160673">
				<ele>45.87514928076416</ele>
				<time>2026-09-28T00:31:16Z</time>
			</trkpt>
			<trkpt lat="49.19986532132485" lon="-122.94995284173844">
				<ele>45.932513614185154</ele>
				<time>2026-09-28T00:31:17Z</time>
			</trkpt>
			<trkpt lat="49.19980291293562" lon="-122.95007432173115">
				<ele>46.129010973498225</ele>
				<time>2026-09-28T00:31:18Z</time>
			</trkpt>
			<trkpt lat="49.19974171976441" lon="-122.95020907539835">
				<ele>46.361657780595124</ele>
				<time>2026-09-28T00:31:19Z</time>
			</trkpt>
			<trkpt lat="49.199678899750076" lon="-122.95035450361667">
				<ele>46.6927158460021</ele>
				<time>2026-09-28T00:31:20Z</time>
			</trkpt>
			<trkpt lat="49.19960408593359" lon="-122.95049270411452">
				<ele>46.80481018591672</ele>
				<time>2026-09-28T00:31:21Z</time>
			</trkpt>
			<trkpt lat="49.199527080155086" lon="-122.9506325953158">
				<ele>47.15272294357419</ele>
				<time>2026-09-28T00:31:22Z</time>
			</trkpt>
			<trkpt lat="49.1994461444729" lon="-122.95078102714903">
				<ele>47.434685692191124</ele>
				<time>2026-09-28T00:31:23Z</time>
			</trkpt>
			<trkpt lat="49.1993653271227" lon="-122.95092981818425">
				<ele>47.68192476313561</ele>
				<time>2026-09-28T00:31:24Z</time>
			</trkpt>
			<trkpt lat="49.1992886689066" lon="-122.9510917461386">
				<ele>48.10745836328715</ele>
				<time>2026-09-28T00:31:25Z</time>
			</trkpt>
			<trkpt lat="49.199215479343046" lon="-122.95125869640545">
				<ele>48.457075976766646</ele>
				<time>2026-09-28T00:31:26Z</time>
			</trkpt>
			<trkpt lat="49.19914546840014" lon="-122.95143093916022">
				<ele>48.922697336412966</ele>
				<time>2026-09-28T00:31:27Z</time>
			</trkpt>
			<trkpt lat="49.1990814440367" lon="-122.95160367612343">
				<ele>49.647457253187895</ele>
				<time>2026-09-28T00:31:28Z</time>
			</trkpt>
			<trkpt lat="49.19950496035789" lon="-122.95239424259519">
				<ele>50.30000115279108</ele>
				<time>2026-09-28T00:31:29Z</time>
			</trkpt>
			<trkpt lat="49.19950528430825" lon="-122.9526494329496">
				<ele>51.15919604152441</ele>
				<time>2026-09-28T00:31:30Z</time>
			</trkpt>
			<trkpt lat="49.19951021877658" lon="-122.95290809782797">
				<ele>51.97821981552988</ele>
				<time>2026-09-28T00:31:31Z</time>
			</trkpt>
			<trkpt lat="49.19952093654713" lon="-122.95316932275944">
				<ele>52.74157566577196</ele>
				<time>2026-09-28T00:31:32Z</time>
			</trkpt>
			<trkpt lat="49.19953898069405" lon="-122.95342980338708">
				<ele>53.27482899557799</ele>
				<time>2026-09-28T00:31:33Z</time>
			</trkpt>
			<trkpt lat="49.19956243223371" lon="-122.95368731312786">
				<ele>53.915585410781205</ele>
				<time>2026-09-28T00:31:34Z</time>
			</trkpt>
			<trkpt lat="49.19959071536453" lon="-122.95394341045488">
				<ele>54.604547560214996</ele>
				<time>2026-09-28T00:31:35Z</time>
			</trkpt>
			<trkpt lat="49.19962618974161" lon="-122.95420016009595">
				<ele>55.07877264264971</ele>
				<time>2026-09-28T00:31:36Z</time>
			</trkpt>
			<trkpt lat="49.19966929293632" lon="-122.9544505328332">
				<ele>55.48768856469542</ele>
				<time>2026-09-28T00:31:37Z</time>
			</trkpt>
			<trkpt lat="49.199718974017905" lon="-122.9546930743935">
				<ele>55.890229942277074</ele>
				<time>2026-09-28T00:31:38Z</time>
			</trkpt>
			<trkpt lat="49.199773452056036" lon="-122.9549269027979">
				<ele>56.226526389829814</ele>
				<time>2026-09-28T00:31:39Z</time>
			</trkpt>
			<trkpt lat="49.199831264780876" lon="-122.955149463709">
				<ele>56.78830928262323</ele>
				<time>2026-09-28T00:31:40Z</time>
			</trkpt>
			<trkpt lat="49.199894052594665" lon="-122.9553622583399">
				<ele>57.23356448300183</ele>
				<time>2026-09-28T00:31:41Z</time>
			</trkpt>
			<trkpt lat="49.199960452476724" lon="-122.95556671481181">
				<ele>57.66475609317422</ele>
				<time>2026-09-28T00:31:42Z</time>
			</trkpt>
			<trkpt lat="49.200026243836774" lon="-122.95576229753465">
				<ele>58.181423594243824</ele>
				<time>2026-09-28T00:31:43Z</time>
			</trkpt>
			<trkpt lat="49.20009477161862" lon="-122.95594730220051">
				<ele>58.66833654232323</ele>
				<time>2026-09-28T00:31:44Z</time>
			</trkpt>
			<trkpt lat="49.20016597517283" lon="-122.9561242936089">
				<ele>59.04011152870953</ele>
				<time>2026-09-28T00:31:45Z</time>
			</trkpt>
			<trkpt lat="49.200238315833424" lon="-122.9562918338521">
				<ele>59.36176688876003</ele>
				<time>2026-09-28T00:31:46Z</time>
			</trkpt>
			<trkpt lat="49.20031068675812" lon="-122.95644962655653">
				<ele>59.625730991363525</ele>
				<time>2026-09-28T00:31:47Z</time>
			</trkpt>
			<trkpt lat="49.200385047283035" lon="-122.95660044693145">
				<ele>59.884133976884186</ele>
				<time>2026-09-28T00:31:48Z</time>
			</trkpt>
			<trkpt lat="49.20045761295979" lon="-122.95674034006582">
				<ele>60.3618968622759</ele>
				<time>2026-09-28T00:31:49Z</time>
			</trkpt>
			<trkpt lat="49.20053078147662" lon="-122.95687121078913">
				<ele>60.75175366178155</ele>
				<time>2026-09-28T00:31:50Z</time>
			</trkpt>
			<trkpt lat="49.20060245052602" lon="-122.95699249980765">
				<ele>61.25933771580458</ele>
				<time>2026-09-28T00:31:51Z</time>
			</trkpt>
			<trkpt lat="49.200674744099224" lon="-122.95711037956735">
				<ele>61.70669494289905</ele>
				<time>2026-09-28T00:31:52Z</time>
			</trkpt>
			<trkpt lat="49.20074712266392" lon="-122.9572190884713">
				<ele>62.174607610329986</ele>
				<time>2026-09-28T00:31:53Z</time>
			</trkpt>
			<trkpt lat="49.200817891390294" lon="-122.95732382759579">
				<ele>62.51605362817645</ele>
				<time>2026-09-28T00:31:54Z</time>
			</trkpt>
			<trkpt lat="49.2008909758761" lon="-122.95742405982519">
				<ele>62.87144225463271</ele>
				<time>2026-09-28T00:31:55Z</time>
			</trkpt>
			<trkpt lat="49.20096652921662" lon="-122.95752333592004">
				<ele>63.2025584699586</ele>
				<time>2026-09-28T00:31:56Z</time>
			</trkpt>
			<trkpt lat="49.201041559901924" lon="-122.9576204720778">
				<ele>63.46518693678081</ele>
				<time>2026-09-28T00:31:57Z</time>
			</trkpt>
			<trkpt lat="49.20111805558463" lon="-122.95771307143869">
				<ele>63.7897067386657</ele>
				<time>2026-09-28T00:31:58Z</time>
			</trkpt>
			<trkpt lat="49.20119787903545" lon="-122.95780537150233">
				<ele>63.99289124365896</ele>
				<time>2026-09-28T00:31:59Z</time>
			</trkpt>
			<trkpt lat="49.201280409814835" lon="-122.95789207705661">
				<ele>64.0699553694576</ele>
				<time>2026-09-28T00:32:00Z</time>
			</trkpt>
			<trkpt lat="49.20136456077604" lon="-122.95797620110947">
				<ele>64.1414257613942</ele>
				<time>2026-09-28T00:32:01Z</time>
			</trkpt>
			<trkpt lat="49.20145100842474" lon="-122.9580551744302">
				<ele>64.25555782206357</ele>
				<time>2026-09-28T00:32:02Z</time>
			</trkpt>
			<trkpt lat="49.20153877517922" lon="-122.95813076582876">
				<ele>64.18469633255154</ele>
				<time>2026-09-28T00:32:03Z</time>
			</trkpt>
			<trkpt lat="49.20162815253038" lon="-122.95820325321185">
				<ele>64.04621067270637</ele>
				<time>2026-09-28T00:32:04Z</time>
			</trkpt>
			<trkpt lat="49.201716992191564" lon="-122.95826945592721">
				<ele>63.96760119497776</ele>
				<time>2026-09-28T00:32:05Z</time>
			</trkpt>
			<trkpt lat="49.201807888476345" lon="-122.95833117827651">
				<ele>63.94755289610475</ele>
				<time>2026-09-28T00:32:06Z</time>
			</trkpt>
			<trkpt lat="49.20190261247067" lon="-122.95838907179964">
				<ele>63.99543088488281</ele>
				<time>2026-09-28T00:32:07Z</time>
			</trkpt>
			<trkpt lat="49.20199564674169" lon="-122.9584417071614">
				<ele>64.10583605710417</ele>
				<time>2026-09-28T00:32:08Z</time>
			</trkpt>
			<trkpt lat="49.20209106197324" lon="-122.95848881739353">
				<ele>64.16912795230746</ele>
				<time>2026-09-28T00:32:09Z</time>
			</trkpt>
			<trkpt lat="49.202186002675376" lon="-122.95853569938835">
				<ele>64.31278023682535</ele>
				<time>2026-09-28T00:32:10Z</time>
			</trkpt>
			<trkpt lat="49.20228388920115" lon="-122.95857548172256">
				<ele>64.41845528502017</ele>
				<time>2026-09-28T00:32:11Z</time>
			</trkpt>
			<trkpt lat="49.20238271132425" lon="-122.95861011556457">
				<ele>64.61129414755851</ele>
				<time>2026-09-28T00:32:12Z</time>
			</trkpt>
			<trkpt lat="49.20248296254402" lon="-122.958640512749">
				<ele>64.95379040855914</ele>
				<time>2026-09-28T00:32:13Z</time>
			</trkpt>
			<trkpt lat="49.2025766206157" lon="-122.95866018951648">
				<ele>65.07869937457144</ele>
				<time>2026-09-28T00:32:14Z</time>
			</trkpt>
			<trkpt lat="49.20267732243915" lon="-122.95867983336838">
				<ele>65.25501679815352</ele>
				<time>2026-09-28T00:32:15Z</time>
			</trkpt>
			<trkpt lat="49.20277623022371" lon="-122.95869280722646">
				<ele>65.50878738518804</ele>
				<time>2026-09-28T00:32:16Z</time>
			</trkpt>
			<trkpt lat="49.20287513691876" lon="-122.95870581861313">
				<ele>65.65922729019076</ele>
				<time>2026-09-28T00:32:17Z</time>
			</trkpt>
			<trkpt lat="49.2029724185175" lon="-122.95871027640099">
				<ele>65.8654170781374</ele>
				<time>2026-09-28T00:32:18Z</time>
			</trkpt>
			<trkpt lat="49.20306982644133" lon="-122.95871672886507">
				<ele>66.06082437839359</ele>
				<time>2026-09-28T00:32:19Z</time>
			</trkpt>
			<trkpt lat="49.203169816050774" lon="-122.95872296876206">
				<ele>66.15945080388337</ele>
				<time>2026-09-28T00:32:20Z</time>
			</trkpt>
			<trkpt lat="49.20326809560293" lon="-122.95872725963271">
				<ele>66.55067726783454</ele>
				<time>2026-09-28T00:32:21Z</time>
			</trkpt>
			<trkpt lat="49.20336707673211" lon="-122.95873082797489">
				<ele>67.0215597115457</ele>
				<time>2026-09-28T00:32:22Z</time>
			</trkpt>
			<trkpt lat="49.203464074027586" lon="-122.95873545143986">
				<ele>67.53930794075131</ele>
				<time>2026-09-28T00:32:23Z</time>
			</trkpt>
			<trkpt lat="49.20356298997214" lon="-122.95873992331549">
				<ele>68.03865309432149</ele>
				<time>2026-09-28T00:32:24Z</time>
			</trkpt>
			<trkpt lat="49.2036608007972" lon="-122.95874339723255">
				<ele>68.61944930814207</ele>
				<time>2026-09-28T00:32:25Z</time>
			</trkpt>
			<trkpt lat="49.20375777097021" lon="-122.9587447654699">
				<ele>69.14142525102943</ele>
				<time>2026-09-28T00:32:26Z</time>
			</trkpt>
			<trkpt lat="49.203853581466994" lon="-122.95874502778007">
				<ele>69.54895915836096</ele>
				<time>2026-09-28T00:32:27Z</time>
			</trkpt>
			<trkpt lat="49.20395040278105" lon="-122.95873961731733">
				<ele>70.01972600258887</ele>
				<time>2026-09-28T00:32:28Z</time>
			</trkpt>
			<trkpt lat="49.20404848704838" lon="-122.95872787010744">
				<ele>70.26616578083485</ele>
				<time>2026-09-28T00:32:29Z</time>
			</trkpt>
			<trkpt lat="49.20414512423366" lon="-122.95871225724136">
				<ele>70.70401152130216</ele>
				<time>2026-09-28T00:32:30Z</time>
			</trkpt>
			<trkpt lat="49.204243799020034" lon="-122.95869459717244">
				<ele>71.04849195107818</ele>
				<time>2026-09-28T00:32:31Z</time>
			</trkpt>
			<trkpt lat="49.20434647397194" lon="-122.95866164062902">
				<ele>71.12813790608197</ele>
				<time>2026-09-28T00:32:32Z</time>
			</trkpt>
			<trkpt lat="49.204457569118176" lon="-122.95862463722821">
				<ele>71.32041163928807</ele>
				<time>2026-09-28T00:32:33Z</time>
			</trkpt>
			<trkpt lat="49.20457095583614" lon="-122.95857110463906">
				<ele>71.44270897097886</ele>
				<time>2026-09-28T00:32:34Z</time>
			</trkpt>
			<trkpt lat="49.20468940296268" lon="-122.95850274069716">
				<ele>71.76808709930629</ele>
				<time>2026-09-28T00:32:35Z</time>
			</trkpt>
			<trkpt lat="49.204807895368845" lon="-122.95842472909455">
				<ele>71.95053788367659</ele>
				<time>2026-09-28T00:32:36Z</time>
			</trkpt>
			<trkpt lat="49.20493272031602" lon="-122.95833602653109">
				<ele>72.05303909443319</ele>
				<time>2026-09-28T00:32:37Z</time>
			</trkpt>
			<trkpt lat="49.205059251999614" lon="-122.9582418918844">
				<ele>71.93437889125198</ele>
				<time>2026-09-28T00:32:38Z</time>
			</trkpt>
			<trkpt lat="49.20519311807283" lon="-122.9581422078023">
				<ele>72.31865471787751</ele>
				<time>2026-09-28T00:32:39Z</time>
			</trkpt>
			<trkpt lat="49.20532821788555" lon="-122.95804250710502">
				<ele>72.8807798391208</ele>
				<time>2026-09-28T00:32:40Z</time>
			</trkpt>
			<trkpt lat="49.20547128017621" lon="-122.9579352270189">
				<ele>73.20183937251568</ele>
				<time>2026-09-28T00:32:41Z</time>
			</trkpt>
			<trkpt lat="49.20561226029827" lon="-122.95782780670964">
				<ele>73.47469870559871</ele>
				<time>2026-09-28T00:32:42Z</time>
			</trkpt>
			<trkpt lat="49.20575764917514" lon="-122.9577198292033">
				<ele>73.72649216465652</ele>
				<time>2026-09-28T00:32:43Z</time>
			</trkpt>
			<trkpt lat="49.205905896879976" lon="-122.95761011830261">
				<ele>74.04166278988123</ele>
				<time>2026-09-28T00:32:44Z</time>
			</trkpt>
			<trkpt lat="49.206057205479375" lon="-122.95749831985123">
				<ele>74.470717350021</ele>
				<time>2026-09-28T00:32:45Z</time>
			</trkpt>
			<trkpt lat="49.20620956406105" lon="-122.95738192409358">
				<ele>74.84888277295977</ele>
				<time>2026-09-28T00:32:46Z</time>
			</trkpt>
			<trkpt lat="49.20637004060898" lon="-122.957258167298">
				<ele>75.06831435766071</ele>
				<time>2026-09-28T00:32:47Z</time>
			</trkpt>
			<trkpt lat="49.206527983792576" lon="-122.9571384867101">
				<ele>75.70894555188715</ele>
				<time>2026-09-28T00:32:48Z</time>
			</trkpt>
			<trkpt lat="49.206692991645205" lon="-122.95701477502612">
				<ele>76.15981095749885</ele>
				<time>2026-09-28T00:32:49Z</time>
			</trkpt>
			<trkpt lat="49.20685287579878" lon="-122.95689197372354">
				<ele>76.76698609441519</ele>
				<time>2026-09-28T00:32:50Z</time>
			</trkpt>
			<trkpt lat="49.20701977614333" lon="-122.95677009537121">
				<ele>77.47914191801101</ele>
				<time>2026-09-28T00:32:51Z</time>
			</trkpt>
			<trkpt lat="49.207194922834496" lon="-122.9566544416582">
				<ele>77.78528247121722</ele>
				<time>2026-09-28T00:32:52Z</time>
			</trkpt>
			<trkpt lat="49.20737272466832" lon="-122.95656223646681">
				<ele>78.01225486211479</ele>
				<time>2026-09-28T00:32:53Z</time>
			</trkpt>
			<trkpt lat="49.2075546443151" lon="-122.95649526685472">
				<ele>78.10515583213419</ele>
				<time>2026-09-28T00:32:54Z</time>
			</trkpt>
			<trkpt lat="49.20773758330073" lon="-122.95645560343108">
				<ele>78.41624055616558</ele>
				<time>2026-09-28T00:32:55Z</time>
			</trkpt>
			<trkpt lat="49.207925076456355" lon="-122.95643522325445">
				<ele>78.59475682396442</ele>
				<time>2026-09-28T00:32:56Z</time>
			</trkpt>
			<trkpt lat="49.20810869284448" lon="-122.95644347648071">
				<ele>79.22492138203233</ele>
				<time>2026-09-28T00:32:57Z</time>
			</trkpt>
			<trkpt lat="49.20829136632805" lon="-122.9564763782513">
				<ele>79.80728944949806</ele>
				<time>2026-09-28T00:32:58Z</time>
			</trkpt>
			<trkpt lat="49.2084711330672" lon="-122.95653830970876">
				<ele>80.44440458528697</ele>
				<time>2026-09-28T00:32:59Z</time>
			</trkpt>
			<trkpt lat="49.20864810244129" lon="-122.9566174033241">
				<ele>80.97951973136514</ele>
				<time>2026-09-28T00:33:00Z</time>
			</trkpt>
			<trkpt lat="49.20882302683768" lon="-122.9567275217989">
				<ele>81.1175342630595</ele>
				<time>2026-09-28T00:33:01Z</time>
			</trkpt>
			<trkpt lat="49.20899108838282" lon="-122.95685197666866">
				<ele>81.6269420562312</ele>
				<time>2026-09-28T00:33:02Z</time>
			</trkpt>
			<trkpt lat="49.209155820834255" lon="-122.95698950120078">
				<ele>82.580042893067</ele>
				<time>2026-09-28T00:33:03Z</time>
			</trkpt>
			<trkpt lat="49.2094322796288" lon="-122.95682278861022">
				<ele>83.39658446237445</ele>
				<time>2026-09-28T00:33:04Z</time>
			</trkpt>
			<trkpt lat="49.20958998004277" lon="-122.95695542259404">
				<ele>84.47813557647169</ele>
				<time>2026-09-28T00:33:05Z</time>
			</trkpt>
			<trkpt lat="49.209749118090166" lon="-122.95708426617347">
				<ele>85.26443719025701</ele>
				<time>2026-09-28T00:33:06Z</time>
			</trkpt>
			<trkpt lat="49.20991104227338" lon="-122.95721337290443">
				<ele>86.26096452679485</ele>
				<time>2026-09-28T00:33:07Z</time>
			</trkpt>
			<trkpt lat="49.21007357237638" lon="-122.95733850068564">
				<ele>86.66256535891443</ele>
				<time>2026-09-28T00:33:08Z</time>
			</trkpt>
			<trkpt lat="49.21025392425634" lon="-122.95749608406378">
				<ele>87.27231885772198</ele>
				<time>2026-09-28T00:33:09Z</time>
			</trkpt>
			<trkpt lat="49.21039325870416" lon="-122.95767115438083">
				<ele>88.26653461251408</ele>
				<time>2026-09-28T00:33:10Z</time>
			</trkpt>
			<trkpt lat="49.21055673556627" lon="-122.95782081282461">
				<ele>88.89248831849545</ele>
				<time>2026-09-28T00:33:11Z</time>
			</trkpt>
			<trkpt lat="49.21071001475155" lon="-122.95796161144287">
				<ele>89.91026392951608</ele>
				<time>2026-09-28T00:33:12Z</time>
			</trkpt>
			<trkpt lat="49.21085643545524" lon="-122.95809708361612">
				<ele>90.67554971389472</ele>
				<time>2026-09-28T00:33:13Z</time>
			</trkpt>
			<trkpt lat="49.21099629273796" lon="-122.95822614510395">
				<ele>91.38998443819582</ele>
				<time>2026-09-28T00:33:14Z</time>
			</trkpt>
			<trkpt lat="49.211128513122915" lon="-122.958348188714">
				<ele>92.31245500966907</ele>
				<time>2026-09-28T00:33:15Z</time>
			</trkpt>
			<trkpt lat="49.21125431620978" lon="-122.95846429265487">
				<ele>93.30796790868044</ele>
				<time>2026-09-28T00:33:16Z</time>
			</trkpt>
			<trkpt lat="49.21137796331718" lon="-122.9585762722213">
				<ele>93.70979660656303</ele>
				<time>2026-09-28T00:33:17Z</time>
			</trkpt>
			<trkpt lat="49.211501967471406" lon="-122.95864991857255">
				<ele>94.29256795812398</ele>
				<time>2026-09-28T00:33:18Z</time>
			</trkpt>
			<trkpt lat="49.21161071429149" lon="-122.95870741976394">
				<ele>94.44779580645263</ele>
				<time>2026-09-28T00:33:19Z</time>
			</trkpt>
			<trkpt lat="49.21169687233063" lon="-122.95874435001275">
				<ele>94.15228645782918</ele>
				<time>2026-09-28T00:33:20Z</time>
			</trkpt>
			<trkpt lat="49.2118135546989" lon="-122.95886316710191">
				<ele>94.1254218108952</ele>
				<time>2026-09-28T00:33:21Z</time>
			</trkpt>
			<trkpt lat="49.211894602621626" lon="-122.95894681232818">
				<ele>94.15697581321001</ele>
				<time>2026-09-28T00:33:22Z</time>
			</trkpt>
			<trkpt lat="49.21196515865348" lon="-122.95900474900984">
				<ele>94.45823696721345</ele>
				<time>2026-09-28T00:33:23Z</time>
			</trkpt>
			<trkpt lat="49.212036941298464" lon="-122.95906362219249">
				<ele>94.95005947351456</ele>
				<time>2026-09-28T00:33:24Z</time>
			</trkpt>
			<trkpt lat="49.21209901538056" lon="-122.95911895781032">
				<ele>95.40688464418054</ele>
				<time>2026-09-28T00:33:25Z</time>
			</trkpt>
			<trkpt lat="49.21215527119639" lon="-122.95916366649845">
				<ele>95.33046803157777</ele>
				<time>2026-09-28T00:33:26Z</time>
			</trkpt>
			<trkpt lat="49.21220018857637" lon="-122.95919890527837">
				<ele>95.26623722817749</ele>
				<time>2026-09-28T00:33:27Z</time>
			</trkpt>
			<trkpt lat="49.2122364956521" lon="-122.95922944964309">
				<ele>95.3616806929931</ele>
				<time>2026-09-28T00:33:28Z</time>
			</trkpt>
			<trkpt lat="49.21225861567275" lon="-122.95924824888145">
				<ele>95.24720396660268</ele>
				<time>2026-09-28T00:33:29Z</time>
			</trkpt>
			<trkpt lat="49.21228043175921" lon="-122.95926793229776">
				<ele>95.23348833806813</ele>
				<time>2026-09-28T00:33:30Z</time>
			</trkpt>
			<trkpt lat="49.21229683458563" lon="-122.95929438094167">
				<ele>95.22270737867802</ele>
				<time>2026-09-28T00:33:32Z</time>
			</trkpt>
			<trkpt lat="49.21228726872176" lon="-122.95931854401948">
				<ele>95.4669475061819</ele>
				<time>2026-09-28T00:33:39Z</time>
			</trkpt>
			<trkpt lat="49.212262904507575" lon="-122.95934689568394">
				<ele>94.64473660197109</ele>
				<time>2026-09-28T00:33:50Z</time>
			</trkpt>
			<trkpt lat="49.212280787650194" lon="-122.95936319708896">
				<ele>93.69881698023528</ele>
				<time>2026-09-28T00:33:59Z</time>
			</trkpt>
			<trkpt lat="49.212297923724215" lon="-122.95937214121935">
				<ele>93.82327302917838</ele>
				<time>2026-09-28T00:34:00Z</time>
			</trkpt>
			<trkpt lat="49.21233075101263" lon="-122.95939406687391">
				<ele>93.86613643635064</ele>
				<time>2026-09-28T00:34:01Z</time>
			</trkpt>
			<trkpt lat="49.2123733332463" lon="-122.95942477254569">
				<ele>94.13805480860174</ele>
				<time>2026-09-28T00:34:02Z</time>
			</trkpt>
			<trkpt lat="49.212421401841596" lon="-122.95946470796939">
				<ele>93.88127238769084</ele>
				<time>2026-09-28T00:34:03Z</time>
			</trkpt>
			<trkpt lat="49.21247921784316" lon="-122.95950963397503">
				<ele>93.67736805230379</ele>
				<time>2026-09-28T00:34:04Z</time>
			</trkpt>
			<trkpt lat="49.212543806365844" lon="-122.95955619256794">
				<ele>93.3612008728087</ele>
				<time>2026-09-28T00:34:05Z</time>
			</trkpt>
			<trkpt lat="49.21261523902759" lon="-122.95960612066959">
				<ele>93.33711062464863</ele>
				<time>2026-09-28T00:34:06Z</time>
			</trkpt>
			<trkpt lat="49.21269567229555" lon="-122.95966626223728">
				<ele>93.54612191859633</ele>
				<time>2026-09-28T00:34:07Z</time>
			</trkpt>
			<trkpt lat="49.21278559031738" lon="-122.95972872172985">
				<ele>93.80210315994918</ele>
				<time>2026-09-28T00:34:08Z</time>
			</trkpt>
			<trkpt lat="49.21288273178024" lon="-122.95979756261627">
				<ele>94.27256129402667</ele>
				<time>2026-09-28T00:34:09Z</time>
			</trkpt>
			<trkpt lat="49.21298597575196" lon="-122.95986901676723">
				<ele>94.66676091123372</ele>
				<time>2026-09-28T00:34:10Z</time>
			</trkpt>
			<trkpt lat="49.2130952081379" lon="-122.95994566051189">
				<ele>94.90229606255889</ele>
				<time>2026-09-28T00:34:11Z</time>
			</trkpt>
			<trkpt lat="49.213207567289615" lon="-122.96002451041437">
				<ele>95.13792417384684</ele>
				<time>2026-09-28T00:34:12Z</time>
			</trkpt>
			<trkpt lat="49.21332504438702" lon="-122.96011014400575">
				<ele>95.31935919076204</ele>
				<time>2026-09-28T00:34:13Z</time>
			</trkpt>
			<trkpt lat="49.21344698466192" lon="-122.9601972967093">
				<ele>95.29922369867563</ele>
				<time>2026-09-28T00:34:14Z</time>
			</trkpt>
			<trkpt lat="49.21357318105172" lon="-122.96028957483666">
				<ele>95.26957465428859</ele>
				<time>2026-09-28T00:34:15Z</time>
			</trkpt>
			<trkpt lat="49.21370175762481" lon="-122.96038683915161">
				<ele>95.09309151954949</ele>
				<time>2026-09-28T00:34:16Z</time>
			</trkpt>
			<trkpt lat="49.21382863943337" lon="-122.960491871114">
				<ele>95.24055063258857</ele>
				<time>2026-09-28T00:34:17Z</time>
			</trkpt>
			<trkpt lat="49.213957697191496" lon="-122.96060422282376">
				<ele>95.3820403944701</ele>
				<time>2026-09-28T00:34:18Z</time>
			</trkpt>
			<trkpt lat="49.21408985394084" lon="-122.96072684836814">
				<ele>95.59964294359088</ele>
				<time>2026-09-28T00:34:19Z</time>
			</trkpt>
			<trkpt lat="49.2142162932464" lon="-122.96086924666574">
				<ele>96.02168589644134</ele>
				<time>2026-09-28T00:34:20Z</time>
			</trkpt>
			<trkpt lat="49.2143391956062" lon="-122.96102889893051">
				<ele>96.60441826656461</ele>
				<time>2026-09-28T00:34:21Z</time>
			</trkpt>
			<trkpt lat="49.21445405692944" lon="-122.9612061603542">
				<ele>96.70418307278305</ele>
				<time>2026-09-28T00:34:22Z</time>
			</trkpt>
			<trkpt lat="49.21456057750714" lon="-122.9613982137913">
				<ele>96.98941877204925</ele>
				<time>2026-09-28T00:34:23Z</time>
			</trkpt>
			<trkpt lat="49.21465929082558" lon="-122.96160673487451">
				<ele>97.4485973957926</ele>
				<time>2026-09-28T00:34:24Z</time>
			</trkpt>
			<trkpt lat="49.21474011553647" lon="-122.96183057034983">
				<ele>97.96445401199162</ele>
				<time>2026-09-28T00:34:25Z</time>
			</trkpt>
			<trkpt lat="49.214810466755516" lon="-122.96206774018249">
				<ele>98.48586233053356</ele>
				<time>2026-09-28T00:34:26Z</time>
			</trkpt>
			<trkpt lat="49.21487291617887" lon="-122.9623151369925">
				<ele>98.97122442442924</ele>
				<time>2026-09-28T00:34:27Z</time>
			</trkpt>
			<trkpt lat="49.214918751500164" lon="-122.96257076353368">
				<ele>99.40983968786895</ele>
				<time>2026-09-28T00:34:28Z</time>
			</trkpt>
			<trkpt lat="49.21495192816949" lon="-122.96284174818167">
				<ele>99.69746828079224</ele>
				<time>2026-09-28T00:34:29Z</time>
			</trkpt>
			<trkpt lat="49.21496815474689" lon="-122.96311376940437">
				<ele>100.53040685225278</ele>
				<time>2026-09-28T00:34:30Z</time>
			</trkpt>
			<trkpt lat="49.21497582753704" lon="-122.9633877510933">
				<ele>100.87228317372501</ele>
				<time>2026-09-28T00:34:31Z</time>
			</trkpt>
			<trkpt lat="49.2149774498651" lon="-122.96367073513422">
				<ele>100.79025000240654</ele>
				<time>2026-09-28T00:34:32Z</time>
			</trkpt>
			<trkpt lat="49.214976966390054" lon="-122.96395340429386">
				<ele>100.63156748004258</ele>
				<time>2026-09-28T00:34:33Z</time>
			</trkpt>
			<trkpt lat="49.21497065706962" lon="-122.96424345634524">
				<ele>100.38403179682791</ele>
				<time>2026-09-28T00:34:34Z</time>
			</trkpt>
			<trkpt lat="49.21496375293359" lon="-122.96453075352265">
				<ele>100.70019900985062</ele>
				<time>2026-09-28T00:34:35Z</time>
			</trkpt>
			<trkpt lat="49.21495521136756" lon="-122.96481704359147">
				<ele>100.48639975301921</ele>
				<time>2026-09-28T00:34:36Z</time>
			</trkpt>
			<trkpt lat="49.21494437762573" lon="-122.96510453205173">
				<ele>100.57660972047597</ele>
				<time>2026-09-28T00:34:37Z</time>
			</trkpt>
			<trkpt lat="49.21475777982511" lon="-122.96539420823932">
				<ele>100.79305078834295</ele>
				<time>2026-09-28T00:34:38Z</time>
			</trkpt>
			<trkpt lat="49.21475966250718" lon="-122.9656745034992">
				<ele>101.09918851871043</ele>
				<time>2026-09-28T00:34:39Z</time>
			</trkpt>
			<trkpt lat="49.214761180343615" lon="-122.96596007104485">
				<ele>99.62038678582758</ele>
				<time>2026-09-28T00:34:40Z</time>
			</trkpt>
			<trkpt lat="49.214763277135866" lon="-122.96625043081553">
				<ele>100.54103329125792</ele>
				<time>2026-09-28T00:34:41Z</time>
			</trkpt>
			<trkpt lat="49.21476689077441" lon="-122.96653888129262">
				<ele>101.17988660465926</ele>
				<time>2026-09-28T00:34:42Z</time>
			</trkpt>
			<trkpt lat="49.214769507897984" lon="-122.9668283455327">
				<ele>101.8282532915473</ele>
				<time>2026-09-28T00:34:43Z</time>
			</trkpt>
			<trkpt lat="49.214771325851636" lon="-122.96712095449477">
				<ele>102.54529436118901</ele>
				<time>2026-09-28T00:34:44Z</time>
			</trkpt>
			<trkpt lat="49.214773156896854" lon="-122.96741567011169">
				<ele>103.22713388130069</ele>
				<time>2026-09-28T00:34:45Z</time>
			</trkpt>
			<trkpt lat="49.214774796236924" lon="-122.9677124876556">
				<ele>103.88817142415792</ele>
				<time>2026-09-28T00:34:46Z</time>
			</trkpt>
			<trkpt lat="49.21477646106508" lon="-122.96800966049688">
				<ele>104.54050714988261</ele>
				<time>2026-09-28T00:34:47Z</time>
			</trkpt>
			<trkpt lat="49.21477814712023" lon="-122.96831062249161">
				<ele>105.2667242642492</ele>
				<time>2026-09-28T00:34:48Z</time>
			</trkpt>
			<trkpt lat="49.21478139269317" lon="-122.9686127192028">
				<ele>105.76816990505904</ele>
				<time>2026-09-28T00:34:49Z</time>
			</trkpt>
			<trkpt lat="49.21478461558659" lon="-122.96891530548675">
				<ele>106.4499663412571</ele>
				<time>2026-09-28T00:34:50Z</time>
			</trkpt>
			<trkpt lat="49.21478784631821" lon="-122.96921862765743">
				<ele>107.01932877209038</ele>
				<time>2026-09-28T00:34:51Z</time>
			</trkpt>
			<trkpt lat="49.21480001649333" lon="-122.96952214004982">
				<ele>107.6301122456789</ele>
				<time>2026-09-28T00:34:52Z</time>
			</trkpt>
			<trkpt lat="49.21479813496393" lon="-122.96982710270649">
				<ele>108.18907992821187</ele>
				<time>2026-09-28T00:34:53Z</time>
			</trkpt>
			<trkpt lat="49.21480498521864" lon="-122.97013366822378">
				<ele>108.89983930531889</ele>
				<time>2026-09-28T00:34:54Z</time>
			</trkpt>
			<trkpt lat="49.21479286980329" lon="-122.97043457392977">
				<ele>109.973293248564</ele>
				<time>2026-09-28T00:34:55Z</time>
			</trkpt>
			<trkpt lat="49.21479018893432" lon="-122.97073163159547">
				<ele>110.79665050003678</ele>
				<time>2026-09-28T00:34:56Z</time>
			</trkpt>
			<trkpt lat="49.214787526493396" lon="-122.97102664746723">
				<ele>111.63592513557523</ele>
				<time>2026-09-28T00:34:57Z</time>
			</trkpt>
			<trkpt lat="49.21478488885348" lon="-122.97131891512092">
				<ele>112.57985310163349</ele>
				<time>2026-09-28T00:34:58Z</time>
			</trkpt>
			<trkpt lat="49.21478303336798" lon="-122.97161099563971">
				<ele>113.30625467002392</ele>
				<time>2026-09-28T00:34:59Z</time>
			</trkpt>
			<trkpt lat="49.21478367545854" lon="-122.97190308229318">
				<ele>114.2334996368736</ele>
				<time>2026-09-28T00:35:00Z</time>
			</trkpt>
			<trkpt lat="49.21478652063718" lon="-122.97219236719553">
				<ele>115.28284846432507</ele>
				<time>2026-09-28T00:35:01Z</time>
			</trkpt>
			<trkpt lat="49.21479049830667" lon="-122.97247080462594">
				<ele>116.00344923045486</ele>
				<time>2026-09-28T00:35:02Z</time>
			</trkpt>
			<trkpt lat="49.21480711958837" lon="-122.97274288414148">
				<ele>116.70166658889502</ele>
				<time>2026-09-28T00:35:03Z</time>
			</trkpt>
			<trkpt lat="49.21482860534237" lon="-122.9730048118981">
				<ele>117.3389204852283</ele>
				<time>2026-09-28T00:35:04Z</time>
			</trkpt>
			<trkpt lat="49.2148553387859" lon="-122.97326177707731">
				<ele>117.93806223664433</ele>
				<time>2026-09-28T00:35:05Z</time>
			</trkpt>
			<trkpt lat="49.21563352061145" lon="-122.97348508990883">
				<ele>118.64210577216</ele>
				<time>2026-09-28T00:35:06Z</time>
			</trkpt>
			<trkpt lat="49.215751127188824" lon="-122.97372935072933">
				<ele>119.4209975330159</ele>
				<time>2026-09-28T00:35:07Z</time>
			</trkpt>
			<trkpt lat="49.21586884429933" lon="-122.97397611196581">
				<ele>120.12930713873357</ele>
				<time>2026-09-28T00:35:08Z</time>
			</trkpt>
			<trkpt lat="49.21598773516805" lon="-122.97422326462636">
				<ele>121.11161476466805</ele>
				<time>2026-09-28T00:35:09Z</time>
			</trkpt>
			<trkpt lat="49.21610608039658" lon="-122.97446988314766">
				<ele>122.07968535088003</ele>
				<time>2026-09-28T00:35:10Z</time>
			</trkpt>
			<trkpt lat="49.21622329618082" lon="-122.9747165452168">
				<ele>122.77901315968484</ele>
				<time>2026-09-28T00:35:11Z</time>
			</trkpt>
			<trkpt lat="49.21634198818881" lon="-122.97496268546627">
				<ele>123.15098265279084</ele>
				<time>2026-09-28T00:35:12Z</time>
			</trkpt>
			<trkpt lat="49.216459571604126" lon="-122.97520667080738">
				<ele>123.48123070970178</ele>
				<time>2026-09-28T00:35:13Z</time>
			</trkpt>
			<trkpt lat="49.216578133489925" lon="-122.9754507246998">
				<ele>123.98254181910306</ele>
				<time>2026-09-28T00:35:14Z</time>
			</trkpt>
			<trkpt lat="49.21669616222435" lon="-122.97569517574163">
				<ele>124.35504168923944</ele>
				<time>2026-09-28T00:35:15Z</time>
			</trkpt>
			<trkpt lat="49.216813556699805" lon="-122.97593985887372">
				<ele>124.80782922636718</ele>
				<time>2026-09-28T00:35:16Z</time>
			</trkpt>
			<trkpt lat="49.21693147261713" lon="-122.97618328238187">
				<ele>125.26259398180991</ele>
				<time>2026-09-28T00:35:17Z</time>
			</trkpt>
			<trkpt lat="49.217049001747235" lon="-122.97642701842081">
				<ele>125.62206803169101</ele>
				<time>2026-09-28T00:35:18Z</time>
			</trkpt>
			<trkpt lat="49.217167056811086" lon="-122.97666987317359">
				<ele>126.0648894989863</ele>
				<time>2026-09-28T00:35:19Z</time>
			</trkpt>
			<trkpt lat="49.217285290869214" lon="-122.97691311536383">
				<ele>126.58005475252867</ele>
				<time>2026-09-28T00:35:20Z</time>
			</trkpt>
			<trkpt lat="49.217402173767375" lon="-122.97715736653022">
				<ele>127.14903252199292</ele>
				<time>2026-09-28T00:35:21Z</time>
			</trkpt>
			<trkpt lat="49.2175172470508" lon="-122.97740374755077">
				<ele>127.64942600484937</ele>
				<time>2026-09-28T00:35:22Z</time>
			</trkpt>
			<trkpt lat="49.21762880997942" lon="-122.97765403857832">
				<ele>128.00444627087563</ele>
				<time>2026-09-28T00:35:23Z</time>
			</trkpt>
			<trkpt lat="49.21773494795099" lon="-122.97791003294599">
				<ele>128.26328419707716</ele>
				<time>2026-09-28T00:35:24Z</time>
			</trkpt>
			<trkpt lat="49.217833875367795" lon="-122.97816795300805">
				<ele>128.5126354135573</ele>
				<time>2026-09-28T00:35:25Z</time>
			</trkpt>
			<trkpt lat="49.21792832438849" lon="-122.9784261405715">
				<ele>128.7635996909812</ele>
				<time>2026-09-28T00:35:26Z</time>
			</trkpt>
			<trkpt lat="49.21801368449951" lon="-122.97868158916039">
				<ele>129.01633267477155</ele>
				<time>2026-09-28T00:35:27Z</time>
			</trkpt>
			<trkpt lat="49.21799239542207" lon="-122.97899163556791">
				<ele>129.06175169348717</ele>
				<time>2026-09-28T00:35:28Z</time>
			</trkpt>
			<trkpt lat="49.21805033319627" lon="-122.97924380647184">
				<ele>129.04112599417567</ele>
				<time>2026-09-28T00:35:29Z</time>
			</trkpt>
			<trkpt lat="49.218103982639875" lon="-122.97949251101585">
				<ele>129.12285269796848</ele>
				<time>2026-09-28T00:35:30Z</time>
			</trkpt>
			<trkpt lat="49.21815522082937" lon="-122.97973853484044">
				<ele>129.141769583337</ele>
				<time>2026-09-28T00:35:31Z</time>
			</trkpt>
			<trkpt lat="49.218205015791746" lon="-122.97998048481725">
				<ele>129.2660883422941</ele>
				<time>2026-09-28T00:35:32Z</time>
			</trkpt>
			<trkpt lat="49.2182533188679" lon="-122.98021601523861">
				<ele>129.33167789597064</ele>
				<time>2026-09-28T00:35:33Z</time>
			</trkpt>
			<trkpt lat="49.21830039983474" lon="-122.98044571089548">
				<ele>129.382744894363</ele>
				<time>2026-09-28T00:35:34Z</time>
			</trkpt>
			<trkpt lat="49.21834599930426" lon="-122.98066940944278">
				<ele>129.33267028536648</ele>
				<time>2026-09-28T00:35:35Z</time>
			</trkpt>
			<trkpt lat="49.218390278168734" lon="-122.98088655428548">
				<ele>129.54898077249527</ele>
				<time>2026-09-28T00:35:36Z</time>
			</trkpt>
			<trkpt lat="49.21843293508708" lon="-122.9810964202445">
				<ele>129.5994038209319</ele>
				<time>2026-09-28T00:35:37Z</time>
			</trkpt>
			<trkpt lat="49.21847423963555" lon="-122.9813002230385">
				<ele>129.8605586728081</ele>
				<time>2026-09-28T00:35:38Z</time>
			</trkpt>
			<trkpt lat="49.21851430223256" lon="-122.98149799320105">
				<ele>129.8582587763667</ele>
				<time>2026-09-28T00:35:39Z</time>
			</trkpt>
			<trkpt lat="49.218553177670294" lon="-122.98168990290384">
				<ele>129.88748746644706</ele>
				<time>2026-09-28T00:35:40Z</time>
			</trkpt>
			<trkpt lat="49.21859033508928" lon="-122.98187333131337">
				<ele>129.6681335605681</ele>
				<time>2026-09-28T00:35:41Z</time>
			</trkpt>
			<trkpt lat="49.21862667809548" lon="-122.98205191462647">
				<ele>129.6428834311664</ele>
				<time>2026-09-28T00:35:42Z</time>
			</trkpt>
			<trkpt lat="49.21866248242004" lon="-122.98222302700243">
				<ele>129.66750647313893</ele>
				<time>2026-09-28T00:35:43Z</time>
			</trkpt>
			<trkpt lat="49.218698388621505" lon="-122.98238896844533">
				<ele>129.7743329051882</ele>
				<time>2026-09-28T00:35:44Z</time>
			</trkpt>
			<trkpt lat="49.21873265305281" lon="-122.98254717418763">
				<ele>129.91784388106316</ele>
				<time>2026-09-28T00:35:45Z</time>
			</trkpt>
			<trkpt lat="49.218761736037465" lon="-122.98269449392382">
				<ele>130.13707320205867</ele>
				<time>2026-09-28T00:35:46Z</time>
			</trkpt>
			<trkpt lat="49.21878403219911" lon="-122.98282883082857">
				<ele>130.35137274023145</ele>
				<time>2026-09-28T00:35:47Z</time>
			</trkpt>
			<trkpt lat="49.21879678712588" lon="-122.98295804208111">
				<ele>130.48667736444622</ele>
				<time>2026-09-28T00:35:48Z</time>
			</trkpt>
			<trkpt lat="49.218815254120386" lon="-122.98313949460977">
				<ele>130.63596806675196</ele>
				<time>2026-09-28T00:35:49Z</time>
			</trkpt>
			<trkpt lat="49.218846587365974" lon="-122.98329758739882">
				<ele>130.80190351139754</ele>
				<time>2026-09-28T00:35:50Z</time>
			</trkpt>
			<trkpt lat="49.218877665857605" lon="-122.98343794791029">
				<ele>130.93610268458724</ele>
				<time>2026-09-28T00:35:51Z</time>
			</trkpt>
			<trkpt lat="49.21890831844356" lon="-122.98357866207895">
				<ele>131.10320505034178</ele>
				<time>2026-09-28T00:35:52Z</time>
			</trkpt>
			<trkpt lat="49.218937749636716" lon="-122.98371755473805">
				<ele>131.2418101457879</ele>
				<time>2026-09-28T00:35:53Z</time>
			</trkpt>
			<trkpt lat="49.2189668494954" lon="-122.98385861769522">
				<ele>131.38945945724845</ele>
				<time>2026-09-28T00:35:54Z</time>
			</trkpt>
			<trkpt lat="49.21899455861404" lon="-122.98399293896283">
				<ele>131.5114093637094</ele>
				<time>2026-09-28T00:35:55Z</time>
			</trkpt>
			<trkpt lat="49.21902145115404" lon="-122.98412330153339">
				<ele>131.6534373993054</ele>
				<time>2026-09-28T00:35:56Z</time>
			</trkpt>
			<trkpt lat="49.219047831471244" lon="-122.9842522439406">
				<ele>131.85996086895466</ele>
				<time>2026-09-28T00:35:57Z</time>
			</trkpt>
			<trkpt lat="49.21907421404252" lon="-122.98438111500474">
				<ele>131.99362020101398</ele>
				<time>2026-09-28T00:35:58Z</time>
			</trkpt>
			<trkpt lat="49.21910160786877" lon="-122.9845149256455">
				<ele>132.13986879121512</ele>
				<time>2026-09-28T00:35:59Z</time>
			</trkpt>
			<trkpt lat="49.219130858763165" lon="-122.9846569797225">
				<ele>132.22442509792745</ele>
				<time>2026-09-28T00:36:00Z</time>
			</trkpt>
			<trkpt lat="49.21916069145508" lon="-122.98480167510536">
				<ele>132.31395441945642</ele>
				<time>2026-09-28T00:36:01Z</time>
			</trkpt>
			<trkpt lat="49.219190731434885" lon="-122.9849473758734">
				<ele>132.4269812805578</ele>
				<time>2026-09-28T00:36:02Z</time>
			</trkpt>
			<trkpt lat="49.219220843983344" lon="-122.98509342782442">
				<ele>132.49714872520417</ele>
				<time>2026-09-28T00:36:03Z</time>
			</trkpt>
			<trkpt lat="49.21925102674148" lon="-122.98523897765256">
				<ele>132.60416426789016</ele>
				<time>2026-09-28T00:36:04Z</time>
			</trkpt>
			<trkpt lat="49.21928113771205" lon="-122.98538459579422">
				<ele>132.5258529689163</ele>
				<time>2026-09-28T00:36:05Z</time>
			</trkpt>
			<trkpt lat="49.219311418806974" lon="-122.98553103668684">
				<ele>132.37666629161686</ele>
				<time>2026-09-28T00:36:06Z</time>
			</trkpt>
			<trkpt lat="49.219341709601935" lon="-122.9856775117143">
				<ele>132.32477681990713</ele>
				<time>2026-09-28T00:36:07Z</time>
			</trkpt>
			<trkpt lat="49.21937213396134" lon="-122.98582443855838">
				<ele>132.2171988049522</ele>
				<time>2026-09-28T00:36:08Z</time>
			</trkpt>
			<trkpt lat="49.21940242059958" lon="-122.98597070014239">
				<ele>132.11918044742197</ele>
				<time>2026-09-28T00:36:09Z</time>
			</trkpt>
			<trkpt lat="49.21943287106745" lon="-122.98611775306422">
				<ele>132.14008725434542</ele>
				<time>2026-09-28T00:36:10Z</time>
			</trkpt>
			<trkpt lat="49.21946381775929" lon="-122.98626718550433">
				<ele>132.06215709727257</ele>
				<time>2026-09-28T00:36:11Z</time>
			</trkpt>
			<trkpt lat="49.219494584570555" lon="-122.9864156754741">
				<ele>132.09307941515</ele>
				<time>2026-09-28T00:36:12Z</time>
			</trkpt>
			<trkpt lat="49.21952203670857" lon="-122.98656165298809">
				<ele>132.14534283336252</ele>
				<time>2026-09-28T00:36:13Z</time>
			</trkpt>
			<trkpt lat="49.219551577271616" lon="-122.9867116951647">
				<ele>132.15726053342223</ele>
				<time>2026-09-28T00:36:14Z</time>
			</trkpt>
			<trkpt lat="49.21958056478897" lon="-122.98685832942475">
				<ele>132.0152236316353</ele>
				<time>2026-09-28T00:36:15Z</time>
			</trkpt>
			<trkpt lat="49.219609677029375" lon="-122.98700559444826">
				<ele>132.02305436320603</ele>
				<time>2026-09-28T00:36:16Z</time>
			</trkpt>
			<trkpt lat="49.219638634637775" lon="-122.98715207731954">
				<ele>131.89825038798153</ele>
				<time>2026-09-28T00:36:17Z</time>
			</trkpt>
			<trkpt lat="49.21966764862404" lon="-122.98729884530341">
				<ele>131.72017259616405</ele>
				<time>2026-09-28T00:36:18Z</time>
			</trkpt>
			<trkpt lat="49.21969681396441" lon="-122.98744638821404">
				<ele>131.5353781990707</ele>
				<time>2026-09-28T00:36:19Z</time>
			</trkpt>
			<trkpt lat="49.21972601757352" lon="-122.98759414543817">
				<ele>131.2861409271136</ele>
				<time>2026-09-28T00:36:20Z</time>
			</trkpt>
			<trkpt lat="49.21975553453516" lon="-122.98774228329785">
				<ele>131.27994465176016</ele>
				<time>2026-09-28T00:36:21Z</time>
			</trkpt>
			<trkpt lat="49.21978046562549" lon="-122.9878813456669">
				<ele>131.25673217419535</ele>
				<time>2026-09-28T00:36:22Z</time>
			</trkpt>
			<trkpt lat="49.219806003118116" lon="-122.98802656492573">
				<ele>131.26050633378327</ele>
				<time>2026-09-28T00:36:23Z</time>
			</trkpt>
			<trkpt lat="49.219828859269704" lon="-122.98816539976428">
				<ele>131.24356827978045</ele>
				<time>2026-09-28T00:36:24Z</time>
			</trkpt>
			<trkpt lat="49.219837737359164" lon="-122.98827561328655">
				<ele>131.20820595230907</ele>
				<time>2026-09-28T00:36:25Z</time>
			</trkpt>
			<trkpt lat="49.219847647437355" lon="-122.98841358915088">
				<ele>131.1554259248078</ele>
				<time>2026-09-28T00:36:26Z</time>
			</trkpt>
			<trkpt lat="49.22011679930828" lon="-122.98849732291383">
				<ele>131.2471096571535</ele>
				<time>2026-09-28T00:36:27Z</time>
			</trkpt>
			<trkpt lat="49.22014171622451" lon="-122.98861754791061">
				<ele>131.22639107517898</ele>
				<time>2026-09-28T00:36:28Z</time>
			</trkpt>
			<trkpt lat="49.22016402054792" lon="-122.98872062993195">
				<ele>131.30960015952587</ele>
				<time>2026-09-28T00:36:29Z</time>
			</trkpt>
			<trkpt lat="49.2201847226703" lon="-122.98880886973166">
				<ele>131.30657748039812</ele>
				<time>2026-09-28T00:36:30Z</time>
			</trkpt>
			<trkpt lat="49.220389030482295" lon="-122.98884357277055">
				<ele>131.53209687955678</ele>
				<time>2026-09-28T00:36:31Z</time>
			</trkpt>
			<trkpt lat="49.22039645534492" lon="-122.98891101429463">
				<ele>131.73908401373774</ele>
				<time>2026-09-28T00:36:32Z</time>
			</trkpt>
			<trkpt lat="49.22040034872819" lon="-122.98894976477861">
				<ele>131.8302572304383</ele>
				<time>2026-09-28T00:36:33Z</time>
			</trkpt>
			<trkpt lat="49.22040547012312" lon="-122.9889893949301">
				<ele>132.7323801992461</ele>
				<time>2026-09-28T00:37:03Z</time>
			</trkpt>
			<trkpt lat="49.22041202073554" lon="-122.98904008484391">
				<ele>132.5585703169927</ele>
				<time>2026-09-28T00:37:04Z</time>
			</trkpt>
			<trkpt lat="49.22041966804357" lon="-122.98909677759382">
				<ele>132.238573519513</ele>
				<time>2026-09-28T00:37:05Z</time>
			</trkpt>
			<trkpt lat="49.220431573626364" lon="-122.98917416373183">
				<ele>132.05354284867644</ele>
				<time>2026-09-28T00:37:06Z</time>
			</trkpt>
			<trkpt lat="49.22044615630173" lon="-122.98926895099336">
				<ele>131.92725882027298</ele>
				<time>2026-09-28T00:37:07Z</time>
			</trkpt>
			<trkpt lat="49.220462428459236" lon="-122.98935218725757">
				<ele>131.89737811498344</ele>
				<time>2026-09-28T00:37:08Z</time>
			</trkpt>
			<trkpt lat="49.22048799380548" lon="-122.98943826106692">
				<ele>131.89386863913387</ele>
				<time>2026-09-28T00:37:09Z</time>
			</trkpt>
			<trkpt lat="49.22052010684259" lon="-122.98961881594975">
				<ele>131.91421849653125</ele>
				<time>2026-09-28T00:37:10Z</time>
			</trkpt>
			<trkpt lat="49.22054238816867" lon="-122.98974242736155">
				<ele>132.00560359098017</ele>
				<time>2026-09-28T00:37:11Z</time>
			</trkpt>
			<trkpt lat="49.22057465130438" lon="-122.98989901513009">
				<ele>131.94813414569944</ele>
				<time>2026-09-28T00:37:12Z</time>
			</trkpt>
			<trkpt lat="49.22060970705593" lon="-122.99006915527035">
				<ele>132.11116160545498</ele>
				<time>2026-09-28T00:37:13Z</time>
			</trkpt>
			<trkpt lat="49.22064740538103" lon="-122.99025212191775">
				<ele>132.14296276681125</ele>
				<time>2026-09-28T00:37:14Z</time>
			</trkpt>
			<trkpt lat="49.22068750876772" lon="-122.99044676095535">
				<ele>132.29251223430037</ele>
				<time>2026-09-28T00:37:15Z</time>
			</trkpt>
			<trkpt lat="49.220733453589474" lon="-122.99063063631878">
				<ele>132.43819422833622</ele>
				<time>2026-09-28T00:37:16Z</time>
			</trkpt>
			<trkpt lat="49.22077967595369" lon="-122.9908865188223">
				<ele>132.55595844984055</ele>
				<time>2026-09-28T00:37:17Z</time>
			</trkpt>
			<trkpt lat="49.220817769057575" lon="-122.99109341209235">
				<ele>132.71910986863077</ele>
				<time>2026-09-28T00:37:18Z</time>
			</trkpt>
			<trkpt lat="49.220866396442574" lon="-122.99132567539408">
				<ele>132.8846827968955</ele>
				<time>2026-09-28T00:37:19Z</time>
			</trkpt>
			<trkpt lat="49.220914229173914" lon="-122.99156653806841">
				<ele>132.92258111201227</ele>
				<time>2026-09-28T00:37:20Z</time>
			</trkpt>
			<trkpt lat="49.22096585440094" lon="-122.99181404475567">
				<ele>133.1274058725685</ele>
				<time>2026-09-28T00:37:21Z</time>
			</trkpt>
			<trkpt lat="49.22101862823239" lon="-122.99206694094735">
				<ele>133.3902988396585</ele>
				<time>2026-09-28T00:37:22Z</time>
			</trkpt>
			<trkpt lat="49.221073724793314" lon="-122.99232679357137">
				<ele>133.6934228334576</ele>
				<time>2026-09-28T00:37:23Z</time>
			</trkpt>
			<trkpt lat="49.22113048671244" lon="-122.99259390497498">
				<ele>133.8640166092664</ele>
				<time>2026-09-28T00:37:24Z</time>
			</trkpt>
			<trkpt lat="49.221202667116906" lon="-122.99279321587312">
				<ele>134.0282305199653</ele>
				<time>2026-09-28T00:37:25Z</time>
			</trkpt>
			<trkpt lat="49.22129490874853" lon="-122.99304052937109">
				<ele>134.02657311875373</ele>
				<time>2026-09-28T00:37:26Z</time>
			</trkpt>
			<trkpt lat="49.221411559271495" lon="-122.993194637812">
				<ele>133.72015556693077</ele>
				<time>2026-09-28T00:37:27Z</time>
			</trkpt>
			<trkpt lat="49.22151382559672" lon="-122.99344207461564">
				<ele>133.506598261185</ele>
				<time>2026-09-28T00:37:28Z</time>
			</trkpt>
			<trkpt lat="49.2213046287659" lon="-122.99406630365203">
				<ele>133.21953554078937</ele>
				<time>2026-09-28T00:37:29Z</time>
			</trkpt>
			<trkpt lat="49.22139291262033" lon="-122.99434114493434">
				<ele>132.73164893314242</ele>
				<time>2026-09-28T00:37:30Z</time>
			</trkpt>
			<trkpt lat="49.22148204657894" lon="-122.99461519403123">
				<ele>131.50066551472992</ele>
				<time>2026-09-28T00:37:31Z</time>
			</trkpt>
			<trkpt lat="49.22170981766969" lon="-122.99474389987982">
				<ele>131.1128033772111</ele>
				<time>2026-09-28T00:37:32Z</time>
			</trkpt>
			<trkpt lat="49.22182696595524" lon="-122.9948953366159">
				<ele>130.76549451425672</ele>
				<time>2026-09-28T00:37:33Z</time>
			</trkpt>
			<trkpt lat="49.221960560010025" lon="-122.99540469563425">
				<ele>130.66833096183836</ele>
				<time>2026-09-28T00:37:34Z</time>
			</trkpt>
			<trkpt lat="49.22195983425427" lon="-122.99565228683193">
				<ele>130.515489901416</ele>
				<time>2026-09-28T00:37:35Z</time>
			</trkpt>
			<trkpt lat="49.222021578669754" lon="-122.99589610137366">
				<ele>130.4408815773204</ele>
				<time>2026-09-28T00:37:36Z</time>
			</trkpt>
			<trkpt lat="49.222017582315935" lon="-122.99613693992039">
				<ele>130.75550331920385</ele>
				<time>2026-09-28T00:37:37Z</time>
			</trkpt>
			<trkpt lat="49.221976153098154" lon="-122.99651789928762">
				<ele>130.98442060034722</ele>
				<time>2026-09-28T00:37:38Z</time>
			</trkpt>
			<trkpt lat="49.22207630557811" lon="-122.99692338425922">
				<ele>131.14426840655506</ele>
				<time>2026-09-28T00:37:39Z</time>
			</trkpt>
			<trkpt lat="49.22241149470679" lon="-122.99709182890501">
				<ele>131.26082919724286</ele>
				<time>2026-09-28T00:37:40Z</time>
			</trkpt>
			<trkpt lat="49.22254120284345" lon="-122.99710621174064">
				<ele>131.39311880618334</ele>
				<time>2026-09-28T00:37:41Z</time>
			</trkpt>
			<trkpt lat="49.22266751159317" lon="-122.9971989597409">
				<ele>131.57552653551102</ele>
				<time>2026-09-28T00:37:42Z</time>
			</trkpt>
			<trkpt lat="49.22280900954683" lon="-122.99726811956108">
				<ele>131.8357580145821</ele>
				<time>2026-09-28T00:37:43Z</time>
			</trkpt>
			<trkpt lat="49.22298503121365" lon="-122.99739494278474">
				<ele>132.13793440628797</ele>
				<time>2026-09-28T00:37:44Z</time>
			</trkpt>
			<trkpt lat="49.2231424448361" lon="-122.99760806593856">
				<ele>132.30169010348618</ele>
				<time>2026-09-28T00:37:45Z</time>
			</trkpt>
			<trkpt lat="49.22326255766383" lon="-122.99787062711414">
				<ele>132.51295521110296</ele>
				<time>2026-09-28T00:37:46Z</time>
			</trkpt>
			<trkpt lat="49.2233360218827" lon="-122.99808398830108">
				<ele>132.75189888011664</ele>
				<time>2026-09-28T00:37:47Z</time>
			</trkpt>
			<trkpt lat="49.22339858679134" lon="-122.99826952075892">
				<ele>133.0769271524623</ele>
				<time>2026-09-28T00:37:48Z</time>
			</trkpt>
			<trkpt lat="49.223472244006814" lon="-122.9984592066169">
				<ele>133.3139648847282</ele>
				<time>2026-09-28T00:37:49Z</time>
			</trkpt>
			<trkpt lat="49.22354754572778" lon="-122.99864420723009">
				<ele>133.4933896996081</ele>
				<time>2026-09-28T00:37:50Z</time>
			</trkpt>
			<trkpt lat="49.223620584908886" lon="-122.99881019291279">
				<ele>133.68400995526463</ele>
				<time>2026-09-28T00:37:51Z</time>
			</trkpt>
			<trkpt lat="49.2237049052258" lon="-122.99899440737948">
				<ele>134.07275150623173</ele>
				<time>2026-09-28T00:37:52Z</time>
			</trkpt>
			<trkpt lat="49.22378988646304" lon="-122.99918024197014">
				<ele>134.60689148679376</ele>
				<time>2026-09-28T00:37:53Z</time>
			</trkpt>
			<trkpt lat="49.223875166291" lon="-122.99936463146311">
				<ele>134.89276095293462</ele>
				<time>2026-09-28T00:37:54Z</time>
			</trkpt>
			<trkpt lat="49.22396090023141" lon="-122.99953174737905">
				<ele>134.99912219773978</ele>
				<time>2026-09-28T00:37:55Z</time>
			</trkpt>
			<trkpt lat="49.224056416442586" lon="-122.99971005744617">
				<ele>134.85966224502772</ele>
				<time>2026-09-28T00:37:56Z</time>
			</trkpt>
			<trkpt lat="49.224151289863784" lon="-122.99988756417874">
				<ele>134.94346330780536</ele>
				<time>2026-09-28T00:37:57Z</time>
			</trkpt>
			<trkpt lat="49.22424578647235" lon="-123.00006580120373">
				<ele>134.82723603211343</ele>
				<time>2026-09-28T00:37:58Z</time>
			</trkpt>
			<trkpt lat="49.22434045166183" lon="-123.00024271066411">
				<ele>134.74273892492056</ele>
				<time>2026-09-28T00:37:59Z</time>
			</trkpt>
			<trkpt lat="49.22443485883562" lon="-123.00041656762625">
				<ele>134.6600887114182</ele>
				<time>2026-09-28T00:38:00Z</time>
			</trkpt>
			<trkpt lat="49.224530014820076" lon="-123.00059124552652">
				<ele>134.2625645790249</ele>
				<time>2026-09-28T00:38:01Z</time>
			</trkpt>
			<trkpt lat="49.22462836082521" lon="-123.00077796711153">
				<ele>133.9498685663566</ele>
				<time>2026-09-28T00:38:02Z</time>
			</trkpt>
			<trkpt lat="49.22472133451866" lon="-123.00095822329376">
				<ele>133.98554733674973</ele>
				<time>2026-09-28T00:38:03Z</time>
			</trkpt>
			<trkpt lat="49.22481485464888" lon="-123.00114269222622">
				<ele>134.0674922754988</ele>
				<time>2026-09-28T00:38:04Z</time>
			</trkpt>
			<trkpt lat="49.224907923847674" lon="-123.00133471409002">
				<ele>134.08396887406707</ele>
				<time>2026-09-28T00:38:05Z</time>
			</trkpt>
			<trkpt lat="49.22499612405188" lon="-123.00152584667026">
				<ele>134.22046550828964</ele>
				<time>2026-09-28T00:38:06Z</time>
			</trkpt>
			<trkpt lat="49.22508163651718" lon="-123.00171230273054">
				<ele>134.39297379832715</ele>
				<time>2026-09-28T00:38:07Z</time>
			</trkpt>
			<trkpt lat="49.22516656920985" lon="-123.00189792773136">
				<ele>134.42376631870866</ele>
				<time>2026-09-28T00:38:08Z</time>
			</trkpt>
			<trkpt lat="49.225248569302224" lon="-123.0020777039549">
				<ele>134.5040268469602</ele>
				<time>2026-09-28T00:38:09Z</time>
			</trkpt>
			<trkpt lat="49.22532727311702" lon="-123.00225098482427">
				<ele>134.57609797734767</ele>
				<time>2026-09-28T00:38:10Z</time>
			</trkpt>
			<trkpt lat="49.22539965581073" lon="-123.00241587091112">
				<ele>134.69353713095188</ele>
				<time>2026-09-28T00:38:11Z</time>
			</trkpt>
			<trkpt lat="49.22546507674995" lon="-123.00255272526323">
				<ele>134.69417343568057</ele>
				<time>2026-09-28T00:38:12Z</time>
			</trkpt>
			<trkpt lat="49.225542526446034" lon="-123.00271950131423">
				<ele>134.81264371797442</ele>
				<time>2026-09-28T00:38:13Z</time>
			</trkpt>
			<trkpt lat="49.22561269335016" lon="-123.00287448803938">
				<ele>134.98140437621623</ele>
				<time>2026-09-28T00:38:14Z</time>
			</trkpt>
			<trkpt lat="49.22568257613729" lon="-123.00302760323368">
				<ele>134.92553352098912</ele>
				<time>2026-09-28T00:38:15Z</time>
			</trkpt>
			<trkpt lat="49.22574876797427" lon="-123.00317183038175">
				<ele>134.8128167875111</ele>
				<time>2026-09-28T00:38:16Z</time>
			</trkpt>
			<trkpt lat="49.22580606533344" lon="-123.00329667720547">
				<ele>134.80175322294235</ele>
				<time>2026-09-28T00:38:17Z</time>
			</trkpt>
			<trkpt lat="49.22586305362956" lon="-123.00342085059248">
				<ele>135.093955793418</ele>
				<time>2026-09-28T00:38:18Z</time>
			</trkpt>
			<trkpt lat="49.22591854340818" lon="-123.00354179587846">
				<ele>135.10572330839932</ele>
				<time>2026-09-28T00:38:19Z</time>
			</trkpt>
			<trkpt lat="49.22596821757296" lon="-123.00365014370647">
				<ele>135.36201700288802</ele>
				<time>2026-09-28T00:38:20Z</time>
			</trkpt>
			<trkpt lat="49.226011533700955" lon="-123.00374537047327">
				<ele>135.59358045551926</ele>
				<time>2026-09-28T00:38:21Z</time>
			</trkpt>
			<trkpt lat="49.226050921243626" lon="-123.00383152224674">
				<ele>135.8979594167322</ele>
				<time>2026-09-28T00:38:22Z</time>
			</trkpt>
			<trkpt lat="49.2260844792476" lon="-123.00390509242797">
				<ele>135.89831009227782</ele>
				<time>2026-09-28T00:38:23Z</time>
			</trkpt>
			<trkpt lat="49.22611449130677" lon="-123.00397088952862">
				<ele>136.01994729414582</ele>
				<time>2026-09-28T00:38:24Z</time>
			</trkpt>
			<trkpt lat="49.22612685864686" lon="-123.0039980526131">
				<ele>136.02277273498476</ele>
				<time>2026-09-28T00:38:25Z</time>
			</trkpt>
			<trkpt lat="49.22614500725269" lon="-123.00403791096757">
				<ele>136.19756454229355</ele>
				<time>2026-09-28T00:38:26Z</time>
			</trkpt>
			<trkpt lat="49.22615750544705" lon="-123.00406535974587">
				<ele>136.10859827697277</ele>
				<time>2026-09-28T00:38:27Z</time>
			</trkpt>
			<trkpt lat="49.22616843610316" lon="-123.0040893658684">
				<ele>136.08266116771847</ele>
				<time>2026-09-28T00:38:29Z</time>
			</trkpt>
			<trkpt lat="49.22618338026982" lon="-123.00412218648381">
				<ele>135.15274575632066</ele>
				<time>2026-09-28T00:38:56Z</time>
			</trkpt>
			<trkpt lat="49.22620166786996" lon="-123.00416235009578">
				<ele>135.16241364274174</ele>
				<time>2026-09-28T00:38:57Z</time>
			</trkpt>
			<trkpt lat="49.22622502940907" lon="-123.00421365717095">
				<ele>135.15106714889407</ele>
				<time>2026-09-28T00:38:58Z</time>
			</trkpt>
			<trkpt lat="49.226254243825466" lon="-123.00427781849069">
				<ele>135.16599992476404</ele>
				<time>2026-09-28T00:38:59Z</time>
			</trkpt>
			<trkpt lat="49.22628825369807" lon="-123.00435251148254">
				<ele>135.20007094647735</ele>
				<time>2026-09-28T00:39:00Z</time>
			</trkpt>
			<trkpt lat="49.226333756412174" lon="-123.00445244573002">
				<ele>135.3648763867095</ele>
				<time>2026-09-28T00:39:01Z</time>
			</trkpt>
			<trkpt lat="49.22638385767148" lon="-123.00456247848474">
				<ele>135.4658555863425</ele>
				<time>2026-09-28T00:39:02Z</time>
			</trkpt>
			<trkpt lat="49.226436458179094" lon="-123.00467800733476">
				<ele>135.44095345772803</ele>
				<time>2026-09-28T00:39:03Z</time>
			</trkpt>
			<trkpt lat="49.226493870444216" lon="-123.00480899994074">
				<ele>135.17259978409857</ele>
				<time>2026-09-28T00:39:04Z</time>
			</trkpt>
			<trkpt lat="49.226559279854435" lon="-123.00495884175932">
				<ele>134.6531673455611</ele>
				<time>2026-09-28T00:39:05Z</time>
			</trkpt>
			<trkpt lat="49.22662810254455" lon="-123.00512030505008">
				<ele>134.252037496306</ele>
				<time>2026-09-28T00:39:06Z</time>
			</trkpt>
			<trkpt lat="49.2266923956731" lon="-123.0052829788036">
				<ele>133.54688529483974</ele>
				<time>2026-09-28T00:39:07Z</time>
			</trkpt>
			<trkpt lat="49.22675971832473" lon="-123.00545580414969">
				<ele>133.05814871750772</ele>
				<time>2026-09-28T00:39:08Z</time>
			</trkpt>
			<trkpt lat="49.22682442776513" lon="-123.00562518193372">
				<ele>132.49791522789747</ele>
				<time>2026-09-28T00:39:09Z</time>
			</trkpt>
			<trkpt lat="49.22688799900268" lon="-123.00578776204536">
				<ele>132.08382786251605</ele>
				<time>2026-09-28T00:39:10Z</time>
			</trkpt>
			<trkpt lat="49.22695358707562" lon="-123.00593972626599">
				<ele>131.6328505165875</ele>
				<time>2026-09-28T00:39:11Z</time>
			</trkpt>
			<trkpt lat="49.2270214516018" lon="-123.00609266583962">
				<ele>131.18168621324003</ele>
				<time>2026-09-28T00:39:12Z</time>
			</trkpt>
			<trkpt lat="49.22709463038716" lon="-123.00625341415724">
				<ele>130.86948782484978</ele>
				<time>2026-09-28T00:39:13Z</time>
			</trkpt>
			<trkpt lat="49.22716574995746" lon="-123.0064096710244">
				<ele>130.7176601914689</ele>
				<time>2026-09-28T00:39:14Z</time>
			</trkpt>
			<trkpt lat="49.227236137836194" lon="-123.00656407981705">
				<ele>130.42184496764094</ele>
				<time>2026-09-28T00:39:15Z</time>
			</trkpt>
			<trkpt lat="49.22730713542482" lon="-123.00671839581945">
				<ele>130.1775497198105</ele>
				<time>2026-09-28T00:39:16Z</time>
			</trkpt>
			<trkpt lat="49.227376452188594" lon="-123.0068685730314">
				<ele>129.99916206672788</ele>
				<time>2026-09-28T00:39:17Z</time>
			</trkpt>
			<trkpt lat="49.22744476174381" lon="-123.00701639564937">
				<ele>129.72051195893437</ele>
				<time>2026-09-28T00:39:18Z</time>
			</trkpt>
			<trkpt lat="49.22751295331581" lon="-123.00716546434832">
				<ele>129.39428300969303</ele>
				<time>2026-09-28T00:39:19Z</time>
			</trkpt>
			<trkpt lat="49.22757732542917" lon="-123.00730810634315">
				<ele>129.1620281226933</ele>
				<time>2026-09-28T00:39:20Z</time>
			</trkpt>
			<trkpt lat="49.2276388417469" lon="-123.00744523304277">
				<ele>128.78986393101513</ele>
				<time>2026-09-28T00:39:21Z</time>
			</trkpt>
			<trkpt lat="49.22769928764244" lon="-123.00757997062973">
				<ele>128.38233980163932</ele>
				<time>2026-09-28T00:39:22Z</time>
			</trkpt>
			<trkpt lat="49.22775616261539" lon="-123.0077067472659">
				<ele>128.3574193296954</ele>
				<time>2026-09-28T00:39:23Z</time>
			</trkpt>
			<trkpt lat="49.22774664250373" lon="-123.00789948017007">
				<ele>128.6546214260161</ele>
				<time>2026-09-28T00:39:24Z</time>
			</trkpt>
			<trkpt lat="49.22779981071013" lon="-123.00801990364484">
				<ele>128.95694381184876</ele>
				<time>2026-09-28T00:39:25Z</time>
			</trkpt>
			<trkpt lat="49.22785594660829" lon="-123.00814387951081">
				<ele>129.15450146235526</ele>
				<time>2026-09-28T00:39:26Z</time>
			</trkpt>
			<trkpt lat="49.2279116493607" lon="-123.0082638898456">
				<ele>129.29575259424746</ele>
				<time>2026-09-28T00:39:27Z</time>
			</trkpt>
			<trkpt lat="49.227968504784606" lon="-123.00838316613238">
				<ele>129.56574894301593</ele>
				<time>2026-09-28T00:39:28Z</time>
			</trkpt>
			<trkpt lat="49.22802443955651" lon="-123.00850050929326">
				<ele>129.9136326815933</ele>
				<time>2026-09-28T00:39:29Z</time>
			</trkpt>
			<trkpt lat="49.22808350887685" lon="-123.00860748953164">
				<ele>130.12815581727773</ele>
				<time>2026-09-28T00:39:30Z</time>
			</trkpt>
			<trkpt lat="49.22814608489856" lon="-123.00872121390043">
				<ele>130.34933809190989</ele>
				<time>2026-09-28T00:39:31Z</time>
			</trkpt>
			<trkpt lat="49.22821002065415" lon="-123.00884089609237">
				<ele>130.47442699968815</ele>
				<time>2026-09-28T00:39:32Z</time>
			</trkpt>
			<trkpt lat="49.228273275499646" lon="-123.00896344201601">
				<ele>130.63677680678666</ele>
				<time>2026-09-28T00:39:33Z</time>
			</trkpt>
			<trkpt lat="49.22833625963553" lon="-123.00909190206127">
				<ele>130.80787017848343</ele>
				<time>2026-09-28T00:39:34Z</time>
			</trkpt>
			<trkpt lat="49.22839477372692" lon="-123.00921968553304">
				<ele>131.00589880067855</ele>
				<time>2026-09-28T00:39:35Z</time>
			</trkpt>
			<trkpt lat="49.228451772391736" lon="-123.00934663390842">
				<ele>131.14803855121136</ele>
				<time>2026-09-28T00:39:36Z</time>
			</trkpt>
			<trkpt lat="49.22850904755751" lon="-123.00947419805453">
				<ele>131.28357581049204</ele>
				<time>2026-09-28T00:39:37Z</time>
			</trkpt>
			<trkpt lat="49.22856664415363" lon="-123.0096048634307">
				<ele>131.20182399637997</ele>
				<time>2026-09-28T00:39:38Z</time>
			</trkpt>
			<trkpt lat="49.22862231853303" lon="-123.0097326942536">
				<ele>131.24163403362036</ele>
				<time>2026-09-28T00:39:39Z</time>
			</trkpt>
			<trkpt lat="49.228677811152856" lon="-123.0098608591984">
				<ele>131.37785507645458</ele>
				<time>2026-09-28T00:39:40Z</time>
			</trkpt>
			<trkpt lat="49.22873224234302" lon="-123.00998869356064">
				<ele>131.4430257389322</ele>
				<time>2026-09-28T00:39:41Z</time>
			</trkpt>
			<trkpt lat="49.228785223217095" lon="-123.010120079805">
				<ele>131.46906859893352</ele>
				<time>2026-09-28T00:39:42Z</time>
			</trkpt>
			<trkpt lat="49.22883216208879" lon="-123.01026300721685">
				<ele>131.60273302160203</ele>
				<time>2026-09-28T00:39:43Z</time>
			</trkpt>
			<trkpt lat="49.22887846897186" lon="-123.01039789844032">
				<ele>131.47931181732565</ele>
				<time>2026-09-28T00:39:44Z</time>
			</trkpt>
			<trkpt lat="49.2289324022211" lon="-123.01051191054363">
				<ele>131.48009439464658</ele>
				<time>2026-09-28T00:39:45Z</time>
			</trkpt>
			<trkpt lat="49.228989390641445" lon="-123.01063608107539">
				<ele>131.53458036482334</ele>
				<time>2026-09-28T00:39:46Z</time>
			</trkpt>
			<trkpt lat="49.22905423256596" lon="-123.01077451145318">
				<ele>131.60723758582026</ele>
				<time>2026-09-28T00:39:47Z</time>
			</trkpt>
			<trkpt lat="49.229124323163184" lon="-123.01092254124131">
				<ele>131.63036149181426</ele>
				<time>2026-09-28T00:39:48Z</time>
			</trkpt>
			<trkpt lat="49.22919903992077" lon="-123.01108011211022">
				<ele>131.50450001936406</ele>
				<time>2026-09-28T00:39:49Z</time>
			</trkpt>
			<trkpt lat="49.22927940667992" lon="-123.01125152921128">
				<ele>131.45078341569752</ele>
				<time>2026-09-28T00:39:50Z</time>
			</trkpt>
			<trkpt lat="49.22935791206112" lon="-123.01142044454359">
				<ele>131.41479727998376</ele>
				<time>2026-09-28T00:39:51Z</time>
			</trkpt>
			<trkpt lat="49.22943572704987" lon="-123.01158536269558">
				<ele>131.3579333173111</ele>
				<time>2026-09-28T00:39:52Z</time>
			</trkpt>
			<trkpt lat="49.22951006960473" lon="-123.01173839144916">
				<ele>131.2147335484624</ele>
				<time>2026-09-28T00:39:53Z</time>
			</trkpt>
			<trkpt lat="49.22958239654967" lon="-123.01187808184513">
				<ele>131.14780432730913</ele>
				<time>2026-09-28T00:39:54Z</time>
			</trkpt>
			<trkpt lat="49.22965327815598" lon="-123.01200965546492">
				<ele>131.04380582924932</ele>
				<time>2026-09-28T00:39:55Z</time>
			</trkpt>
			<trkpt lat="49.229718815042766" lon="-123.01213965163173">
				<ele>131.04501815326512</ele>
				<time>2026-09-28T00:39:56Z</time>
			</trkpt>
			<trkpt lat="49.22977714608333" lon="-123.01226705729736">
				<ele>130.93778913654387</ele>
				<time>2026-09-28T00:39:57Z</time>
			</trkpt>
			<trkpt lat="49.22982426975431" lon="-123.01239809477653">
				<ele>130.67744574788958</ele>
				<time>2026-09-28T00:39:58Z</time>
			</trkpt>
			<trkpt lat="49.229860461400214" lon="-123.01250254340495">
				<ele>130.7549847299233</ele>
				<time>2026-09-28T00:39:59Z</time>
			</trkpt>
			<trkpt lat="49.22987567806261" lon="-123.01261007326002">
				<ele>130.74774416070431</ele>
				<time>2026-09-28T00:40:00Z</time>
			</trkpt>
			<trkpt lat="49.22987961981176" lon="-123.01269623046053">
				<ele>130.7249226141721</ele>
				<time>2026-09-28T00:40:01Z</time>
			</trkpt>
			<trkpt lat="49.22986921475308" lon="-123.01275986729554">
				<ele>130.67604061868042</ele>
				<time>2026-09-28T00:40:02Z</time>
			</trkpt>
			<trkpt lat="49.22987212965204" lon="-123.01281466616766">
				<ele>130.6719074016437</ele>
				<time>2026-09-28T00:40:03Z</time>
			</trkpt>
			<trkpt lat="49.22987615376736" lon="-123.0128536590833">
				<ele>130.52478389907628</ele>
				<time>2026-09-28T00:40:04Z</time>
			</trkpt>
			<trkpt lat="49.229900945135" lon="-123.01289192323857">
				<ele>130.689783802256</ele>
				<time>2026-09-28T00:40:05Z</time>
			</trkpt>
			<trkpt lat="49.22988710381024" lon="-123.01291110377095">
				<ele>130.61095614824444</ele>
				<time>2026-09-28T00:40:06Z</time>
			</trkpt>
			<trkpt lat="49.22987861123209" lon="-123.01293651614728">
				<ele>131.24656581226736</ele>
				<time>2026-09-28T00:40:12Z</time>
			</trkpt>
			<trkpt lat="49.22988017028323" lon="-123.01296582532001">
				<ele>130.79505123198032</ele>
				<time>2026-09-28T00:40:28Z</time>
			</trkpt>
			<trkpt lat="49.22988240826855" lon="-123.0130079321267">
				<ele>131.03525235690176</ele>
				<time>2026-09-28T00:40:34Z</time>
			</trkpt>
			<trkpt lat="49.229884164664874" lon="-123.01304095463338">
				<ele>131.09064673352987</ele>
				<time>2026-09-28T00:40:35Z</time>
			</trkpt>
			<trkpt lat="49.22988909547538" lon="-123.01308201610212">
				<ele>131.22716181539</ele>
				<time>2026-09-28T00:40:36Z</time>
			</trkpt>
			<trkpt lat="49.22989505662813" lon="-123.01312407737343">
				<ele>131.39805950131267</ele>
				<time>2026-09-28T00:40:37Z</time>
			</trkpt>
			<trkpt lat="49.22990330365724" lon="-123.01318311166922">
				<ele>131.4812778206542</ele>
				<time>2026-09-28T00:40:38Z</time>
			</trkpt>
			<trkpt lat="49.22991473171154" lon="-123.01325790729928">
				<ele>131.47584259789437</ele>
				<time>2026-09-28T00:40:39Z</time>
			</trkpt>
			<trkpt lat="49.230135375653795" lon="-123.01334690537993">
				<ele>131.6603794777766</ele>
				<time>2026-09-28T00:40:40Z</time>
			</trkpt>
			<trkpt lat="49.23018532833625" lon="-123.0134508389565">
				<ele>131.632677892223</ele>
				<time>2026-09-28T00:40:41Z</time>
			</trkpt>
			<trkpt lat="49.23023914330745" lon="-123.01356389412898">
				<ele>131.46321930922568</ele>
				<time>2026-09-28T00:40:42Z</time>
			</trkpt>
			<trkpt lat="49.23029697997869" lon="-123.01368968881636">
				<ele>131.05490030162036</ele>
				<time>2026-09-28T00:40:43Z</time>
			</trkpt>
			<trkpt lat="49.2303612199592" lon="-123.01382567694759">
				<ele>130.47740799281746</ele>
				<time>2026-09-28T00:40:44Z</time>
			</trkpt>
			<trkpt lat="49.230428002848996" lon="-123.01397396341764">
				<ele>129.89671968575567</ele>
				<time>2026-09-28T00:40:45Z</time>
			</trkpt>
			<trkpt lat="49.230501666973325" lon="-123.01412845015001">
				<ele>129.29315038211644</ele>
				<time>2026-09-28T00:40:46Z</time>
			</trkpt>
			<trkpt lat="49.23057692244261" lon="-123.0142983066933">
				<ele>128.80067180469632</ele>
				<time>2026-09-28T00:40:47Z</time>
			</trkpt>
			<trkpt lat="49.23065936074339" lon="-123.01447806942024">
				<ele>128.24276886601</ele>
				<time>2026-09-28T00:40:48Z</time>
			</trkpt>
			<trkpt lat="49.230752323352455" lon="-123.01467068558347">
				<ele>127.92781918030232</ele>
				<time>2026-09-28T00:40:49Z</time>
			</trkpt>
			<trkpt lat="49.2308439952589" lon="-123.01487165310662">
				<ele>127.43467614147812</ele>
				<time>2026-09-28T00:40:50Z</time>
			</trkpt>
			<trkpt lat="49.230938802143235" lon="-123.01508390454553">
				<ele>126.90619405917823</ele>
				<time>2026-09-28T00:40:51Z</time>
			</trkpt>
			<trkpt lat="49.23103955776229" lon="-123.0153047918379">
				<ele>126.24864771217108</ele>
				<time>2026-09-28T00:40:52Z</time>
			</trkpt>
			<trkpt lat="49.231141606727284" lon="-123.01553733064364">
				<ele>125.72867448907346</ele>
				<time>2026-09-28T00:40:53Z</time>
			</trkpt>
			<trkpt lat="49.23125270167419" lon="-123.01577527545521">
				<ele>124.79819289874285</ele>
				<time>2026-09-28T00:40:54Z</time>
			</trkpt>
			<trkpt lat="49.23136494042728" lon="-123.01602123152833">
				<ele>124.32975405920297</ele>
				<time>2026-09-28T00:40:55Z</time>
			</trkpt>
			<trkpt lat="49.23147996326296" lon="-123.01626772547621">
				<ele>123.84557936526835</ele>
				<time>2026-09-28T00:40:56Z</time>
			</trkpt>
			<trkpt lat="49.23159614240511" lon="-123.0165214055954">
				<ele>123.01279703248292</ele>
				<time>2026-09-28T00:40:57Z</time>
			</trkpt>
			<trkpt lat="49.23171052002878" lon="-123.01677300351179">
				<ele>122.27670044265687</ele>
				<time>2026-09-28T00:40:58Z</time>
			</trkpt>
			<trkpt lat="49.231824865035044" lon="-123.01702305111125">
				<ele>121.61756357550621</ele>
				<time>2026-09-28T00:40:59Z</time>
			</trkpt>
			<trkpt lat="49.231938970429404" lon="-123.0172725599672">
				<ele>121.03564073797315</ele>
				<time>2026-09-28T00:41:00Z</time>
			</trkpt>
			<trkpt lat="49.232054220564756" lon="-123.01752575471238">
				<ele>120.26859681867063</ele>
				<time>2026-09-28T00:41:01Z</time>
			</trkpt>
			<trkpt lat="49.23216946932211" lon="-123.01777828878078">
				<ele>119.62995006144047</ele>
				<time>2026-09-28T00:41:02Z</time>
			</trkpt>
			<trkpt lat="49.232282107321076" lon="-123.01802829402948">
				<ele>118.91477584373206</ele>
				<time>2026-09-28T00:41:03Z</time>
			</trkpt>
			<trkpt lat="49.23239696701642" lon="-123.01827843119023">
				<ele>118.3622592613101</ele>
				<time>2026-09-28T00:41:04Z</time>
			</trkpt>
			<trkpt lat="49.23251009188471" lon="-123.0185312578009">
				<ele>118.23968720529228</ele>
				<time>2026-09-28T00:41:05Z</time>
			</trkpt>
			<trkpt lat="49.23262388790088" lon="-123.01877642037834">
				<ele>118.19807925168425</ele>
				<time>2026-09-28T00:41:06Z</time>
			</trkpt>
			<trkpt lat="49.23273616559651" lon="-123.01902149623696">
				<ele>117.92360161803663</ele>
				<time>2026-09-28T00:41:07Z</time>
			</trkpt>
			<trkpt lat="49.23284699483993" lon="-123.01926771454605">
				<ele>117.98007422313094</ele>
				<time>2026-09-28T00:41:08Z</time>
			</trkpt>
			<trkpt lat="49.23295871390189" lon="-123.01951487943563">
				<ele>117.90588057413697</ele>
				<time>2026-09-28T00:41:09Z</time>
			</trkpt>
			<trkpt lat="49.23308957878619" lon="-123.01973745938975">
				<ele>117.68067205976695</ele>
				<time>2026-09-28T00:41:10Z</time>
			</trkpt>
			<trkpt lat="49.23323828282323" lon="-123.01989515125109">
				<ele>117.3357583610341</ele>
				<time>2026-09-28T00:41:11Z</time>
			</trkpt>
			<trkpt lat="49.233377261182" lon="-123.0199585009751">
				<ele>116.73372734803706</ele>
				<time>2026-09-28T00:41:12Z</time>
			</trkpt>
			<trkpt lat="49.23352331251562" lon="-123.02007096358714">
				<ele>115.65308604110032</ele>
				<time>2026-09-28T00:41:13Z</time>
			</trkpt>
			<trkpt lat="49.233665166605675" lon="-123.02019048862404">
				<ele>115.0710918949917</ele>
				<time>2026-09-28T00:41:14Z</time>
			</trkpt>
			<trkpt lat="49.233800696354834" lon="-123.02031672634577">
				<ele>114.36521236598492</ele>
				<time>2026-09-28T00:41:15Z</time>
			</trkpt>
			<trkpt lat="49.23369997946836" lon="-123.02131640152751">
				<ele>113.43123273178935</ele>
				<time>2026-09-28T00:41:16Z</time>
			</trkpt>
			<trkpt lat="49.23379703486702" lon="-123.02158500988455">
				<ele>112.64933289960027</ele>
				<time>2026-09-28T00:41:17Z</time>
			</trkpt>
			<trkpt lat="49.23389701095089" lon="-123.0218474600379">
				<ele>111.87449240777642</ele>
				<time>2026-09-28T00:41:18Z</time>
			</trkpt>
			<trkpt lat="49.23400018235872" lon="-123.02210807863715">
				<ele>110.87982857041061</ele>
				<time>2026-09-28T00:41:19Z</time>
			</trkpt>
			<trkpt lat="49.2341043074805" lon="-123.02236392381403">
				<ele>110.0365280918777</ele>
				<time>2026-09-28T00:41:20Z</time>
			</trkpt>
			<trkpt lat="49.234211132163715" lon="-123.02262187220742">
				<ele>109.20733411237597</ele>
				<time>2026-09-28T00:41:21Z</time>
			</trkpt>
			<trkpt lat="49.23432299263269" lon="-123.02287062452201">
				<ele>108.40510987117887</ele>
				<time>2026-09-28T00:41:22Z</time>
			</trkpt>
			<trkpt lat="49.23443709096768" lon="-123.02311860097694">
				<ele>107.45023940969259</ele>
				<time>2026-09-28T00:41:23Z</time>
			</trkpt>
			<trkpt lat="49.23455076969873" lon="-123.02336610374206">
				<ele>106.60344095341861</ele>
				<time>2026-09-28T00:41:24Z</time>
			</trkpt>
			<trkpt lat="49.234665187806826" lon="-123.02361624325681">
				<ele>105.71740736160427</ele>
				<time>2026-09-28T00:41:25Z</time>
			</trkpt>
			<trkpt lat="49.23478087296745" lon="-123.02386164227727">
				<ele>104.80386238917708</ele>
				<time>2026-09-28T00:41:26Z</time>
			</trkpt>
			<trkpt lat="49.23489398057789" lon="-123.02411337204036">
				<ele>103.63154273759574</ele>
				<time>2026-09-28T00:41:27Z</time>
			</trkpt>
			<trkpt lat="49.23500814848845" lon="-123.02436232998487">
				<ele>102.58445967547596</ele>
				<time>2026-09-28T00:41:28Z</time>
			</trkpt>
			<trkpt lat="49.235006768189194" lon="-123.02475054907029">
				<ele>102.06821245141327</ele>
				<time>2026-09-28T00:41:29Z</time>
			</trkpt>
			<trkpt lat="49.235122054731065" lon="-123.02498562934733">
				<ele>101.40031509380788</ele>
				<time>2026-09-28T00:41:30Z</time>
			</trkpt>
			<trkpt lat="49.235236742242876" lon="-123.02523273150553">
				<ele>100.82622317317873</ele>
				<time>2026-09-28T00:41:31Z</time>
			</trkpt>
			<trkpt lat="49.235351772873486" lon="-123.02548217026683">
				<ele>100.2807242050767</ele>
				<time>2026-09-28T00:41:32Z</time>
			</trkpt>
			<trkpt lat="49.235466525723915" lon="-123.0257308496837">
				<ele>99.99264053720981</ele>
				<time>2026-09-28T00:41:33Z</time>
			</trkpt>
			<trkpt lat="49.23557850413125" lon="-123.02597700311117">
				<ele>99.69358051382005</ele>
				<time>2026-09-28T00:41:34Z</time>
			</trkpt>
			<trkpt lat="49.235691245694994" lon="-123.02622553011476">
				<ele>99.09945576172322</ele>
				<time>2026-09-28T00:41:35Z</time>
			</trkpt>
			<trkpt lat="49.23580680498866" lon="-123.02647752756366">
				<ele>98.48258731048554</ele>
				<time>2026-09-28T00:41:36Z</time>
			</trkpt>
			<trkpt lat="49.23592152599054" lon="-123.02672808154297">
				<ele>97.98402053676546</ele>
				<time>2026-09-28T00:41:37Z</time>
			</trkpt>
			<trkpt lat="49.23603628845407" lon="-123.02697872610379">
				<ele>97.1798241250217</ele>
				<time>2026-09-28T00:41:38Z</time>
			</trkpt>
			<trkpt lat="49.2361473306853" lon="-123.02722124577649">
				<ele>97.33671470172703</ele>
				<time>2026-09-28T00:41:39Z</time>
			</trkpt>
			<trkpt lat="49.23626139929002" lon="-123.0274694708436">
				<ele>96.66867234557867</ele>
				<time>2026-09-28T00:41:40Z</time>
			</trkpt>
			<trkpt lat="49.236375340775126" lon="-123.02771691269571">
				<ele>96.3868914861232</ele>
				<time>2026-09-28T00:41:41Z</time>
			</trkpt>
			<trkpt lat="49.236488866553906" lon="-123.02796345177751">
				<ele>96.60818382631987</ele>
				<time>2026-09-28T00:41:42Z</time>
			</trkpt>
			<trkpt lat="49.236602528497535" lon="-123.02821164749211">
				<ele>96.92370623443276</ele>
				<time>2026-09-28T00:41:43Z</time>
			</trkpt>
			<trkpt lat="49.236715979765776" lon="-123.0284598032639">
				<ele>97.26920547802001</ele>
				<time>2026-09-28T00:41:44Z</time>
			</trkpt>
			<trkpt lat="49.23682777550925" lon="-123.02870438111138">
				<ele>97.68135393969715</ele>
				<time>2026-09-28T00:41:45Z</time>
			</trkpt>
			<trkpt lat="49.23694119800936" lon="-123.028950724445">
				<ele>98.32210024818778</ele>
				<time>2026-09-28T00:41:46Z</time>
			</trkpt>
			<trkpt lat="49.23705435727543" lon="-123.02919556826174">
				<ele>98.86598811391741</ele>
				<time>2026-09-28T00:41:47Z</time>
			</trkpt>
			<trkpt lat="49.237168571647004" lon="-123.02944293262172">
				<ele>99.23016687575728</ele>
				<time>2026-09-28T00:41:48Z</time>
			</trkpt>
			<trkpt lat="49.2372725426249" lon="-123.02967727073305">
				<ele>99.83960605040193</ele>
				<time>2026-09-28T00:41:49Z</time>
			</trkpt>
			<trkpt lat="49.23737400488499" lon="-123.0299151740957">
				<ele>99.83757928665727</ele>
				<time>2026-09-28T00:41:50Z</time>
			</trkpt>
			<trkpt lat="49.23746432813923" lon="-123.03013449312061">
				<ele>100.18984631821513</ele>
				<time>2026-09-28T00:41:51Z</time>
			</trkpt>
			<trkpt lat="49.23755230273512" lon="-123.03034969916952">
				<ele>100.4605400133878</ele>
				<time>2026-09-28T00:41:52Z</time>
			</trkpt>
			<trkpt lat="49.237637970918726" lon="-123.03056080992434">
				<ele>100.5699068447575</ele>
				<time>2026-09-28T00:41:53Z</time>
			</trkpt>
			<trkpt lat="49.23771894805907" lon="-123.03075348387662">
				<ele>100.79477036651224</ele>
				<time>2026-09-28T00:41:54Z</time>
			</trkpt>
			<trkpt lat="49.23780352259351" lon="-123.03094522778662">
				<ele>100.85443164687604</ele>
				<time>2026-09-28T00:41:55Z</time>
			</trkpt>
			<trkpt lat="49.23789595666284" lon="-123.03112729039292">
				<ele>100.85579142719507</ele>
				<time>2026-09-28T00:41:56Z</time>
			</trkpt>
			<trkpt lat="49.237969612203024" lon="-123.03126779881909">
				<ele>100.81100377999246</ele>
				<time>2026-09-28T00:41:57Z</time>
			</trkpt>
			<trkpt lat="49.23804198843792" lon="-123.03140890571451">
				<ele>100.55681600049138</ele>
				<time>2026-09-28T00:41:58Z</time>
			</trkpt>
			<trkpt lat="49.238107770864616" lon="-123.03153714085578">
				<ele>100.38617782853544</ele>
				<time>2026-09-28T00:41:59Z</time>
			</trkpt>
			<trkpt lat="49.23816533729412" lon="-123.03165378283666">
				<ele>100.2049715956673</ele>
				<time>2026-09-28T00:42:00Z</time>
			</trkpt>
			<trkpt lat="49.23822093076265" lon="-123.03176873802215">
				<ele>99.98705378454179</ele>
				<time>2026-09-28T00:42:01Z</time>
			</trkpt>
			<trkpt lat="49.238272331076686" lon="-123.03187501880171">
				<ele>99.86137534212321</ele>
				<time>2026-09-28T00:42:02Z</time>
			</trkpt>
			<trkpt lat="49.238315940787764" lon="-123.03196834055684">
				<ele>99.79826336354017</ele>
				<time>2026-09-28T00:42:03Z</time>
			</trkpt>
			<trkpt lat="49.23835262321177" lon="-123.0320432822182">
				<ele>99.66714410856366</ele>
				<time>2026-09-28T00:42:04Z</time>
			</trkpt>
			<trkpt lat="49.238381900107825" lon="-123.03210352230592">
				<ele>99.59363497514278</ele>
				<time>2026-09-28T00:42:05Z</time>
			</trkpt>
			<trkpt lat="49.238403015356695" lon="-123.03215196202602">
				<ele>99.55898055713624</ele>
				<time>2026-09-28T00:42:06Z</time>
			</trkpt>
			<trkpt lat="49.238425463633206" lon="-123.03220346103707">
				<ele>99.43048880062997</ele>
				<time>2026-09-28T00:42:07Z</time>
			</trkpt>
			<trkpt lat="49.23844456480934" lon="-123.03224690238096">
				<ele>99.47847052197903</ele>
				<time>2026-09-28T00:42:08Z</time>
			</trkpt>
			<trkpt lat="49.238458862826086" lon="-123.0322812030076">
				<ele>99.46463290043175</ele>
				<time>2026-09-28T00:42:09Z</time>
			</trkpt>
			<trkpt lat="49.23847080036441" lon="-123.03230984121004">
				<ele>99.38990077003837</ele>
				<time>2026-09-28T00:42:10Z</time>
			</trkpt>
			<trkpt lat="49.238480555021965" lon="-123.0323332426475">
				<ele>99.8968383250758</ele>
				<time>2026-09-28T00:42:13Z</time>
			</trkpt>
			<trkpt lat="49.23849752875199" lon="-123.03237396275051">
				<ele>100.3261008290574</ele>
				<time>2026-09-28T00:42:38Z</time>
			</trkpt>
			<trkpt lat="49.23851479820807" lon="-123.03241539154932">
				<ele>100.40570110734552</ele>
				<time>2026-09-28T00:42:39Z</time>
			</trkpt>
			<trkpt lat="49.23853401337236" lon="-123.03246148661351">
				<ele>100.49721273779869</ele>
				<time>2026-09-28T00:42:40Z</time>
			</trkpt>
			<trkpt lat="49.23855591506102" lon="-123.03251402624494">
				<ele>100.56707184854895</ele>
				<time>2026-09-28T00:42:41Z</time>
			</trkpt>
			<trkpt lat="49.238559713146955" lon="-123.03259257655837">
				<ele>100.72729765344411</ele>
				<time>2026-09-28T00:42:42Z</time>
			</trkpt>
			<trkpt lat="49.238591856619294" lon="-123.03266900857099">
				<ele>100.9536162391305</ele>
				<time>2026-09-28T00:42:43Z</time>
			</trkpt>
			<trkpt lat="49.238629181927976" lon="-123.03275776232101">
				<ele>101.2063198396936</ele>
				<time>2026-09-28T00:42:44Z</time>
			</trkpt>
			<trkpt lat="49.23868328881317" lon="-123.0328848382082">
				<ele>100.87372607551515</ele>
				<time>2026-09-28T00:42:45Z</time>
			</trkpt>
			<trkpt lat="49.23873897249544" lon="-123.03301275707558">
				<ele>100.950483225286</ele>
				<time>2026-09-28T00:42:46Z</time>
			</trkpt>
			<trkpt lat="49.23879399640163" lon="-123.03313915730467">
				<ele>101.05601404514164</ele>
				<time>2026-09-28T00:42:47Z</time>
			</trkpt>
			<trkpt lat="49.238849966666486" lon="-123.03327768315938">
				<ele>101.00285254511982</ele>
				<time>2026-09-28T00:42:48Z</time>
			</trkpt>
			<trkpt lat="49.238914247862134" lon="-123.03343290180635">
				<ele>100.95370527170599</ele>
				<time>2026-09-28T00:42:49Z</time>
			</trkpt>
			<trkpt lat="49.23898726213866" lon="-123.03360024401573">
				<ele>100.84762332774699</ele>
				<time>2026-09-28T00:42:50Z</time>
			</trkpt>
			<trkpt lat="49.23905704298279" lon="-123.03375874806186">
				<ele>100.8108072411269</ele>
				<time>2026-09-28T00:42:51Z</time>
			</trkpt>
			<trkpt lat="49.23914332407977" lon="-123.03389112397558">
				<ele>100.93183880764991</ele>
				<time>2026-09-28T00:42:52Z</time>
			</trkpt>
			<trkpt lat="49.239207579189056" lon="-123.03404645538664">
				<ele>100.94961347710341</ele>
				<time>2026-09-28T00:42:53Z</time>
			</trkpt>
			<trkpt lat="49.23927067197273" lon="-123.03419897746954">
				<ele>100.91600711457431</ele>
				<time>2026-09-28T00:42:54Z</time>
			</trkpt>
			<trkpt lat="49.23933636995321" lon="-123.0343577975267">
				<ele>100.88044547103345</ele>
				<time>2026-09-28T00:42:55Z</time>
			</trkpt>
			<trkpt lat="49.23940038106205" lon="-123.03451253988658">
				<ele>100.89615678414702</ele>
				<time>2026-09-28T00:42:56Z</time>
			</trkpt>
			<trkpt lat="49.239464087164016" lon="-123.03466654461118">
				<ele>100.87046258058399</ele>
				<time>2026-09-28T00:42:57Z</time>
			</trkpt>
			<trkpt lat="49.23952734904618" lon="-123.03481945498936">
				<ele>100.86839343141764</ele>
				<time>2026-09-28T00:42:58Z</time>
			</trkpt>
			<trkpt lat="49.23959283010567" lon="-123.0349777253747">
				<ele>100.83390710875392</ele>
				<time>2026-09-28T00:42:59Z</time>
			</trkpt>
			<trkpt lat="49.23965945404151" lon="-123.0351408009385">
				<ele>100.66873299423605</ele>
				<time>2026-09-28T00:43:00Z</time>
			</trkpt>
			<trkpt lat="49.239724467149074" lon="-123.03530043277928">
				<ele>100.96448840107769</ele>
				<time>2026-09-28T00:43:01Z</time>
			</trkpt>
			<trkpt lat="49.23978927888666" lon="-123.0354595702587">
				<ele>101.12554511148483</ele>
				<time>2026-09-28T00:43:02Z</time>
			</trkpt>
			<trkpt lat="49.239855860777695" lon="-123.03561946205733">
				<ele>101.33518736064434</ele>
				<time>2026-09-28T00:43:03Z</time>
			</trkpt>
			<trkpt lat="49.239923412333724" lon="-123.03578080127305">
				<ele>101.38218112662435</ele>
				<time>2026-09-28T00:43:04Z</time>
			</trkpt>
			<trkpt lat="49.239988331886074" lon="-123.03593770628216">
				<ele>101.64913165848702</ele>
				<time>2026-09-28T00:43:05Z</time>
			</trkpt>
			<trkpt lat="49.24005398260617" lon="-123.03609875034599">
				<ele>101.8733335044235</ele>
				<time>2026-09-28T00:43:06Z</time>
			</trkpt>
			<trkpt lat="49.24011943998766" lon="-123.0362620025453">
				<ele>102.03753765765578</ele>
				<time>2026-09-28T00:43:07Z</time>
			</trkpt>
			<trkpt lat="49.240183686676396" lon="-123.0364230719975">
				<ele>102.35522388853133</ele>
				<time>2026-09-28T00:43:08Z</time>
			</trkpt>
			<trkpt lat="49.24024761489889" lon="-123.03658312403383">
				<ele>102.46472344361246</ele>
				<time>2026-09-28T00:43:09Z</time>
			</trkpt>
			<trkpt lat="49.240311847114036" lon="-123.03674370877002">
				<ele>102.62057963386178</ele>
				<time>2026-09-28T00:43:10Z</time>
			</trkpt>
			<trkpt lat="49.24037406314703" lon="-123.03690447694711">
				<ele>102.71734025329351</ele>
				<time>2026-09-28T00:43:11Z</time>
			</trkpt>
			<trkpt lat="49.240439507947904" lon="-123.0370682835452">
				<ele>102.79063387773931</ele>
				<time>2026-09-28T00:43:12Z</time>
			</trkpt>
			<trkpt lat="49.24050544262352" lon="-123.03723131426909">
				<ele>102.86815506219864</ele>
				<time>2026-09-28T00:43:13Z</time>
			</trkpt>
			<trkpt lat="49.24057111092048" lon="-123.0373915753749">
				<ele>102.83600877318531</ele>
				<time>2026-09-28T00:43:14Z</time>
			</trkpt>
			<trkpt lat="49.24063941067066" lon="-123.03755256134254">
				<ele>102.98642872925848</ele>
				<time>2026-09-28T00:43:15Z</time>
			</trkpt>
			<trkpt lat="49.240710225656294" lon="-123.03771124142278">
				<ele>102.60541376657784</ele>
				<time>2026-09-28T00:43:16Z</time>
			</trkpt>
			<trkpt lat="49.24077548768601" lon="-123.0378648091437">
				<ele>102.13790875673294</ele>
				<time>2026-09-28T00:43:17Z</time>
			</trkpt>
			<trkpt lat="49.240840391785916" lon="-123.03802533604436">
				<ele>101.60745279677212</ele>
				<time>2026-09-28T00:43:18Z</time>
			</trkpt>
			<trkpt lat="49.240904854321855" lon="-123.0381869524211">
				<ele>101.07901384029537</ele>
				<time>2026-09-28T00:43:19Z</time>
			</trkpt>
			<trkpt lat="49.240970816359514" lon="-123.03835120427654">
				<ele>100.73237570095807</ele>
				<time>2026-09-28T00:43:20Z</time>
			</trkpt>
			<trkpt lat="49.24103686537231" lon="-123.03851467490318">
				<ele>100.51621295697987</ele>
				<time>2026-09-28T00:43:21Z</time>
			</trkpt>
			<trkpt lat="49.24110451215038" lon="-123.03867839671557">
				<ele>100.20913451723754</ele>
				<time>2026-09-28T00:43:22Z</time>
			</trkpt>
			<trkpt lat="49.24117159452701" lon="-123.03883784693721">
				<ele>99.96129218954593</ele>
				<time>2026-09-28T00:43:23Z</time>
			</trkpt>
			<trkpt lat="49.241237050670144" lon="-123.03899515364492">
				<ele>99.92507731821388</ele>
				<time>2026-09-28T00:43:24Z</time>
			</trkpt>
			<trkpt lat="49.24129957948523" lon="-123.03915403784058">
				<ele>100.0489053465426</ele>
				<time>2026-09-28T00:43:25Z</time>
			</trkpt>
			<trkpt lat="49.24136170044197" lon="-123.03931475600099">
				<ele>100.0616849642247</ele>
				<time>2026-09-28T00:43:26Z</time>
			</trkpt>
			<trkpt lat="49.241424263947934" lon="-123.03947631854874">
				<ele>100.15958664473146</ele>
				<time>2026-09-28T00:43:27Z</time>
			</trkpt>
			<trkpt lat="49.24148748315388" lon="-123.03963854770677">
				<ele>100.00690655875951</ele>
				<time>2026-09-28T00:43:28Z</time>
			</trkpt>
			<trkpt lat="49.24155097805283" lon="-123.03980148813946">
				<ele>99.96921040397137</ele>
				<time>2026-09-28T00:43:29Z</time>
			</trkpt>
			<trkpt lat="49.24161785272826" lon="-123.03996406061373">
				<ele>99.88561419118196</ele>
				<time>2026-09-28T00:43:30Z</time>
			</trkpt>
			<trkpt lat="49.2416844918415" lon="-123.04012462452333">
				<ele>99.78448182810098</ele>
				<time>2026-09-28T00:43:31Z</time>
			</trkpt>
			<trkpt lat="49.24175029649816" lon="-123.04028340891175">
				<ele>99.59421361982822</ele>
				<time>2026-09-28T00:43:32Z</time>
			</trkpt>
			<trkpt lat="49.2418165301547" lon="-123.04044307076485">
				<ele>99.35214239172637</ele>
				<time>2026-09-28T00:43:33Z</time>
			</trkpt>
			<trkpt lat="49.2418827750762" lon="-123.04060253209312">
				<ele>99.10064149368554</ele>
				<time>2026-09-28T00:43:34Z</time>
			</trkpt>
			<trkpt lat="49.241948974110244" lon="-123.040759747879">
				<ele>98.82063687499613</ele>
				<time>2026-09-28T00:43:35Z</time>
			</trkpt>
			<trkpt lat="49.24201590040892" lon="-123.04092067944762">
				<ele>98.44452765397727</ele>
				<time>2026-09-28T00:43:36Z</time>
			</trkpt>
			<trkpt lat="49.2420837627298" lon="-123.0410805597194">
				<ele>97.91363924834877</ele>
				<time>2026-09-28T00:43:37Z</time>
			</trkpt>
			<trkpt lat="49.242152295614986" lon="-123.04123928829871">
				<ele>97.33014564961195</ele>
				<time>2026-09-28T00:43:38Z</time>
			</trkpt>
			<trkpt lat="49.242220738549996" lon="-123.041397531318">
				<ele>96.76762713026255</ele>
				<time>2026-09-28T00:43:39Z</time>
			</trkpt>
			<trkpt lat="49.24228578842601" lon="-123.04155713587016">
				<ele>96.17311132978648</ele>
				<time>2026-09-28T00:43:40Z</time>
			</trkpt>
			<trkpt lat="49.24235085662473" lon="-123.04171774489524">
				<ele>95.54406791366637</ele>
				<time>2026-09-28T00:43:41Z</time>
			</trkpt>
			<trkpt lat="49.24241668881419" lon="-123.04187957426153">
				<ele>95.03744824416935</ele>
				<time>2026-09-28T00:43:42Z</time>
			</trkpt>
			<trkpt lat="49.24248261144378" lon="-123.04204094806325">
				<ele>94.36295695137233</ele>
				<time>2026-09-28T00:43:43Z</time>
			</trkpt>
			<trkpt lat="49.24254816996931" lon="-123.04220192348306">
				<ele>93.64581814035773</ele>
				<time>2026-09-28T00:43:44Z</time>
			</trkpt>
			<trkpt lat="49.242615007033066" lon="-123.04236444651097">
				<ele>92.9940905161202</ele>
				<time>2026-09-28T00:43:45Z</time>
			</trkpt>
			<trkpt lat="49.242682485027494" lon="-123.04252378253523">
				<ele>92.2046095924452</ele>
				<time>2026-09-28T00:43:46Z</time>
			</trkpt>
			<trkpt lat="49.242747324577316" lon="-123.04268060083164">
				<ele>91.67033089976758</ele>
				<time>2026-09-28T00:43:47Z</time>
			</trkpt>
			<trkpt lat="49.24281080603508" lon="-123.04284165813704">
				<ele>91.21422404143959</ele>
				<time>2026-09-28T00:43:48Z</time>
			</trkpt>
			<trkpt lat="49.2428763297525" lon="-123.04300530778625">
				<ele>90.60268589574844</ele>
				<time>2026-09-28T00:43:49Z</time>
			</trkpt>
			<trkpt lat="49.242942525998465" lon="-123.04316656890708">
				<ele>90.20626096706837</ele>
				<time>2026-09-28T00:43:50Z</time>
			</trkpt>
			<trkpt lat="49.243008522157254" lon="-123.04332734258622">
				<ele>89.7816701438278</ele>
				<time>2026-09-28T00:43:51Z</time>
			</trkpt>
			<trkpt lat="49.2430743544731" lon="-123.043487443048">
				<ele>89.38156491424888</ele>
				<time>2026-09-28T00:43:52Z</time>
			</trkpt>
			<trkpt lat="49.24314011008543" lon="-123.04364566735296">
				<ele>89.02678548078984</ele>
				<time>2026-09-28T00:43:53Z</time>
			</trkpt>
			<trkpt lat="49.24320443757359" lon="-123.04380218522866">
				<ele>88.63507037889212</ele>
				<time>2026-09-28T00:43:54Z</time>
			</trkpt>
			<trkpt lat="49.243269140629614" lon="-123.04395970308262">
				<ele>88.69192242063582</ele>
				<time>2026-09-28T00:43:55Z</time>
			</trkpt>
			<trkpt lat="49.24333140739286" lon="-123.04411121054198">
				<ele>88.82059319317341</ele>
				<time>2026-09-28T00:43:56Z</time>
			</trkpt>
			<trkpt lat="49.243395608693326" lon="-123.04426741987936">
				<ele>88.84132288489491</ele>
				<time>2026-09-28T00:43:57Z</time>
			</trkpt>
			<trkpt lat="49.243456807535125" lon="-123.04441552546837">
				<ele>88.90112222451717</ele>
				<time>2026-09-28T00:43:58Z</time>
			</trkpt>
			<trkpt lat="49.24351628946438" lon="-123.04455977224751">
				<ele>88.98524813633412</ele>
				<time>2026-09-28T00:43:59Z</time>
			</trkpt>
			<trkpt lat="49.24357284289443" lon="-123.0446969138953">
				<ele>89.11143120005727</ele>
				<time>2026-09-28T00:44:00Z</time>
			</trkpt>
			<trkpt lat="49.24362711793693" lon="-123.0448284617177">
				<ele>89.0123562021181</ele>
				<time>2026-09-28T00:44:01Z</time>
			</trkpt>
			<trkpt lat="49.24367577019945" lon="-123.0449539497643">
				<ele>88.8171509495005</ele>
				<time>2026-09-28T00:44:02Z</time>
			</trkpt>
			<trkpt lat="49.24372090126513" lon="-123.045070356417">
				<ele>88.55123481806368</ele>
				<time>2026-09-28T00:44:03Z</time>
			</trkpt>
			<trkpt lat="49.243766710769336" lon="-123.04518882331864">
				<ele>88.21747276838869</ele>
				<time>2026-09-28T00:44:04Z</time>
			</trkpt>
			<trkpt lat="49.243810161571545" lon="-123.04530139467444">
				<ele>87.87268017511815</ele>
				<time>2026-09-28T00:44:05Z</time>
			</trkpt>
			<trkpt lat="49.24385173528959" lon="-123.04540910292414">
				<ele>87.6184096261859</ele>
				<time>2026-09-28T00:44:06Z</time>
			</trkpt>
			<trkpt lat="49.24389471635149" lon="-123.04552045728582">
				<ele>87.18523235432804</ele>
				<time>2026-09-28T00:44:07Z</time>
			</trkpt>
			<trkpt lat="49.243934443514235" lon="-123.04562338152505">
				<ele>87.15320267528296</ele>
				<time>2026-09-28T00:44:08Z</time>
			</trkpt>
			<trkpt lat="49.244120731154865" lon="-123.0455785097438">
				<ele>87.1813691034913</ele>
				<time>2026-09-28T00:44:09Z</time>
			</trkpt>
			<trkpt lat="49.24415820398794" lon="-123.04566314830171">
				<ele>87.04112326074392</ele>
				<time>2026-09-28T00:44:10Z</time>
			</trkpt>
			<trkpt lat="49.244189645388424" lon="-123.04573500336681">
				<ele>86.98247886542231</ele>
				<time>2026-09-28T00:44:11Z</time>
			</trkpt>
			<trkpt lat="49.24422275842614" lon="-123.04580733515944">
				<ele>86.92700610123575</ele>
				<time>2026-09-28T00:44:12Z</time>
			</trkpt>
			<trkpt lat="49.24425115960085" lon="-123.04587905536758">
				<ele>87.04659503977746</ele>
				<time>2026-09-28T00:44:13Z</time>
			</trkpt>
			<trkpt lat="49.24427549626353" lon="-123.04594797439476">
				<ele>86.9642338771373</ele>
				<time>2026-09-28T00:44:14Z</time>
			</trkpt>
			<trkpt lat="49.24429612683476" lon="-123.04600989822617">
				<ele>86.89402562566102</ele>
				<time>2026-09-28T00:44:15Z</time>
			</trkpt>
			<trkpt lat="49.24431071746189" lon="-123.04606511958687">
				<ele>86.9386170739308</ele>
				<time>2026-09-28T00:44:16Z</time>
			</trkpt>
			<trkpt lat="49.24431774155739" lon="-123.04610608343475">
				<ele>87.07429053075612</ele>
				<time>2026-09-28T00:44:17Z</time>
			</trkpt>
			<trkpt lat="49.24433598552307" lon="-123.04614578169429">
				<ele>87.20227222889662</ele>
				<time>2026-09-28T00:44:18Z</time>
			</trkpt>
			<trkpt lat="49.244347206010616" lon="-123.04618063332448">
				<ele>87.36679069139063</ele>
				<time>2026-09-28T00:44:19Z</time>
			</trkpt>
			<trkpt lat="49.2443586767331" lon="-123.04621029716287">
				<ele>87.4883400797844</ele>
				<time>2026-09-28T00:44:20Z</time>
			</trkpt>
			<trkpt lat="49.24436839409915" lon="-123.04623585387611">
				<ele>87.79245834704489</ele>
				<time>2026-09-28T00:44:21Z</time>
			</trkpt>
			<trkpt lat="49.24438384610105" lon="-123.0462705155566">
				<ele>87.97290407121181</ele>
				<time>2026-09-28T00:44:23Z</time>
			</trkpt>
			<trkpt lat="49.244367313845935" lon="-123.04625608778032">
				<ele>88.66638549044728</ele>
				<time>2026-09-28T00:44:30Z</time>
			</trkpt>
			<trkpt lat="49.244353317031184" lon="-123.04622262161566">
				<ele>88.71310675889254</ele>
				<time>2026-09-28T00:44:31Z</time>
			</trkpt>
			<trkpt lat="49.24432737053051" lon="-123.04622267603578">
				<ele>87.5113534796983</ele>
				<time>2026-09-28T00:44:38Z</time>
			</trkpt>
			<trkpt lat="49.24435940010055" lon="-123.04617571093776">
				<ele>84.84043367858976</ele>
				<time>2026-09-28T00:44:48Z</time>
			</trkpt>
			<trkpt lat="49.244372207399465" lon="-123.04622074251006">
				<ele>87.21768169850111</ele>
				<time>2026-09-28T00:44:50Z</time>
			</trkpt>
			<trkpt lat="49.244381074721446" lon="-123.0462575521708">
				<ele>87.67751899641007</ele>
				<time>2026-09-28T00:44:51Z</time>
			</trkpt>
			<trkpt lat="49.24439511237353" lon="-123.04631296949515">
				<ele>88.18364541325718</ele>
				<time>2026-09-28T00:44:52Z</time>
			</trkpt>
			<trkpt lat="49.24441750200602" lon="-123.04638547585333">
				<ele>88.37734553683549</ele>
				<time>2026-09-28T00:44:53Z</time>
			</trkpt>
			<trkpt lat="49.244485793884984" lon="-123.04651364011968">
				<ele>88.13441793713719</ele>
				<time>2026-09-28T00:44:54Z</time>
			</trkpt>
			<trkpt lat="49.244515477491944" lon="-123.04661671963478">
				<ele>88.38146882131696</ele>
				<time>2026-09-28T00:44:55Z</time>
			</trkpt>
			<trkpt lat="49.24455111051904" lon="-123.04673563433597">
				<ele>88.3481779191643</ele>
				<time>2026-09-28T00:44:56Z</time>
			</trkpt>
			<trkpt lat="49.24459909384881" lon="-123.04686709797534">
				<ele>88.40979234594852</ele>
				<time>2026-09-28T00:44:57Z</time>
			</trkpt>
			<trkpt lat="49.24464361371388" lon="-123.04700551935795">
				<ele>88.27285417728126</ele>
				<time>2026-09-28T00:44:58Z</time>
			</trkpt>
			<trkpt lat="49.244694774464065" lon="-123.04715537775334">
				<ele>88.37327262759209</ele>
				<time>2026-09-28T00:44:59Z</time>
			</trkpt>
			<trkpt lat="49.244748657984395" lon="-123.04731329500326">
				<ele>88.434330124408</ele>
				<time>2026-09-28T00:45:00Z</time>
			</trkpt>
			<trkpt lat="49.244812706158" lon="-123.04748459251684">
				<ele>88.34048576746136</ele>
				<time>2026-09-28T00:45:01Z</time>
			</trkpt>
			<trkpt lat="49.244881590184626" lon="-123.04765587233989">
				<ele>88.23638461437076</ele>
				<time>2026-09-28T00:45:02Z</time>
			</trkpt>
			<trkpt lat="49.244961689214534" lon="-123.04786006749981">
				<ele>87.94080238323659</ele>
				<time>2026-09-28T00:45:03Z</time>
			</trkpt>
			<trkpt lat="49.245049702775844" lon="-123.04812207028273">
				<ele>87.60837477073073</ele>
				<time>2026-09-28T00:45:04Z</time>
			</trkpt>
			<trkpt lat="49.24514264045369" lon="-123.0483489527913">
				<ele>87.14107091911137</ele>
				<time>2026-09-28T00:45:05Z</time>
			</trkpt>
			<trkpt lat="49.245235097078854" lon="-123.04857886825607">
				<ele>86.6573255667463</ele>
				<time>2026-09-28T00:45:06Z</time>
			</trkpt>
			<trkpt lat="49.245328553078934" lon="-123.04881651319708">
				<ele>86.1618120688945</ele>
				<time>2026-09-28T00:45:07Z</time>
			</trkpt>
			<trkpt lat="49.24543972450251" lon="-123.04906282227219">
				<ele>85.28263269364834</ele>
				<time>2026-09-28T00:45:08Z</time>
			</trkpt>
			<trkpt lat="49.2455513912778" lon="-123.04933074506191">
				<ele>84.73976769298315</ele>
				<time>2026-09-28T00:45:09Z</time>
			</trkpt>
			<trkpt lat="49.245684567386235" lon="-123.04956490705929">
				<ele>83.7351988600567</ele>
				<time>2026-09-28T00:45:10Z</time>
			</trkpt>
			<trkpt lat="49.24579988019681" lon="-123.04981508804461">
				<ele>83.49548086803406</ele>
				<time>2026-09-28T00:45:11Z</time>
			</trkpt>
			<trkpt lat="49.24591732813392" lon="-123.05006544850936">
				<ele>83.42437524255365</ele>
				<time>2026-09-28T00:45:12Z</time>
			</trkpt>
			<trkpt lat="49.24608266505856" lon="-123.05024356359803">
				<ele>82.8825878566131</ele>
				<time>2026-09-28T00:45:13Z</time>
			</trkpt>
			<trkpt lat="49.24618956601861" lon="-123.05044633715542">
				<ele>82.42259127832949</ele>
				<time>2026-09-28T00:45:14Z</time>
			</trkpt>
			<trkpt lat="49.246340023776796" lon="-123.05065690484666">
				<ele>81.84374007210135</ele>
				<time>2026-09-28T00:45:15Z</time>
			</trkpt>
			<trkpt lat="49.24644205329606" lon="-123.05091616008588">
				<ele>81.45093936752528</ele>
				<time>2026-09-28T00:45:16Z</time>
			</trkpt>
			<trkpt lat="49.246536284553905" lon="-123.05113768598824">
				<ele>81.71653358452022</ele>
				<time>2026-09-28T00:45:17Z</time>
			</trkpt>
			<trkpt lat="49.246635753590866" lon="-123.0513296977898">
				<ele>81.6225939374417</ele>
				<time>2026-09-28T00:45:18Z</time>
			</trkpt>
			<trkpt lat="49.246745262343595" lon="-123.05145193493163">
				<ele>81.67457451485097</ele>
				<time>2026-09-28T00:45:19Z</time>
			</trkpt>
			<trkpt lat="49.24686243401155" lon="-123.05152258551043">
				<ele>81.51730137318373</ele>
				<time>2026-09-28T00:45:20Z</time>
			</trkpt>
			<trkpt lat="49.24698436094288" lon="-123.05176021070552">
				<ele>81.89196927193552</ele>
				<time>2026-09-28T00:45:21Z</time>
			</trkpt>
			<trkpt lat="49.24686142891571" lon="-123.05234895895747">
				<ele>81.42320040985942</ele>
				<time>2026-09-28T00:45:22Z</time>
			</trkpt>
			<trkpt lat="49.24694207420429" lon="-123.05255592191848">
				<ele>79.17687058262527</ele>
				<time>2026-09-28T00:45:23Z</time>
			</trkpt>
			<trkpt lat="49.24702788156515" lon="-123.0527441187762">
				<ele>77.49278973042965</ele>
				<time>2026-09-28T00:45:24Z</time>
			</trkpt>
			<trkpt lat="49.24710657061331" lon="-123.05292555453197">
				<ele>76.1851597148925</ele>
				<time>2026-09-28T00:45:25Z</time>
			</trkpt>
			<trkpt lat="49.247183947123574" lon="-123.05310768548047">
				<ele>74.93891455419362</ele>
				<time>2026-09-28T00:45:26Z</time>
			</trkpt>
			<trkpt lat="49.247259541729115" lon="-123.05329556925564">
				<ele>73.97122377622873</ele>
				<time>2026-09-28T00:45:27Z</time>
			</trkpt>
			<trkpt lat="49.24732929719831" lon="-123.05346733956276">
				<ele>73.07818789407611</ele>
				<time>2026-09-28T00:45:28Z</time>
			</trkpt>
			<trkpt lat="49.247398574497296" lon="-123.05363443622257">
				<ele>72.38380812015384</ele>
				<time>2026-09-28T00:45:29Z</time>
			</trkpt>
			<trkpt lat="49.24746272457375" lon="-123.05379369025992">
				<ele>72.12461589090526</ele>
				<time>2026-09-28T00:45:30Z</time>
			</trkpt>
			<trkpt lat="49.247528734319474" lon="-123.05394553594174">
				<ele>71.76832380797714</ele>
				<time>2026-09-28T00:45:31Z</time>
			</trkpt>
			<trkpt lat="49.24759323617418" lon="-123.05409104070019">
				<ele>71.19422732945532</ele>
				<time>2026-09-28T00:45:32Z</time>
			</trkpt>
			<trkpt lat="49.24765564604278" lon="-123.05423380830356">
				<ele>70.77589570637792</ele>
				<time>2026-09-28T00:45:33Z</time>
			</trkpt>
			<trkpt lat="49.247715237707716" lon="-123.05437009579882">
				<ele>70.34482925850898</ele>
				<time>2026-09-28T00:45:34Z</time>
			</trkpt>
			<trkpt lat="49.247769707942055" lon="-123.05450204590211">
				<ele>70.01736274454743</ele>
				<time>2026-09-28T00:45:35Z</time>
			</trkpt>
			<trkpt lat="49.2478257504836" lon="-123.05462703372801">
				<ele>69.7601302685216</ele>
				<time>2026-09-28T00:45:36Z</time>
			</trkpt>
			<trkpt lat="49.247878089472" lon="-123.05474851440269">
				<ele>69.47126501332968</ele>
				<time>2026-09-28T00:45:37Z</time>
			</trkpt>
			<trkpt lat="49.247929808198506" lon="-123.05485949135449">
				<ele>69.29056058451533</ele>
				<time>2026-09-28T00:45:38Z</time>
			</trkpt>
			<trkpt lat="49.24797403574704" lon="-123.05496449618067">
				<ele>69.08658554404974</ele>
				<time>2026-09-28T00:45:39Z</time>
			</trkpt>
			<trkpt lat="49.24801487683791" lon="-123.05506507078874">
				<ele>69.09993958100677</ele>
				<time>2026-09-28T00:45:40Z</time>
			</trkpt>
			<trkpt lat="49.248053625914174" lon="-123.05516428547632">
				<ele>69.19583691004664</ele>
				<time>2026-09-28T00:45:41Z</time>
			</trkpt>
			<trkpt lat="49.24809085747317" lon="-123.0552571948586">
				<ele>69.16158748604357</ele>
				<time>2026-09-28T00:45:42Z</time>
			</trkpt>
			<trkpt lat="49.24812273536056" lon="-123.05534518759957">
				<ele>69.15860594063997</ele>
				<time>2026-09-28T00:45:43Z</time>
			</trkpt>
			<trkpt lat="49.24815044469118" lon="-123.05543363406787">
				<ele>69.10477992612869</ele>
				<time>2026-09-28T00:45:44Z</time>
			</trkpt>
			<trkpt lat="49.24817755462871" lon="-123.05550958979663">
				<ele>68.88793480116874</ele>
				<time>2026-09-28T00:45:45Z</time>
			</trkpt>
			<trkpt lat="49.248202872957634" lon="-123.0555759042571">
				<ele>68.73604616057128</ele>
				<time>2026-09-28T00:45:46Z</time>
			</trkpt>
			<trkpt lat="49.24822874889229" lon="-123.05563396023507">
				<ele>68.49458564538509</ele>
				<time>2026-09-28T00:45:47Z</time>
			</trkpt>
			<trkpt lat="49.24825028486767" lon="-123.05568834504446">
				<ele>68.35219113528728</ele>
				<time>2026-09-28T00:45:48Z</time>
			</trkpt>
			<trkpt lat="49.24826976253789" lon="-123.0557400653264">
				<ele>68.13737888354808</ele>
				<time>2026-09-28T00:45:49Z</time>
			</trkpt>
			<trkpt lat="49.24828800526919" lon="-123.05578606804757">
				<ele>67.91857778374106</ele>
				<time>2026-09-28T00:45:50Z</time>
			</trkpt>
			<trkpt lat="49.24830730384411" lon="-123.05582616528413">
				<ele>67.70020768046379</ele>
				<time>2026-09-28T00:45:51Z</time>
			</trkpt>
			<trkpt lat="49.248323865518216" lon="-123.05585817722897">
				<ele>67.6206819023937</ele>
				<time>2026-09-28T00:45:52Z</time>
			</trkpt>
			<trkpt lat="49.248341505041004" lon="-123.05590463659242">
				<ele>67.4389977697283</ele>
				<time>2026-09-28T00:45:54Z</time>
			</trkpt>
			<trkpt lat="49.24835391597879" lon="-123.05593696322062">
				<ele>66.9109404636547</ele>
				<time>2026-09-28T00:45:56Z</time>
			</trkpt>
			<trkpt lat="49.24835949080821" lon="-123.0559636229869">
				<ele>65.52138312067837</ele>
				<time>2026-09-28T00:46:16Z</time>
			</trkpt>
			<trkpt lat="49.248370676285326" lon="-123.05598980479017">
				<ele>65.75510244816542</ele>
				<time>2026-09-28T00:46:23Z</time>
			</trkpt>
			<trkpt lat="49.24838107637996" lon="-123.05602088373523">
				<ele>65.65148100908846</ele>
				<time>2026-09-28T00:46:24Z</time>
			</trkpt>
			<trkpt lat="49.24839851286954" lon="-123.05606444339386">
				<ele>65.63713309168816</ele>
				<time>2026-09-28T00:46:25Z</time>
			</trkpt>
			<trkpt lat="49.24842079218279" lon="-123.05611833431449">
				<ele>65.52036553714424</ele>
				<time>2026-09-28T00:46:26Z</time>
			</trkpt>
			<trkpt lat="49.24845246782263" lon="-123.05616814007728">
				<ele>65.12424268387258</ele>
				<time>2026-09-28T00:46:27Z</time>
			</trkpt>
			<trkpt lat="49.24848626193718" lon="-123.0562458751589">
				<ele>64.60594677831978</ele>
				<time>2026-09-28T00:46:28Z</time>
			</trkpt>
			<trkpt lat="49.24853231668032" lon="-123.05635296838616">
				<ele>63.970419459976256</ele>
				<time>2026-09-28T00:46:29Z</time>
			</trkpt>
			<trkpt lat="49.24857896495555" lon="-123.05645795747">
				<ele>63.38616263773292</ele>
				<time>2026-09-28T00:46:30Z</time>
			</trkpt>
			<trkpt lat="49.2486270314526" lon="-123.05657570008046">
				<ele>62.65297165233642</ele>
				<time>2026-09-28T00:46:31Z</time>
			</trkpt>
			<trkpt lat="49.248681499537085" lon="-123.05670663336116">
				<ele>61.966931192204356</ele>
				<time>2026-09-28T00:46:32Z</time>
			</trkpt>
			<trkpt lat="49.24859791526531" lon="-123.05697893410533">
				<ele>61.33924061246216</ele>
				<time>2026-09-28T00:46:33Z</time>
			</trkpt>
			<trkpt lat="49.24866348348254" lon="-123.05713684301057">
				<ele>60.65634325891733</ele>
				<time>2026-09-28T00:46:34Z</time>
			</trkpt>
			<trkpt lat="49.24873233008095" lon="-123.05730130792637">
				<ele>59.944558553397655</ele>
				<time>2026-09-28T00:46:35Z</time>
			</trkpt>
			<trkpt lat="49.24880602933405" lon="-123.05747744904961">
				<ele>59.37813849095255</ele>
				<time>2026-09-28T00:46:36Z</time>
			</trkpt>
			<trkpt lat="49.248885600373576" lon="-123.0576682050397">
				<ele>58.76247751060873</ele>
				<time>2026-09-28T00:46:37Z</time>
			</trkpt>
			<trkpt lat="49.248970286440226" lon="-123.05787209715004">
				<ele>58.003255071118474</ele>
				<time>2026-09-28T00:46:38Z</time>
			</trkpt>
			<trkpt lat="49.249059642901734" lon="-123.0580869047351">
				<ele>57.306834153831005</ele>
				<time>2026-09-28T00:46:39Z</time>
			</trkpt>
			<trkpt lat="49.24915245437965" lon="-123.05831053419062">
				<ele>56.37708020582795</ele>
				<time>2026-09-28T00:46:40Z</time>
			</trkpt>
			<trkpt lat="49.24924777708216" lon="-123.0585394771116">
				<ele>55.63948717806488</ele>
				<time>2026-09-28T00:46:41Z</time>
			</trkpt>
			<trkpt lat="49.24934265315005" lon="-123.05876339303343">
				<ele>54.83788678795099</ele>
				<time>2026-09-28T00:46:42Z</time>
			</trkpt>
			<trkpt lat="49.24943624046173" lon="-123.0589781464907">
				<ele>53.86343133356422</ele>
				<time>2026-09-28T00:46:43Z</time>
			</trkpt>
			<trkpt lat="49.24952502471954" lon="-123.05918607976012">
				<ele>53.07941208872944</ele>
				<time>2026-09-28T00:46:44Z</time>
			</trkpt>
			<trkpt lat="49.24961059346777" lon="-123.05939140732761">
				<ele>52.19683571718633</ele>
				<time>2026-09-28T00:46:45Z</time>
			</trkpt>
			<trkpt lat="49.249693728688825" lon="-123.0595914698257">
				<ele>51.34016541298479</ele>
				<time>2026-09-28T00:46:46Z</time>
			</trkpt>
			<trkpt lat="49.24977409937331" lon="-123.05978847007634">
				<ele>50.39054840058088</ele>
				<time>2026-09-28T00:46:47Z</time>
			</trkpt>
			<trkpt lat="49.249851704503136" lon="-123.05997793784397">
				<ele>49.85962117649615</ele>
				<time>2026-09-28T00:46:48Z</time>
			</trkpt>
			<trkpt lat="49.249927443448044" lon="-123.06016397486754">
				<ele>49.02695697918534</ele>
				<time>2026-09-28T00:46:49Z</time>
			</trkpt>
			<trkpt lat="49.2499991929384" lon="-123.0603414636765">
				<ele>48.42743577249348</ele>
				<time>2026-09-28T00:46:50Z</time>
			</trkpt>
			<trkpt lat="49.25006781275458" lon="-123.06051321302628">
				<ele>48.09615644440055</ele>
				<time>2026-09-28T00:46:51Z</time>
			</trkpt>
			<trkpt lat="49.25013261429329" lon="-123.06067373997232">
				<ele>48.11024473141879</ele>
				<time>2026-09-28T00:46:52Z</time>
			</trkpt>
			<trkpt lat="49.25018886236878" lon="-123.06083188180658">
				<ele>48.473013564012945</ele>
				<time>2026-09-28T00:46:53Z</time>
			</trkpt>
			<trkpt lat="49.25024039829517" lon="-123.0609866909468">
				<ele>48.81136573292315</ele>
				<time>2026-09-28T00:46:54Z</time>
			</trkpt>
			<trkpt lat="49.25029100033747" lon="-123.0611417618549">
				<ele>49.083485753275454</ele>
				<time>2026-09-28T00:46:55Z</time>
			</trkpt>
			<trkpt lat="49.25034249447706" lon="-123.06129956642386">
				<ele>49.39632532186806</ele>
				<time>2026-09-28T00:46:56Z</time>
			</trkpt>
			<trkpt lat="49.250393640920315" lon="-123.0614564634056">
				<ele>49.76571619976312</ele>
				<time>2026-09-28T00:46:57Z</time>
			</trkpt>
			<trkpt lat="49.25044498191407" lon="-123.06161139767003">
				<ele>50.30442291405052</ele>
				<time>2026-09-28T00:46:58Z</time>
			</trkpt>
			<trkpt lat="49.25049939503493" lon="-123.06177502161191">
				<ele>50.454257138073444</ele>
				<time>2026-09-28T00:46:59Z</time>
			</trkpt>
			<trkpt lat="49.250556739446274" lon="-123.06194535638353">
				<ele>50.53124075382948</ele>
				<time>2026-09-28T00:47:00Z</time>
			</trkpt>
			<trkpt lat="49.25061527987213" lon="-123.06211924372542">
				<ele>50.83153318334371</ele>
				<time>2026-09-28T00:47:01Z</time>
			</trkpt>
			<trkpt lat="49.2506680809751" lon="-123.06228345540937">
				<ele>50.97602275945246</ele>
				<time>2026-09-28T00:47:02Z</time>
			</trkpt>
			<trkpt lat="49.25072183314232" lon="-123.0624583236612">
				<ele>51.01683923229575</ele>
				<time>2026-09-28T00:47:03Z</time>
			</trkpt>
			<trkpt lat="49.250774125785966" lon="-123.06263581861836">
				<ele>51.17984168417752</ele>
				<time>2026-09-28T00:47:04Z</time>
			</trkpt>
			<trkpt lat="49.25082187460934" lon="-123.06280714293266">
				<ele>51.819043694995344</ele>
				<time>2026-09-28T00:47:05Z</time>
			</trkpt>
			<trkpt lat="49.25087716681365" lon="-123.06300771811034">
				<ele>51.77999050822109</ele>
				<time>2026-09-28T00:47:06Z</time>
			</trkpt>
			<trkpt lat="49.250930880636595" lon="-123.06320636083917">
				<ele>51.71528455801308</ele>
				<time>2026-09-28T00:47:07Z</time>
			</trkpt>
			<trkpt lat="49.25098669649674" lon="-123.06341828137678">
				<ele>51.55295077338815</ele>
				<time>2026-09-28T00:47:08Z</time>
			</trkpt>
			<trkpt lat="49.251046268351985" lon="-123.06364446239054">
				<ele>51.15712166111916</ele>
				<time>2026-09-28T00:47:09Z</time>
			</trkpt>
			<trkpt lat="49.251112743064176" lon="-123.06388521000758">
				<ele>50.97634157631546</ele>
				<time>2026-09-28T00:47:10Z</time>
			</trkpt>
			<trkpt lat="49.251177133970366" lon="-123.06411489687993">
				<ele>50.94274950027466</ele>
				<time>2026-09-28T00:47:11Z</time>
			</trkpt>
			<trkpt lat="49.25124528040157" lon="-123.06435969159746">
				<ele>50.792251707986</ele>
				<time>2026-09-28T00:47:12Z</time>
			</trkpt>
			<trkpt lat="49.25131021496831" lon="-123.06460485079884">
				<ele>50.41117440536618</ele>
				<time>2026-09-28T00:47:13Z</time>
			</trkpt>
			<trkpt lat="49.25138938286719" lon="-123.06488865166627">
				<ele>50.28834411595017</ele>
				<time>2026-09-28T00:47:14Z</time>
			</trkpt>
			<trkpt lat="49.251932496462466" lon="-123.06516523592995">
				<ele>49.793575149960816</ele>
				<time>2026-09-28T00:47:15Z</time>
			</trkpt>
			<trkpt lat="49.25208685362738" lon="-123.06527186943555">
				<ele>49.557619706727564</ele>
				<time>2026-09-28T00:47:16Z</time>
			</trkpt>
			<trkpt lat="49.25224347736693" lon="-123.06537885878045">
				<ele>49.362179808318615</ele>
				<time>2026-09-28T00:47:17Z</time>
			</trkpt>
			<trkpt lat="49.252405296628474" lon="-123.06551324386439">
				<ele>49.36384189967066</ele>
				<time>2026-09-28T00:47:18Z</time>
			</trkpt>
			<trkpt lat="49.25257018377774" lon="-123.0656747175114">
				<ele>49.30978692136705</ele>
				<time>2026-09-28T00:47:19Z</time>
			</trkpt>
			<trkpt lat="49.25272965991398" lon="-123.06585177284536">
				<ele>49.30248351953924</ele>
				<time>2026-09-28T00:47:20Z</time>
			</trkpt>
			<trkpt lat="49.25288367952626" lon="-123.06604845060328">
				<ele>49.35847092885524</ele>
				<time>2026-09-28T00:47:21Z</time>
			</trkpt>
			<trkpt lat="49.25303636922402" lon="-123.06624758179368">
				<ele>49.340700494125485</ele>
				<time>2026-09-28T00:47:22Z</time>
			</trkpt>
			<trkpt lat="49.25318883148269" lon="-123.06644908680346">
				<ele>49.56453108135611</ele>
				<time>2026-09-28T00:47:23Z</time>
			</trkpt>
			<trkpt lat="49.25334155856842" lon="-123.06665108756978">
				<ele>49.58792571723461</ele>
				<time>2026-09-28T00:47:24Z</time>
			</trkpt>
			<trkpt lat="49.25349352816031" lon="-123.06684925737335">
				<ele>49.65112812072039</ele>
				<time>2026-09-28T00:47:25Z</time>
			</trkpt>
			<trkpt lat="49.253645894529264" lon="-123.06704832328674">
				<ele>49.58803890366107</ele>
				<time>2026-09-28T00:47:26Z</time>
			</trkpt>
			<trkpt lat="49.25379797884422" lon="-123.06724667332485">
				<ele>49.722837341949344</ele>
				<time>2026-09-28T00:47:27Z</time>
			</trkpt>
			<trkpt lat="49.25395060382451" lon="-123.06744592223187">
				<ele>50.018205892294645</ele>
				<time>2026-09-28T00:47:28Z</time>
			</trkpt>
			<trkpt lat="49.25410355936542" lon="-123.06764584198879">
				<ele>49.58271964266896</ele>
				<time>2026-09-28T00:47:29Z</time>
			</trkpt>
			<trkpt lat="49.25425675922592" lon="-123.06784757981076">
				<ele>49.25884716678411</ele>
				<time>2026-09-28T00:47:30Z</time>
			</trkpt>
			<trkpt lat="49.25440837818969" lon="-123.06804790251549">
				<ele>49.04036300070584</ele>
				<time>2026-09-28T00:47:31Z</time>
			</trkpt>
			<trkpt lat="49.25456024396826" lon="-123.068247748543">
				<ele>48.48380212020129</ele>
				<time>2026-09-28T00:47:32Z</time>
			</trkpt>
			<trkpt lat="49.2547118346804" lon="-123.06844725460655">
				<ele>47.84183693770319</ele>
				<time>2026-09-28T00:47:33Z</time>
			</trkpt>
			<trkpt lat="49.25486298796101" lon="-123.06864288618773">
				<ele>47.64397265203297</ele>
				<time>2026-09-28T00:47:34Z</time>
			</trkpt>
			<trkpt lat="49.25503941200935" lon="-123.06884587289834">
				<ele>47.127541963011026</ele>
				<time>2026-09-28T00:47:35Z</time>
			</trkpt>
			<trkpt lat="49.255244515040296" lon="-123.06901440396899">
				<ele>47.140857595950365</ele>
				<time>2026-09-28T00:47:36Z</time>
			</trkpt>
			<trkpt lat="49.25542935006713" lon="-123.06913545703134">
				<ele>46.65359519422054</ele>
				<time>2026-09-28T00:47:37Z</time>
			</trkpt>
			<trkpt lat="49.255615543517145" lon="-123.06925433265815">
				<ele>46.163480709306896</ele>
				<time>2026-09-28T00:47:38Z</time>
			</trkpt>
			<trkpt lat="49.25579715044196" lon="-123.06937027957021">
				<ele>45.90331810619682</ele>
				<time>2026-09-28T00:47:39Z</time>
			</trkpt>
			<trkpt lat="49.25597652480909" lon="-123.0694848012197">
				<ele>45.65516507346183</ele>
				<time>2026-09-28T00:47:40Z</time>
			</trkpt>
			<trkpt lat="49.256164832578754" lon="-123.06960362097192">
				<ele>45.45694713387638</ele>
				<time>2026-09-28T00:47:41Z</time>
			</trkpt>
			<trkpt lat="49.256403781970235" lon="-123.06972652229877">
				<ele>45.09342823270708</ele>
				<time>2026-09-28T00:47:42Z</time>
			</trkpt>
			<trkpt lat="49.25667182536897" lon="-123.06979002532762">
				<ele>44.717674961313605</ele>
				<time>2026-09-28T00:47:43Z</time>
			</trkpt>
			<trkpt lat="49.25689674844607" lon="-123.06909348503152">
				<ele>44.334380181506276</ele>
				<time>2026-09-28T00:47:44Z</time>
			</trkpt>
			<trkpt lat="49.25709816699325" lon="-123.06909019298547">
				<ele>43.72261509206146</ele>
				<time>2026-09-28T00:47:45Z</time>
			</trkpt>
			<trkpt lat="49.25730054851945" lon="-123.06908643625229">
				<ele>42.587711754255</ele>
				<time>2026-09-28T00:47:46Z</time>
			</trkpt>
			<trkpt lat="49.25749911922879" lon="-123.0690825613698">
				<ele>42.14256474561989</ele>
				<time>2026-09-28T00:47:47Z</time>
			</trkpt>
			<trkpt lat="49.257699235543036" lon="-123.06908285212815">
				<ele>41.27946362737566</ele>
				<time>2026-09-28T00:47:48Z</time>
			</trkpt>
			<trkpt lat="49.25789904406454" lon="-123.06918179155447">
				<ele>40.54967153631151</ele>
				<time>2026-09-28T00:47:49Z</time>
			</trkpt>
			<trkpt lat="49.25809885497895" lon="-123.06917608569962">
				<ele>39.89081888459623</ele>
				<time>2026-09-28T00:47:50Z</time>
			</trkpt>
			<trkpt lat="49.25829569089322" lon="-123.06917111848554">
				<ele>39.10246570035815</ele>
				<time>2026-09-28T00:47:51Z</time>
			</trkpt>
			<trkpt lat="49.25849402329263" lon="-123.0691684870946">
				<ele>38.53806534875184</ele>
				<time>2026-09-28T00:47:52Z</time>
			</trkpt>
			<trkpt lat="49.25869344990032" lon="-123.069167472807">
				<ele>37.83442956767976</ele>
				<time>2026-09-28T00:47:53Z</time>
			</trkpt>
			<trkpt lat="49.25889321983218" lon="-123.06915531016293">
				<ele>37.179332942701876</ele>
				<time>2026-09-28T00:47:54Z</time>
			</trkpt>
			<trkpt lat="49.259091515527246" lon="-123.06914931079183">
				<ele>36.52098854538053</ele>
				<time>2026-09-28T00:47:55Z</time>
			</trkpt>
			<trkpt lat="49.25928978612676" lon="-123.06915183990915">
				<ele>36.0232041887939</ele>
				<time>2026-09-28T00:47:56Z</time>
			</trkpt>
			<trkpt lat="49.25948770854718" lon="-123.0691515775241">
				<ele>35.87246117927134</ele>
				<time>2026-09-28T00:47:57Z</time>
			</trkpt>
			<trkpt lat="49.25968804696856" lon="-123.0691515775244">
				<ele>35.915414687246084</ele>
				<time>2026-09-28T00:47:58Z</time>
			</trkpt>
			<trkpt lat="49.259883028888204" lon="-123.06915157752746">
				<ele>36.43344592768699</ele>
				<time>2026-09-28T00:47:59Z</time>
			</trkpt>
			<trkpt lat="49.260071066066494" lon="-123.0691515775274">
				<ele>36.42068414669484</ele>
				<time>2026-09-28T00:48:00Z</time>
			</trkpt>
			<trkpt lat="49.260259207337775" lon="-123.06970659702876">
				<ele>36.56868745107204</ele>
				<time>2026-09-28T00:48:01Z</time>
			</trkpt>
			<trkpt lat="49.26042080030109" lon="-123.06970770098035">
				<ele>36.734748754650354</ele>
				<time>2026-09-28T00:48:02Z</time>
			</trkpt>
			<trkpt lat="49.26058553279075" lon="-123.06971002116077">
				<ele>37.01917433645576</ele>
				<time>2026-09-28T00:48:03Z</time>
			</trkpt>
			<trkpt lat="49.26074378898911" lon="-123.06971059819868">
				<ele>37.340787190012634</ele>
				<time>2026-09-28T00:48:04Z</time>
			</trkpt>
			<trkpt lat="49.26089281473262" lon="-123.06971178828464">
				<ele>37.469831889495254</ele>
				<time>2026-09-28T00:48:05Z</time>
			</trkpt>
			<trkpt lat="49.26103295626824" lon="-123.06971290742327">
				<ele>37.59650036599487</ele>
				<time>2026-09-28T00:48:06Z</time>
			</trkpt>
			<trkpt lat="49.261166086535454" lon="-123.06903313971858">
				<ele>37.594791867770255</ele>
				<time>2026-09-28T00:48:07Z</time>
			</trkpt>
			<trkpt lat="49.261290201354086" lon="-123.06903184306005">
				<ele>37.63648354168981</ele>
				<time>2026-09-28T00:48:08Z</time>
			</trkpt>
			<trkpt lat="49.26140311256081" lon="-123.06903125100527">
				<ele>37.628657050430775</ele>
				<time>2026-09-28T00:48:09Z</time>
			</trkpt>
			<trkpt lat="49.26151054088056" lon="-123.06903189672587">
				<ele>37.69784239772707</ele>
				<time>2026-09-28T00:48:10Z</time>
			</trkpt>
			<trkpt lat="49.26160813700571" lon="-123.06903268023899">
				<ele>37.72828576434404</ele>
				<time>2026-09-28T00:48:11Z</time>
			</trkpt>
			<trkpt lat="49.2616982148195" lon="-123.06903230639949">
				<ele>37.645051723346114</ele>
				<time>2026-09-28T00:48:12Z</time>
			</trkpt>
			<trkpt lat="49.261777085455925" lon="-123.06903049653248">
				<ele>37.59645976871252</ele>
				<time>2026-09-28T00:48:13Z</time>
			</trkpt>
			<trkpt lat="49.26184975688618" lon="-123.06902362097965">
				<ele>37.58319037593901</ele>
				<time>2026-09-28T00:48:14Z</time>
			</trkpt>
			<trkpt lat="49.261914113788876" lon="-123.06902058310258">
				<ele>37.451127525419</ele>
				<time>2026-09-28T00:48:15Z</time>
			</trkpt>
			<trkpt lat="49.261967848385574" lon="-123.06901599531686">
				<ele>37.54252685327083</ele>
				<time>2026-09-28T00:48:16Z</time>
			</trkpt>
			<trkpt lat="49.26201196399064" lon="-123.06901445086645">
				<ele>37.52243643719703</ele>
				<time>2026-09-28T00:48:17Z</time>
			</trkpt>
			<trkpt lat="49.26204627089076" lon="-123.06900869688205">
				<ele>37.506459733471274</ele>
				<time>2026-09-28T00:48:18Z</time>
			</trkpt>
			<trkpt lat="49.262066869759835" lon="-123.0690019653801">
				<ele>37.29883971903473</ele>
				<time>2026-09-28T00:48:19Z</time>
			</trkpt>
			<trkpt lat="49.262047562950634" lon="-123.06902337884003">
				<ele>36.04497221671045</ele>
				<time>2026-09-28T00:48:28Z</time>
			</trkpt>
			<trkpt lat="49.2620711149692" lon="-123.06899806848992">
				<ele>36.029285605065525</ele>
				<time>2026-09-28T00:48:47Z</time>
			</trkpt>
			<trkpt lat="49.26210657190863" lon="-123.06900145288903">
				<ele>36.42069254629314</ele>
				<time>2026-09-28T00:48:49Z</time>
			</trkpt>
			<trkpt lat="49.26213153505323" lon="-123.06900451013261">
				<ele>36.50941251497716</ele>
				<time>2026-09-28T00:48:50Z</time>
			</trkpt>
			<trkpt lat="49.262163094353674" lon="-123.06900816300636">
				<ele>36.63622469641268</ele>
				<time>2026-09-28T00:48:51Z</time>
			</trkpt>
			<trkpt lat="49.26220307735789" lon="-123.06902571667412">
				<ele>36.86636567208916</ele>
				<time>2026-09-28T00:48:52Z</time>
			</trkpt>
			<trkpt lat="49.26224773264486" lon="-123.06902896996817">
				<ele>37.10218141414225</ele>
				<time>2026-09-28T00:48:53Z</time>
			</trkpt>
			<trkpt lat="49.26230890585088" lon="-123.06902662151658">
				<ele>37.25822162721306</ele>
				<time>2026-09-28T00:48:54Z</time>
			</trkpt>
			<trkpt lat="49.26240568517028" lon="-123.06903491124542">
				<ele>37.33711491897702</ele>
				<time>2026-09-28T00:48:55Z</time>
			</trkpt>
			<trkpt lat="49.26249570843482" lon="-123.06903430876665">
				<ele>37.23103904444724</ele>
				<time>2026-09-28T00:48:56Z</time>
			</trkpt>
			<trkpt lat="49.26258855303957" lon="-123.06903671250912">
				<ele>37.28543289843947</ele>
				<time>2026-09-28T00:48:57Z</time>
			</trkpt>
			<trkpt lat="49.26269341910074" lon="-123.06904333026982">
				<ele>37.153457718901336</ele>
				<time>2026-09-28T00:48:58Z</time>
			</trkpt>
			<trkpt lat="49.262811622009515" lon="-123.06905881639612">
				<ele>36.94635369069874</ele>
				<time>2026-09-28T00:48:59Z</time>
			</trkpt>
			<trkpt lat="49.26292690445197" lon="-123.06907885845862">
				<ele>36.69429487362504</ele>
				<time>2026-09-28T00:49:00Z</time>
			</trkpt>
			<trkpt lat="49.26304264774992" lon="-123.06911160639267">
				<ele>36.30250534694642</ele>
				<time>2026-09-28T00:49:01Z</time>
			</trkpt>
			<trkpt lat="49.2631556842761" lon="-123.0691697597474">
				<ele>35.526541818864644</ele>
				<time>2026-09-28T00:49:02Z</time>
			</trkpt>
			<trkpt lat="49.26326518125977" lon="-123.06924499285154">
				<ele>34.531678292900324</ele>
				<time>2026-09-28T00:49:03Z</time>
			</trkpt>
			<trkpt lat="49.26336389373824" lon="-123.06934109767417">
				<ele>33.71253957785666</ele>
				<time>2026-09-28T00:49:04Z</time>
			</trkpt>
			<trkpt lat="49.26345626979571" lon="-123.06945622964955">
				<ele>33.40161620546132</ele>
				<time>2026-09-28T00:49:05Z</time>
			</trkpt>
			<trkpt lat="49.26354081136926" lon="-123.06958171380828">
				<ele>32.86758116167039</ele>
				<time>2026-09-28T00:49:06Z</time>
			</trkpt>
			<trkpt lat="49.26369731275778" lon="-123.06963064836874">
				<ele>32.74956005997956</ele>
				<time>2026-09-28T00:49:07Z</time>
			</trkpt>
			<trkpt lat="49.263758797133576" lon="-123.06977064574643">
				<ele>32.423242116346955</ele>
				<time>2026-09-28T00:49:08Z</time>
			</trkpt>
			<trkpt lat="49.263793925780455" lon="-123.06993792550716">
				<ele>32.31945715285838</ele>
				<time>2026-09-28T00:49:09Z</time>
			</trkpt>
			<trkpt lat="49.263848435822474" lon="-123.0700813810844">
				<ele>32.159271432086825</ele>
				<time>2026-09-28T00:49:10Z</time>
			</trkpt>
			<trkpt lat="49.263902534644004" lon="-123.07023016271236">
				<ele>32.05779816303402</ele>
				<time>2026-09-28T00:49:11Z</time>
			</trkpt>
			<trkpt lat="49.26395467232255" lon="-123.07037788884443">
				<ele>31.551797822117805</ele>
				<time>2026-09-28T00:49:12Z</time>
			</trkpt>
			<trkpt lat="49.26400489396348" lon="-123.07053940407067">
				<ele>30.968387769535184</ele>
				<time>2026-09-28T00:49:13Z</time>
			</trkpt>
			<trkpt lat="49.26405089218594" lon="-123.07069760376659">
				<ele>30.605624321848154</ele>
				<time>2026-09-28T00:49:14Z</time>
			</trkpt>
			<trkpt lat="49.26409802677102" lon="-123.07085254112097">
				<ele>30.201526844874024</ele>
				<time>2026-09-28T00:49:15Z</time>
			</trkpt>
			<trkpt lat="49.26414780955714" lon="-123.0710070772861">
				<ele>29.887190464884043</ele>
				<time>2026-09-28T00:49:16Z</time>
			</trkpt>
			<trkpt lat="49.264197078017745" lon="-123.07116001727154">
				<ele>29.640677909366786</ele>
				<time>2026-09-28T00:49:17Z</time>
			</trkpt>
			<trkpt lat="49.26424708976127" lon="-123.07131304845143">
				<ele>29.32989727333188</ele>
				<time>2026-09-28T00:49:18Z</time>
			</trkpt>
			<trkpt lat="49.26429688288608" lon="-123.07146576147393">
				<ele>29.129859927110374</ele>
				<time>2026-09-28T00:49:19Z</time>
			</trkpt>
			<trkpt lat="49.26434708197583" lon="-123.0716172703202">
				<ele>28.776339539326727</ele>
				<time>2026-09-28T00:49:20Z</time>
			</trkpt>
			<trkpt lat="49.264398235434165" lon="-123.07177214518815">
				<ele>28.50590984337032</ele>
				<time>2026-09-28T00:49:21Z</time>
			</trkpt>
			<trkpt lat="49.2644522192439" lon="-123.07193558939163">
				<ele>27.93313360121101</ele>
				<time>2026-09-28T00:49:22Z</time>
			</trkpt>
			<trkpt lat="49.264510674242885" lon="-123.07211236914692">
				<ele>27.266361680813134</ele>
				<time>2026-09-28T00:49:23Z</time>
			</trkpt>
			<trkpt lat="49.26457312778074" lon="-123.07229907662759">
				<ele>26.691093645989895</ele>
				<time>2026-09-28T00:49:24Z</time>
			</trkpt>
			<trkpt lat="49.26464031055433" lon="-123.0724994190147">
				<ele>25.98573999106884</ele>
				<time>2026-09-28T00:49:25Z</time>
			</trkpt>
			<trkpt lat="49.26471209912625" lon="-123.07271062679644">
				<ele>25.443188046105206</ele>
				<time>2026-09-28T00:49:26Z</time>
			</trkpt>
			<trkpt lat="49.26478827705182" lon="-123.07293474847737">
				<ele>24.854147122241557</ele>
				<time>2026-09-28T00:49:27Z</time>
			</trkpt>
			<trkpt lat="49.264867283533505" lon="-123.07317100992907">
				<ele>24.363319221884012</ele>
				<time>2026-09-28T00:49:28Z</time>
			</trkpt>
			<trkpt lat="49.26494788731575" lon="-123.07341333241493">
				<ele>23.770155769772828</ele>
				<time>2026-09-28T00:49:29Z</time>
			</trkpt>
			<trkpt lat="49.26503248532178" lon="-123.07367169881353">
				<ele>23.26982564944774</ele>
				<time>2026-09-28T00:49:30Z</time>
			</trkpt>
			<trkpt lat="49.265120831224436" lon="-123.07393945885754">
				<ele>22.49986758362502</ele>
				<time>2026-09-28T00:49:31Z</time>
			</trkpt>
			<trkpt lat="49.26521145655421" lon="-123.07421441320048">
				<ele>21.79728041961789</ele>
				<time>2026-09-28T00:49:32Z</time>
			</trkpt>
			<trkpt lat="49.26530302265678" lon="-123.07449042865699">
				<ele>21.056991359218955</ele>
				<time>2026-09-28T00:49:33Z</time>
			</trkpt>
			<trkpt lat="49.26539610446449" lon="-123.07476529376147">
				<ele>20.346026960760355</ele>
				<time>2026-09-28T00:49:34Z</time>
			</trkpt>
			<trkpt lat="49.26548950538614" lon="-123.0750430971181">
				<ele>19.647402103058994</ele>
				<time>2026-09-28T00:49:35Z</time>
			</trkpt>
			<trkpt lat="49.26558111400178" lon="-123.07532033632482">
				<ele>19.064122217707336</ele>
				<time>2026-09-28T00:49:36Z</time>
			</trkpt>
			<trkpt lat="49.26569348059786" lon="-123.07557812615882">
				<ele>18.600044255144894</ele>
				<time>2026-09-28T00:49:37Z</time>
			</trkpt>
			<trkpt lat="49.26578228349801" lon="-123.07585217917214">
				<ele>18.612674107775092</ele>
				<time>2026-09-28T00:49:38Z</time>
			</trkpt>
			<trkpt lat="49.26587094680621" lon="-123.07612402382163">
				<ele>18.457850812003016</ele>
				<time>2026-09-28T00:49:39Z</time>
			</trkpt>
			<trkpt lat="49.265959464358545" lon="-123.0763967044936">
				<ele>18.285514317452908</ele>
				<time>2026-09-28T00:49:40Z</time>
			</trkpt>
			<trkpt lat="49.26604773950294" lon="-123.07666521045824">
				<ele>18.28270450606942</ele>
				<time>2026-09-28T00:49:41Z</time>
			</trkpt>
			<trkpt lat="49.26613689405762" lon="-123.0769347814197">
				<ele>18.608127204701304</ele>
				<time>2026-09-28T00:49:42Z</time>
			</trkpt>
			<trkpt lat="49.26622257903518" lon="-123.0772069782964">
				<ele>18.68770762067288</ele>
				<time>2026-09-28T00:49:43Z</time>
			</trkpt>
			<trkpt lat="49.266307629312365" lon="-123.07753154980433">
				<ele>18.107727760449052</ele>
				<time>2026-09-28T00:49:44Z</time>
			</trkpt>
			<trkpt lat="49.26636028120688" lon="-123.07781813912588">
				<ele>17.690453484654427</ele>
				<time>2026-09-28T00:49:45Z</time>
			</trkpt>
			<trkpt lat="49.26637846785675" lon="-123.0781169055172">
				<ele>17.42776213772595</ele>
				<time>2026-09-28T00:49:46Z</time>
			</trkpt>
			<trkpt lat="49.26650143360788" lon="-123.07836394447656">
				<ele>17.189211148768663</ele>
				<time>2026-09-28T00:49:47Z</time>
			</trkpt>
			<trkpt lat="49.26663530899979" lon="-123.07859289971844">
				<ele>16.651177504099905</ele>
				<time>2026-09-28T00:49:48Z</time>
			</trkpt>
			<trkpt lat="49.26678058322853" lon="-123.07880689534494">
				<ele>16.373532129451632</ele>
				<time>2026-09-28T00:49:49Z</time>
			</trkpt>
			<trkpt lat="49.266933911336345" lon="-123.07900136843935">
				<ele>15.95637019444257</ele>
				<time>2026-09-28T00:49:50Z</time>
			</trkpt>
			<trkpt lat="49.267095963122244" lon="-123.07917749820301">
				<ele>15.43480555806309</ele>
				<time>2026-09-28T00:49:51Z</time>
			</trkpt>
			<trkpt lat="49.267269292423535" lon="-123.07933829064812">
				<ele>14.716141312383115</ele>
				<time>2026-09-28T00:49:52Z</time>
			</trkpt>
			<trkpt lat="49.267445043017666" lon="-123.07948583266752">
				<ele>14.163239733316004</ele>
				<time>2026-09-28T00:49:53Z</time>
			</trkpt>
			<trkpt lat="49.267622010784635" lon="-123.07962268372955">
				<ele>13.273769837804139</ele>
				<time>2026-09-28T00:49:54Z</time>
			</trkpt>
			<trkpt lat="49.26779937246387" lon="-123.07975540011788">
				<ele>12.70785109885037</ele>
				<time>2026-09-28T00:49:55Z</time>
			</trkpt>
			<trkpt lat="49.26797899769343" lon="-123.07988866844968">
				<ele>11.565926060080528</ele>
				<time>2026-09-28T00:49:56Z</time>
			</trkpt>
			<trkpt lat="49.26815964408386" lon="-123.08002391609986">
				<ele>10.87901913933456</ele>
				<time>2026-09-28T00:49:57Z</time>
			</trkpt>
			<trkpt lat="49.26833714197207" lon="-123.08016193156001">
				<ele>9.942782030440867</ele>
				<time>2026-09-28T00:49:58Z</time>
			</trkpt>
			<trkpt lat="49.26851235666363" lon="-123.08031182048688">
				<ele>9.007121378555894</ele>
				<time>2026-09-28T00:49:59Z</time>
			</trkpt>
			<trkpt lat="49.268680825549836" lon="-123.08047525669933">
				<ele>10.1345773935318</ele>
				<time>2026-09-28T00:50:00Z</time>
			</trkpt>
			<trkpt lat="49.26884204789528" lon="-123.08064863903101">
				<ele>10.080663436092436</ele>
				<time>2026-09-28T00:50:01Z</time>
			</trkpt>
			<trkpt lat="49.26899071345935" lon="-123.0808440909149">
				<ele>9.734866190701723</ele>
				<time>2026-09-28T00:50:02Z</time>
			</trkpt>
			<trkpt lat="49.269126300928" lon="-123.08104551828453">
				<ele>9.407906766049564</ele>
				<time>2026-09-28T00:50:03Z</time>
			</trkpt>
			<trkpt lat="49.269260020137935" lon="-123.08127814648705">
				<ele>9.061788680963218</ele>
				<time>2026-09-28T00:50:04Z</time>
			</trkpt>
			<trkpt lat="49.26937770767163" lon="-123.0815113961304">
				<ele>8.668024525046349</ele>
				<time>2026-09-28T00:50:05Z</time>
			</trkpt>
			<trkpt lat="49.269477845186465" lon="-123.08176662065789">
				<ele>9.159615033306181</ele>
				<time>2026-09-28T00:50:06Z</time>
			</trkpt>
			<trkpt lat="49.26956974712433" lon="-123.082023573849">
				<ele>9.179690132848918</ele>
				<time>2026-09-28T00:50:07Z</time>
			</trkpt>
			<trkpt lat="49.269648970819816" lon="-123.08229857341519">
				<ele>9.093354006297886</ele>
				<time>2026-09-28T00:50:08Z</time>
			</trkpt>
			<trkpt lat="49.26971824117029" lon="-123.08258479988939">
				<ele>8.653125010430813</ele>
				<time>2026-09-28T00:50:09Z</time>
			</trkpt>
			<trkpt lat="49.2697818850192" lon="-123.08287630662593">
				<ele>7.9017839059233665</ele>
				<time>2026-09-28T00:50:10Z</time>
			</trkpt>
			<trkpt lat="49.269843639729395" lon="-123.08316774292936">
				<ele>7.900000971741974</ele>
				<time>2026-09-28T00:50:11Z</time>
			</trkpt>
			<trkpt lat="49.26990745787936" lon="-123.08346341785146">
				<ele>8.039276448078454</ele>
				<time>2026-09-28T00:50:12Z</time>
			</trkpt>
			<trkpt lat="49.269970522105204" lon="-123.08375904341855">
				<ele>8.368615750223398</ele>
				<time>2026-09-28T00:50:13Z</time>
			</trkpt>
			<trkpt lat="49.27003297702543" lon="-123.0840540803876">
				<ele>8.608522712253034</ele>
				<time>2026-09-28T00:50:14Z</time>
			</trkpt>
			<trkpt lat="49.27009721498659" lon="-123.08434793029295">
				<ele>8.74836826696992</ele>
				<time>2026-09-28T00:50:15Z</time>
			</trkpt>
			<trkpt lat="49.27024049905509" lon="-123.08460835675089">
				<ele>8.561837386339903</ele>
				<time>2026-09-28T00:50:16Z</time>
			</trkpt>
			<trkpt lat="49.27029183400111" lon="-123.08490571200343">
				<ele>8.519772606901824</ele>
				<time>2026-09-28T00:50:17Z</time>
			</trkpt>
			<trkpt lat="49.27034856381954" lon="-123.08519098075716">
				<ele>8.424605146981776</ele>
				<time>2026-09-28T00:50:18Z</time>
			</trkpt>
			<trkpt lat="49.27040680612015" lon="-123.08548734764723">
				<ele>8.19959451444447</ele>
				<time>2026-09-28T00:50:19Z</time>
			</trkpt>
			<trkpt lat="49.27046140654797" lon="-123.08578363888279">
				<ele>8.299664585851133</ele>
				<time>2026-09-28T00:50:20Z</time>
			</trkpt>
			<trkpt lat="49.270514779176764" lon="-123.08608246981166">
				<ele>8.40709881670773</ele>
				<time>2026-09-28T00:50:21Z</time>
			</trkpt>
			<trkpt lat="49.270567524191385" lon="-123.08638012727903">
				<ele>8.41190080717206</ele>
				<time>2026-09-28T00:50:22Z</time>
			</trkpt>
			<trkpt lat="49.27062039716709" lon="-123.08667850687523">
				<ele>8.246121850796044</ele>
				<time>2026-09-28T00:50:23Z</time>
			</trkpt>
			<trkpt lat="49.27067305278597" lon="-123.08697555013792">
				<ele>8.136804568581283</ele>
				<time>2026-09-28T00:50:24Z</time>
			</trkpt>
			<trkpt lat="49.27072597516615" lon="-123.08727408554047">
				<ele>8.226268312893808</ele>
				<time>2026-09-28T00:50:25Z</time>
			</trkpt>
			<trkpt lat="49.27077835300734" lon="-123.08757186481199">
				<ele>8.325942367315292</ele>
				<time>2026-09-28T00:50:26Z</time>
			</trkpt>
			<trkpt lat="49.27083073357306" lon="-123.08787150965162">
				<ele>8.519707078114152</ele>
				<time>2026-09-28T00:50:27Z</time>
			</trkpt>
			<trkpt lat="49.27088252903404" lon="-123.08816902748951">
				<ele>8.707189085893333</ele>
				<time>2026-09-28T00:50:28Z</time>
			</trkpt>
			<trkpt lat="49.27093459178536" lon="-123.08846786689284">
				<ele>8.736511839553714</ele>
				<time>2026-09-28T00:50:29Z</time>
			</trkpt>
			<trkpt lat="49.270985201489204" lon="-123.08875791356844">
				<ele>8.845124534331262</ele>
				<time>2026-09-28T00:50:30Z</time>
			</trkpt>
			<trkpt lat="49.27103634902597" lon="-123.08905104260373">
				<ele>9.01338099129498</ele>
				<time>2026-09-28T00:50:31Z</time>
			</trkpt>
			<trkpt lat="49.271087464089874" lon="-123.0893439855273">
				<ele>9.139108318835497</ele>
				<time>2026-09-28T00:50:32Z</time>
			</trkpt>
			<trkpt lat="49.271138598215074" lon="-123.0896391418638">
				<ele>9.13146287202835</ele>
				<time>2026-09-28T00:50:33Z</time>
			</trkpt>
			<trkpt lat="49.27118955693701" lon="-123.08993491477962">
				<ele>9.241121659986675</ele>
				<time>2026-09-28T00:50:34Z</time>
			</trkpt>
			<trkpt lat="49.27124048275554" lon="-123.09023049671725">
				<ele>9.22007036395371</ele>
				<time>2026-09-28T00:50:35Z</time>
			</trkpt>
			<trkpt lat="49.27129138357892" lon="-123.09052593348177">
				<ele>9.134428583085537</ele>
				<time>2026-09-28T00:50:36Z</time>
			</trkpt>
			<trkpt lat="49.27133900591169" lon="-123.09082611138012">
				<ele>8.913600820116699</ele>
				<time>2026-09-28T00:50:37Z</time>
			</trkpt>
			<trkpt lat="49.271383225334205" lon="-123.09112575808939">
				<ele>8.705149346031249</ele>
				<time>2026-09-28T00:50:38Z</time>
			</trkpt>
			<trkpt lat="49.27143141326617" lon="-123.09142665595758">
				<ele>8.532311639748514</ele>
				<time>2026-09-28T00:50:39Z</time>
			</trkpt>
			<trkpt lat="49.271479284095236" lon="-123.09172557374146">
				<ele>9.087033819407225</ele>
				<time>2026-09-28T00:50:40Z</time>
			</trkpt>
			<trkpt lat="49.27152714676286" lon="-123.09202444058009">
				<ele>8.630590284243226</ele>
				<time>2026-09-28T00:50:41Z</time>
			</trkpt>
			<trkpt lat="49.271576485459406" lon="-123.09232192476267">
				<ele>8.36339302547276</ele>
				<time>2026-09-28T00:50:42Z</time>
			</trkpt>
			<trkpt lat="49.27162655986212" lon="-123.09261537917384">
				<ele>8.32355070952326</ele>
				<time>2026-09-28T00:50:43Z</time>
			</trkpt>
			<trkpt lat="49.27167850786411" lon="-123.09290922276298">
				<ele>8.554863606579602</ele>
				<time>2026-09-28T00:50:44Z</time>
			</trkpt>
			<trkpt lat="49.27173106960214" lon="-123.093206537941">
				<ele>8.6351153338328</ele>
				<time>2026-09-28T00:50:45Z</time>
			</trkpt>
			<trkpt lat="49.271780810348396" lon="-123.09350236647589">
				<ele>8.667260404676199</ele>
				<time>2026-09-28T00:50:46Z</time>
			</trkpt>
			<trkpt lat="49.271827806535114" lon="-123.09380435755946">
				<ele>8.8983642635867</ele>
				<time>2026-09-28T00:50:47Z</time>
			</trkpt>
			<trkpt lat="49.271872502532375" lon="-123.09409826594083">
				<ele>8.885340303182602</ele>
				<time>2026-09-28T00:50:48Z</time>
			</trkpt>
			<trkpt lat="49.271919445867184" lon="-123.09438529294499">
				<ele>8.986019522882998</ele>
				<time>2026-09-28T00:50:49Z</time>
			</trkpt>
			<trkpt lat="49.271964765207116" lon="-123.09465876213454">
				<ele>8.913585154339671</ele>
				<time>2026-09-28T00:50:50Z</time>
			</trkpt>
			<trkpt lat="49.27200853975503" lon="-123.09492037351423">
				<ele>8.913282274268568</ele>
				<time>2026-09-28T00:50:51Z</time>
			</trkpt>
			<trkpt lat="49.27205141297544" lon="-123.09517659825701">
				<ele>9.021934430114925</ele>
				<time>2026-09-28T00:50:52Z</time>
			</trkpt>
			<trkpt lat="49.27209167344285" lon="-123.09541720831396">
				<ele>9.060338609851897</ele>
				<time>2026-09-28T00:50:53Z</time>
			</trkpt>
			<trkpt lat="49.272130264051604" lon="-123.09564783873093">
				<ele>8.917145459912717</ele>
				<time>2026-09-28T00:50:54Z</time>
			</trkpt>
			<trkpt lat="49.27216599455041" lon="-123.09586137617003">
				<ele>9.088389030657709</ele>
				<time>2026-09-28T00:50:55Z</time>
			</trkpt>
			<trkpt lat="49.27219960939231" lon="-123.09606226974347">
				<ele>8.83368451334536</ele>
				<time>2026-09-28T00:50:56Z</time>
			</trkpt>
			<trkpt lat="49.27223161979" lon="-123.0962535746109">
				<ele>8.893889382481575</ele>
				<time>2026-09-28T00:50:57Z</time>
			</trkpt>
			<trkpt lat="49.27225166997711" lon="-123.09642781515285">
				<ele>8.567761761136353</ele>
				<time>2026-09-28T00:50:58Z</time>
			</trkpt>
			<trkpt lat="49.272291325781154" lon="-123.0966067289691">
				<ele>8.330809297971427</ele>
				<time>2026-09-28T00:50:59Z</time>
			</trkpt>
			<trkpt lat="49.272306000764345" lon="-123.09679480955772">
				<ele>8.346712394617498</ele>
				<time>2026-09-28T00:51:00Z</time>
			</trkpt>
			<trkpt lat="49.272337355173605" lon="-123.09696895691751">
				<ele>8.368506535887718</ele>
				<time>2026-09-28T00:51:01Z</time>
			</trkpt>
			<trkpt lat="49.2723704522062" lon="-123.09713711426436">
				<ele>8.525054489262402</ele>
				<time>2026-09-28T00:51:02Z</time>
			</trkpt>
			<trkpt lat="49.272408856506786" lon="-123.09730066077144">
				<ele>8.920390263199806</ele>
				<time>2026-09-28T00:51:03Z</time>
			</trkpt>
			<trkpt lat="49.272451519220326" lon="-123.09746617353977">
				<ele>9.229634742252529</ele>
				<time>2026-09-28T00:51:04Z</time>
			</trkpt>
			<trkpt lat="49.27250277712024" lon="-123.09763870205249">
				<ele>9.583573778159916</ele>
				<time>2026-09-28T00:51:05Z</time>
			</trkpt>
			<trkpt lat="49.272531544338555" lon="-123.0978191516572">
				<ele>9.613828836008906</ele>
				<time>2026-09-28T00:51:06Z</time>
			</trkpt>
			<trkpt lat="49.27256238491458" lon="-123.09799045490371">
				<ele>9.689565740525723</ele>
				<time>2026-09-28T00:51:07Z</time>
			</trkpt>
			<trkpt lat="49.272582761331925" lon="-123.0981487667861">
				<ele>9.470402531325817</ele>
				<time>2026-09-28T00:51:08Z</time>
			</trkpt>
			<trkpt lat="49.27260386621627" lon="-123.09832471618002">
				<ele>9.031601360999048</ele>
				<time>2026-09-28T00:51:09Z</time>
			</trkpt>
			<trkpt lat="49.27262758006924" lon="-123.09851501775772">
				<ele>8.726568227633834</ele>
				<time>2026-09-28T00:51:10Z</time>
			</trkpt>
			<trkpt lat="49.27265382754879" lon="-123.0986934295507">
				<ele>8.599952165037394</ele>
				<time>2026-09-28T00:51:11Z</time>
			</trkpt>
			<trkpt lat="49.27268557621635" lon="-123.09888230309564">
				<ele>8.4980724202469</ele>
				<time>2026-09-28T00:51:12Z</time>
			</trkpt>
			<trkpt lat="49.27271749658001" lon="-123.09906538677932">
				<ele>8.10004254989326</ele>
				<time>2026-09-28T00:51:13Z</time>
			</trkpt>
			<trkpt lat="49.27274999972969" lon="-123.09924848785215">
				<ele>7.856472434476018</ele>
				<time>2026-09-28T00:51:14Z</time>
			</trkpt>
			<trkpt lat="49.272782656236764" lon="-123.0994324528414">
				<ele>7.72866375464946</ele>
				<time>2026-09-28T00:51:15Z</time>
			</trkpt>
			<trkpt lat="49.27281615239758" lon="-123.09961965569204">
				<ele>7.62616925034672</ele>
				<time>2026-09-28T00:51:16Z</time>
			</trkpt>
			<trkpt lat="49.27284740405421" lon="-123.09979131240031">
				<ele>7.52915401943028</ele>
				<time>2026-09-28T00:51:17Z</time>
			</trkpt>
			<trkpt lat="49.27287655861812" lon="-123.09995187896662">
				<ele>7.1213293969631195</ele>
				<time>2026-09-28T00:51:18Z</time>
			</trkpt>
			<trkpt lat="49.27290697238773" lon="-123.10010831764662">
				<ele>7.095016540959477</ele>
				<time>2026-09-28T00:51:19Z</time>
			</trkpt>
			<trkpt lat="49.27292678076081" lon="-123.10023068838485">
				<ele>6.865373082458973</ele>
				<time>2026-09-28T00:51:20Z</time>
			</trkpt>
			<trkpt lat="49.272939707374356" lon="-123.10033633682046">
				<ele>6.943929066881537</ele>
				<time>2026-09-28T00:51:21Z</time>
			</trkpt>
			<trkpt lat="49.27295271948123" lon="-123.10044677497673">
				<ele>6.839878688566387</ele>
				<time>2026-09-28T00:51:22Z</time>
			</trkpt>
			<trkpt lat="49.27296156549147" lon="-123.10053403878028">
				<ele>6.891719047911465</ele>
				<time>2026-09-28T00:51:23Z</time>
			</trkpt>
			<trkpt lat="49.27297071816081" lon="-123.10062162035138">
				<ele>6.790623373351991</ele>
				<time>2026-09-28T00:51:24Z</time>
			</trkpt>
			<trkpt lat="49.27297856596922" lon="-123.10069671576093">
				<ele>6.749167732894421</ele>
				<time>2026-09-28T00:51:25Z</time>
			</trkpt>
			<trkpt lat="49.27298530795692" lon="-123.10076122960663">
				<ele>6.67937842477113</ele>
				<time>2026-09-28T00:51:26Z</time>
			</trkpt>
			<trkpt lat="49.27299084208399" lon="-123.10081418547355">
				<ele>6.523794203065336</ele>
				<time>2026-09-28T00:51:27Z</time>
			</trkpt>
			<trkpt lat="49.27299543819769" lon="-123.10085816552794">
				<ele>6.572834670543671</ele>
				<time>2026-09-28T00:51:28Z</time>
			</trkpt>
			<trkpt lat="49.27299854203087" lon="-123.10088786601132">
				<ele>6.6489013796672225</ele>
				<time>2026-09-28T00:51:29Z</time>
			</trkpt>
			<trkpt lat="49.27300147421463" lon="-123.10092137050431">
				<ele>6.815368412062526</ele>
				<time>2026-09-28T00:51:35Z</time>
			</trkpt>
			<trkpt lat="49.273001600247404" lon="-123.10092272175599">
				<ele>6.649370584636927</ele>
				<time>2026-09-28T00:51:40Z</time>
			</trkpt>
			<trkpt lat="49.27299506579415" lon="-123.10085460207006">
				<ele>8.901490557007492</ele>
				<time>2026-09-28T00:51:52Z</time>
			</trkpt>
			<trkpt lat="49.27300046930592" lon="-123.10091059643618">
				<ele>7.098929602652788</ele>
				<time>2026-09-28T00:52:03Z</time>
			</trkpt>
			<trkpt lat="49.2730051377659" lon="-123.10096064908437">
				<ele>6.956396338529885</ele>
				<time>2026-09-28T00:52:04Z</time>
			</trkpt>
			<trkpt lat="49.27301113406081" lon="-123.1010249380495">
				<ele>6.827228134498</ele>
				<time>2026-09-28T00:52:05Z</time>
			</trkpt>
			<trkpt lat="49.273017938282585" lon="-123.10109788916124">
				<ele>6.831625450402498</ele>
				<time>2026-09-28T00:52:06Z</time>
			</trkpt>
			<trkpt lat="49.27302618078784" lon="-123.10118626076046">
				<ele>6.93697071634233</ele>
				<time>2026-09-28T00:52:07Z</time>
			</trkpt>
			<trkpt lat="49.2730353977281" lon="-123.10128507967922">
				<ele>7.0449871849268675</ele>
				<time>2026-09-28T00:52:08Z</time>
			</trkpt>
			<trkpt lat="49.27304313751723" lon="-123.10138500626027">
				<ele>6.861733446829021</ele>
				<time>2026-09-28T00:52:09Z</time>
			</trkpt>
			<trkpt lat="49.273054884727145" lon="-123.10153318507007">
				<ele>6.659871123731136</ele>
				<time>2026-09-28T00:52:10Z</time>
			</trkpt>
			<trkpt lat="49.273065843526076" lon="-123.10168534261035">
				<ele>6.777173478156328</ele>
				<time>2026-09-28T00:52:11Z</time>
			</trkpt>
			<trkpt lat="49.2730795577159" lon="-123.1018445028763">
				<ele>6.452888993546367</ele>
				<time>2026-09-28T00:52:12Z</time>
			</trkpt>
			<trkpt lat="49.273097509568196" lon="-123.10195362386425">
				<ele>6.434251171536744</ele>
				<time>2026-09-28T00:52:13Z</time>
			</trkpt>
			<trkpt lat="49.273116930007696" lon="-123.1020357043367">
				<ele>6.163533010520041</ele>
				<time>2026-09-28T00:52:14Z</time>
			</trkpt>
			<trkpt lat="49.273635109644516" lon="-123.10203855595907">
				<ele>5.918434991501272</ele>
				<time>2026-09-28T00:52:15Z</time>
			</trkpt>
			<trkpt lat="49.273722877598345" lon="-123.10209773433114">
				<ele>5.930343672633171</ele>
				<time>2026-09-28T00:52:16Z</time>
			</trkpt>
			<trkpt lat="49.27381340588982" lon="-123.10213949009733">
				<ele>5.808917705900967</ele>
				<time>2026-09-28T00:52:17Z</time>
			</trkpt>
			<trkpt lat="49.2739105211973" lon="-123.10207990268663">
				<ele>5.940142045728862</ele>
				<time>2026-09-28T00:52:18Z</time>
			</trkpt>
			<trkpt lat="49.27400002864602" lon="-123.10210353970007">
				<ele>5.935890845954418</ele>
				<time>2026-09-28T00:52:19Z</time>
			</trkpt>
			<trkpt lat="49.274077167177744" lon="-123.10211886658584">
				<ele>5.854149604216218</ele>
				<time>2026-09-28T00:52:20Z</time>
			</trkpt>
			<trkpt lat="49.274164233661956" lon="-123.10215631861614">
				<ele>5.7761321645230055</ele>
				<time>2026-09-28T00:52:21Z</time>
			</trkpt>
			<trkpt lat="49.274255367700725" lon="-123.10217113850335">
				<ele>5.700215952470899</ele>
				<time>2026-09-28T00:52:22Z</time>
			</trkpt>
			<trkpt lat="49.274345042698876" lon="-123.1021849804322">
				<ele>5.605235766619444</ele>
				<time>2026-09-28T00:52:23Z</time>
			</trkpt>
			<trkpt lat="49.274429594947314" lon="-123.10220216954846">
				<ele>5.908764421008527</ele>
				<time>2026-09-28T00:52:24Z</time>
			</trkpt>
			<trkpt lat="49.274516190813635" lon="-123.10222032222994">
				<ele>6.342814953997731</ele>
				<time>2026-09-28T00:52:25Z</time>
			</trkpt>
			<trkpt lat="49.27460827295796" lon="-123.10223985893492">
				<ele>6.586176769807935</ele>
				<time>2026-09-28T00:52:26Z</time>
			</trkpt>
			<trkpt lat="49.27469673251518" lon="-123.10225808373917">
				<ele>6.454747167415917</ele>
				<time>2026-09-28T00:52:27Z</time>
			</trkpt>
			<trkpt lat="49.27478505744173" lon="-123.10227726548099">
				<ele>6.458752718754113</ele>
				<time>2026-09-28T00:52:28Z</time>
			</trkpt>
			<trkpt lat="49.2748747684232" lon="-123.10229531305394">
				<ele>6.714663271792233</ele>
				<time>2026-09-28T00:52:29Z</time>
			</trkpt>
			<trkpt lat="49.274962597142505" lon="-123.1023089756242">
				<ele>6.717556527815759</ele>
				<time>2026-09-28T00:52:30Z</time>
			</trkpt>
			<trkpt lat="49.27505269078026" lon="-123.10232335561464">
				<ele>6.753441614098847</ele>
				<time>2026-09-28T00:52:31Z</time>
			</trkpt>
			<trkpt lat="49.275144946011444" lon="-123.1023398952453">
				<ele>6.865416377782822</ele>
				<time>2026-09-28T00:52:32Z</time>
			</trkpt>
			<trkpt lat="49.275247478352966" lon="-123.10235607710781">
				<ele>6.880677301436663</ele>
				<time>2026-09-28T00:52:33Z</time>
			</trkpt>
			<trkpt lat="49.27535999951187" lon="-123.10237446034893">
				<ele>7.011118986643851</ele>
				<time>2026-09-28T00:52:34Z</time>
			</trkpt>
			<trkpt lat="49.2754744130222" lon="-123.10239333083369">
				<ele>7.050701770931482</ele>
				<time>2026-09-28T00:52:35Z</time>
			</trkpt>
			<trkpt lat="49.27559408912254" lon="-123.10241252390293">
				<ele>7.056638126261532</ele>
				<time>2026-09-28T00:52:36Z</time>
			</trkpt>
			<trkpt lat="49.27572683236809" lon="-123.1024353607149">
				<ele>7.112195875495672</ele>
				<time>2026-09-28T00:52:37Z</time>
			</trkpt>
			<trkpt lat="49.27585990592819" lon="-123.10245673775601">
				<ele>7.126766785979271</ele>
				<time>2026-09-28T00:52:38Z</time>
			</trkpt>
			<trkpt lat="49.275998167643685" lon="-123.1024792455004">
				<ele>7.214975669980049</ele>
				<time>2026-09-28T00:52:39Z</time>
			</trkpt>
			<trkpt lat="49.27614128723727" lon="-123.10250346658871">
				<ele>7.335539918392897</ele>
				<time>2026-09-28T00:52:40Z</time>
			</trkpt>
			<trkpt lat="49.27629032867801" lon="-123.10253256521176">
				<ele>7.2290188651531935</ele>
				<time>2026-09-28T00:52:41Z</time>
			</trkpt>
			<trkpt lat="49.27649418710733" lon="-123.10231990155386">
				<ele>6.7656137412413955</ele>
				<time>2026-09-28T00:52:42Z</time>
			</trkpt>
			<trkpt lat="49.27665742928355" lon="-123.10240998644042">
				<ele>6.010769478045404</ele>
				<time>2026-09-28T00:52:43Z</time>
			</trkpt>
			<trkpt lat="49.27681772569095" lon="-123.1025273286484">
				<ele>4.8612658670172095</ele>
				<time>2026-09-28T00:52:44Z</time>
			</trkpt>
			<trkpt lat="49.276971040341046" lon="-123.10266602090599">
				<ele>3.8151507498696446</ele>
				<time>2026-09-28T00:52:45Z</time>
			</trkpt>
			<trkpt lat="49.27711715526998" lon="-123.10282459958404">
				<ele>2.8272258415818214</ele>
				<time>2026-09-28T00:52:46Z</time>
			</trkpt>
			<trkpt lat="49.27724037263512" lon="-123.1029886626619">
				<ele>2.43977670930326</ele>
				<time>2026-09-28T00:52:47Z</time>
			</trkpt>
			<trkpt lat="49.277360838146386" lon="-123.10318526829217">
				<ele>2.1601422894746065</ele>
				<time>2026-09-28T00:52:48Z</time>
			</trkpt>
			<trkpt lat="49.27746318057006" lon="-123.10339071149056">
				<ele>2.2670558327808976</ele>
				<time>2026-09-28T00:52:49Z</time>
			</trkpt>
			<trkpt lat="49.277543468499694" lon="-123.10359351468504">
				<ele>2.8063997393473983</ele>
				<time>2026-09-28T00:52:50Z</time>
			</trkpt>
			<trkpt lat="49.277614424734104" lon="-123.1038041375084">
				<ele>3.659789804369211</ele>
				<time>2026-09-28T00:52:51Z</time>
			</trkpt>
			<trkpt lat="49.27767282038724" lon="-123.10403962263767">
				<ele>4.18883159942925</ele>
				<time>2026-09-28T00:52:52Z</time>
			</trkpt>
			<trkpt lat="49.27771177716148" lon="-123.10427668628473">
				<ele>4.482477438636124</ele>
				<time>2026-09-28T00:52:53Z</time>
			</trkpt>
			<trkpt lat="49.277742730039115" lon="-123.1044821672806">
				<ele>5.411087249405682</ele>
				<time>2026-09-28T00:52:54Z</time>
			</trkpt>
			<trkpt lat="49.277779636114744" lon="-123.10472928880253">
				<ele>5.549171872437</ele>
				<time>2026-09-28T00:52:55Z</time>
			</trkpt>
			<trkpt lat="49.2778161221642" lon="-123.10497269808343">
				<ele>5.930887202732265</ele>
				<time>2026-09-28T00:52:56Z</time>
			</trkpt>
			<trkpt lat="49.27785393354159" lon="-123.10522049117532">
				<ele>5.967148729600012</ele>
				<time>2026-09-28T00:52:57Z</time>
			</trkpt>
			<trkpt lat="49.27789259833368" lon="-123.1054675098661">
				<ele>5.817278153263032</ele>
				<time>2026-09-28T00:52:58Z</time>
			</trkpt>
			<trkpt lat="49.277932997904806" lon="-123.10573567222434">
				<ele>6.079057887196541</ele>
				<time>2026-09-28T00:52:59Z</time>
			</trkpt>
			<trkpt lat="49.27798151236776" lon="-123.10596957150959">
				<ele>6.548022624105215</ele>
				<time>2026-09-28T00:53:00Z</time>
			</trkpt>
			<trkpt lat="49.278031716844396" lon="-123.10621805718603">
				<ele>6.934504594653845</ele>
				<time>2026-09-28T00:53:01Z</time>
			</trkpt>
			<trkpt lat="49.278082077030305" lon="-123.10643212824694">
				<ele>7.029374695383012</ele>
				<time>2026-09-28T00:53:02Z</time>
			</trkpt>
			<trkpt lat="49.278146415608745" lon="-123.10664054375698">
				<ele>6.4233223823830485</ele>
				<time>2026-09-28T00:53:03Z</time>
			</trkpt>
			<trkpt lat="49.278215533364495" lon="-123.10682239406553">
				<ele>6.831197823397815</ele>
				<time>2026-09-28T00:53:04Z</time>
			</trkpt>
			<trkpt lat="49.2781464124447" lon="-123.10718722431785">
				<ele>7.288068477064371</ele>
				<time>2026-09-28T00:53:05Z</time>
			</trkpt>
			<trkpt lat="49.27824466522572" lon="-123.10739140219724">
				<ele>7.275766484439373</ele>
				<time>2026-09-28T00:53:06Z</time>
			</trkpt>
			<trkpt lat="49.27835443662429" lon="-123.10758410853995">
				<ele>7.079313685186207</ele>
				<time>2026-09-28T00:53:07Z</time>
			</trkpt>
			<trkpt lat="49.27847702161511" lon="-123.10776486971892">
				<ele>6.523551096208394</ele>
				<time>2026-09-28T00:53:08Z</time>
			</trkpt>
			<trkpt lat="49.27859135225312" lon="-123.10793520492773">
				<ele>5.271261455491185</ele>
				<time>2026-09-28T00:53:09Z</time>
			</trkpt>
			<trkpt lat="49.278697322153604" lon="-123.10809407001403">
				<ele>5.19185914285481</ele>
				<time>2026-09-28T00:53:10Z</time>
			</trkpt>
			<trkpt lat="49.278799491469805" lon="-123.10827476028918">
				<ele>4.472246875986457</ele>
				<time>2026-09-28T00:53:11Z</time>
			</trkpt>
			<trkpt lat="49.2788961193099" lon="-123.1084346749493">
				<ele>4.097948343493044</ele>
				<time>2026-09-28T00:53:12Z</time>
			</trkpt>
			<trkpt lat="49.278845719548926" lon="-123.10880401888812">
				<ele>4.713600852526724</ele>
				<time>2026-09-28T00:53:13Z</time>
			</trkpt>
			<trkpt lat="49.27892793805187" lon="-123.10891419022262">
				<ele>4.815003949217498</ele>
				<time>2026-09-28T00:53:14Z</time>
			</trkpt>
			<trkpt lat="49.27901000260858" lon="-123.10902565320812">
				<ele>5.359901579096913</ele>
				<time>2026-09-28T00:53:15Z</time>
			</trkpt>
			<trkpt lat="49.27908629625682" lon="-123.10913029280665">
				<ele>5.803715484216809</ele>
				<time>2026-09-28T00:53:16Z</time>
			</trkpt>
			<trkpt lat="49.279155585459854" lon="-123.10923196844342">
				<ele>6.628886374644935</ele>
				<time>2026-09-28T00:53:17Z</time>
			</trkpt>
			<trkpt lat="49.27921791305527" lon="-123.10932590940627">
				<ele>7.420762232504785</ele>
				<time>2026-09-28T00:53:18Z</time>
			</trkpt>
			<trkpt lat="49.27927702037075" lon="-123.10941363935285">
				<ele>7.182829113677144</ele>
				<time>2026-09-28T00:53:19Z</time>
			</trkpt>
			<trkpt lat="49.27932479234508" lon="-123.10948460306014">
				<ele>8.083671760745347</ele>
				<time>2026-09-28T00:53:20Z</time>
			</trkpt>
			<trkpt lat="49.279368924804" lon="-123.10955068013322">
				<ele>7.952934483997524</ele>
				<time>2026-09-28T00:53:21Z</time>
			</trkpt>
			<trkpt lat="49.27939500129376" lon="-123.10958966385242">
				<ele>8.909725366160274</ele>
				<time>2026-09-28T00:53:22Z</time>
			</trkpt>
			<trkpt lat="49.279415666615705" lon="-123.10962002739646">
				<ele>8.479556357488036</ele>
				<time>2026-09-28T00:53:23Z</time>
			</trkpt>
			<trkpt lat="49.27942257725787" lon="-123.10963017729448">
				<ele>9.271240260452032</ele>
				<time>2026-09-28T00:53:26Z</time>
			</trkpt>
		</trkseg>
	</trk>
</gpx>
